{
    "type": "minecraft:crafting_shaped",
    "pattern": [
        "GHG",
        " I ",
        " I "
    ],
    "key": {
        "I": "minecraft:stick",
        "G": "minecraft:diamond",
        "H": "minecraft:amethyst_shard"
    },
    "result": {
        "id": "minecraft:diamond_pickaxe",
        "components": {
        "minecraft:custom_model_data": {"floats":[101]},
        "minecraft:max_damage": 600,
        "minecraft:lore": [
            {"text":"Vein Mining","italic":false,"color":"gray"}
        ],
        "minecraft:item_name": {"text":"Diamond Excavator","italic":false}
        },
        "count": 1
    }
}