{
    "type": "minecraft:crafting_shaped",
    "pattern": [
        "G G",
        "I I",
        "III"
    ],
    "key": {
        "I": "minecraft:copper_ingot",
        "G": "minecraft:iron_ingot"
    },
    "result": {
        "id": "minecraft:paper",
        "components": {
        "minecraft:custom_model_data": {"floats":[100]},
        "minecraft:lore": [
            {"text":"Radius : ","italic":false,"color":"gray"},
            {"text":"4","italic":false,"color":"green"}
        ],
        "minecraft:item_name": {"text":"Item Magnet","italic":false}
        },
        "count": 1
    }
}