{
    "model": {
        "type": "range_dispatch",
        "property": "custom_model_data",
        "entries": [
            {
                "threshold": 100,
                "model": {
                    "type": "model",
                    "model": "juix_resources:item/leaves_bridge_egg"
                }
            },
            {
                "threshold": 101,
                "model": {
                    "type": "model",
                    "model": "juix_resources:item/ice_bridge_egg"
                }
            }
        ],
        "fallback": {
            "type": "model",
            "model": "item/egg"
        }
    }
}