{
    "type": "minecraft:crafting_shapeless",
    "ingredients": [
        "minecraft:fire_charge",
        "minecraft:amethyst_shard"
    ],
    "result": {
        "id": "minecraft:carrot_on_a_stick",
        "components": {
        "minecraft:custom_model_data": {"floats":[111]},
        "minecraft:damage": 0,
        "!minecraft:max_damage": {},
        "minecraft:max_stack_size": 16,
        "minecraft:lore": [
            [{"text":"Power : ","italic":false,"color":"gray"},{"text":"4","italic":false,"color":"red"}]
        ],
        "minecraft:item_name": {"text":"Super Fireball","italic":false}
        },
        "count": 1
    }
}