{
 "parent": "item/handheld",
 "textures": {
  "layer0": "item/paper"
 },
 "overrides": [
  { "predicate": { "custom_model_data": 1}, "model": "item/paper/menu_no_icon" },
  { "predicate": { "custom_model_data": 2}, "model": "item/special_items/item_magnet" },
  { "predicate": { "custom_model_data": 3}, "model": "item/special_items/super_item_magnet" },
  { "predicate": { "custom_model_data": 4}, "model": "item/paper/menu_4" },
  { "predicate": { "custom_model_data": 5}, "model": "item/paper/menu_5" },
  { "predicate": { "custom_model_data": 6}, "model": "item/paper/menu_6" },
  { "predicate": { "custom_model_data": 7}, "model": "item/paper/menu_7" },
  { "predicate": { "custom_model_data": 8}, "model": "item/paper/menu_8" },
  { "predicate": { "custom_model_data": 9}, "model": "item/paper/menu_9" },
  { "predicate": { "custom_model_data": 10}, "model": "item/paper/menu_10" },
  { "predicate": { "custom_model_data": 11}, "model": "item/paper/menu_11" },
  { "predicate": { "custom_model_data": 12}, "model": "item/paper/menu_12" },
  { "predicate": { "custom_model_data": 13}, "model": "item/paper/menu_13" },
  { "predicate": { "custom_model_data": 14}, "model": "item/paper/menu_14" },
  { "predicate": { "custom_model_data": 15}, "model": "item/paper/menu_15" },
  { "predicate": { "custom_model_data": 16}, "model": "item/paper/menu_16" },
  { "predicate": { "custom_model_data": 17}, "model": "item/paper/menu_17" },
  { "predicate": { "custom_model_data": 18}, "model": "item/paper/menu_18" },
  { "predicate": { "custom_model_data": 19}, "model": "item/paper/menu_19" },
  { "predicate": { "custom_model_data": 20}, "model": "item/paper/menu_20" },
  { "predicate": { "custom_model_data": 21}, "model": "item/paper/menu_21" },
  { "predicate": { "custom_model_data": 22}, "model": "item/paper/menu_22" },
  { "predicate": { "custom_model_data": 23}, "model": "item/paper/menu_23" },
  { "predicate": { "custom_model_data": 24}, "model": "item/paper/menu_24" },
  { "predicate": { "custom_model_data": 25}, "model": "item/paper/menu_25" },
  { "predicate": { "custom_model_data": 26}, "model": "item/paper/menu_26" },
  { "predicate": { "custom_model_data": 27}, "model": "item/paper/menu_27" },
  { "predicate": { "custom_model_data": 28}, "model": "item/paper/menu_28" },
  { "predicate": { "custom_model_data": 29}, "model": "item/paper/menu_29" },
  { "predicate": { "custom_model_data": 30}, "model": "item/paper/menu_30" },
  { "predicate": { "custom_model_data": 31}, "model": "item/paper/menu_31" },
  { "predicate": { "custom_model_data": 32}, "model": "item/paper/menu_32" },
  { "predicate": { "custom_model_data": 33}, "model": "item/paper/menu_33" },
  { "predicate": { "custom_model_data": 34}, "model": "item/paper/menu_34" },
  { "predicate": { "custom_model_data": 35}, "model": "item/paper/menu_35" },
  { "predicate": { "custom_model_data": 36}, "model": "item/paper/menu_36" },
  { "predicate": { "custom_model_data": 37}, "model": "item/paper/menu_37" },
  { "predicate": { "custom_model_data": 38}, "model": "item/paper/menu_38" },
  { "predicate": { "custom_model_data": 39}, "model": "item/paper/menu_39" },
  { "predicate": { "custom_model_data": 40}, "model": "item/paper/menu_40" },
  { "predicate": { "custom_model_data": 41}, "model": "item/paper/menu_41" },
  { "predicate": { "custom_model_data": 42}, "model": "item/paper/menu_42" },
  { "predicate": { "custom_model_data": 43}, "model": "item/paper/menu_43" },
  { "predicate": { "custom_model_data": 44}, "model": "item/paper/menu_44" },
  { "predicate": { "custom_model_data": 45}, "model": "item/paper/menu_45" },
  { "predicate": { "custom_model_data": 46}, "model": "item/paper/menu_46" },
  { "predicate": { "custom_model_data": 47}, "model": "item/paper/menu_47" },
  { "predicate": { "custom_model_data": 48}, "model": "item/paper/menu_48" },
  { "predicate": { "custom_model_data": 49}, "model": "item/paper/menu_49" },
  { "predicate": { "custom_model_data": 50}, "model": "item/paper/menu_50" },
  { "predicate": { "custom_model_data": 51}, "model": "item/paper/menu_51" },
  { "predicate": { "custom_model_data": 52}, "model": "item/paper/menu_52" },
  { "predicate": { "custom_model_data": 53}, "model": "item/paper/menu_53" },
  { "predicate": { "custom_model_data": 54}, "model": "item/paper/menu_54" },
  { "predicate": { "custom_model_data": 55}, "model": "item/paper/menu_55" },
  { "predicate": { "custom_model_data": 56}, "model": "item/paper/menu_56" },
  { "predicate": { "custom_model_data": 57}, "model": "item/paper/menu_57" },
  { "predicate": { "custom_model_data": 58}, "model": "item/paper/menu_58" },
  { "predicate": { "custom_model_data": 59}, "model": "item/paper/menu_59" },
  { "predicate": { "custom_model_data": 60}, "model": "item/paper/menu_60" },
  { "predicate": { "custom_model_data": 61}, "model": "item/paper/menu_61" },
  { "predicate": { "custom_model_data": 62}, "model": "item/paper/menu_62" },
  { "predicate": { "custom_model_data": 63}, "model": "item/paper/menu_63" },
  { "predicate": { "custom_model_data": 64}, "model": "item/paper/menu_64" },
  { "predicate": { "custom_model_data": 65}, "model": "item/paper/menu_65" },
  { "predicate": { "custom_model_data": 66}, "model": "item/paper/menu_66" },
  { "predicate": { "custom_model_data": 67}, "model": "item/paper/menu_67" },
  { "predicate": { "custom_model_data": 68}, "model": "item/paper/menu_68" },
  { "predicate": { "custom_model_data": 69}, "model": "item/paper/menu_69" },
  { "predicate": { "custom_model_data": 70}, "model": "item/paper/menu_70" },
  { "predicate": { "custom_model_data": 71}, "model": "item/paper/menu_71" },
  { "predicate": { "custom_model_data": 72}, "model": "item/paper/menu_72" },
  { "predicate": { "custom_model_data": 73}, "model": "item/paper/menu_73" },
  { "predicate": { "custom_model_data": 74}, "model": "item/paper/menu_74" },
  { "predicate": { "custom_model_data": 75}, "model": "item/paper/menu_75" },
  { "predicate": { "custom_model_data": 76}, "model": "item/paper/menu_76" },
  { "predicate": { "custom_model_data": 77}, "model": "item/paper/menu_77" },
  { "predicate": { "custom_model_data": 78}, "model": "item/paper/menu_78" },
  { "predicate": { "custom_model_data": 79}, "model": "item/paper/menu_79" },
  { "predicate": { "custom_model_data": 80}, "model": "item/paper/menu_80" },
  { "predicate": { "custom_model_data": 81}, "model": "item/paper/menu_81" },
  { "predicate": { "custom_model_data": 82}, "model": "item/paper/menu_82" },
  { "predicate": { "custom_model_data": 83}, "model": "item/paper/menu_83" },
  { "predicate": { "custom_model_data": 84}, "model": "item/paper/menu_84" },
  { "predicate": { "custom_model_data": 85}, "model": "item/paper/menu_85" },
  { "predicate": { "custom_model_data": 86}, "model": "item/paper/menu_86" },
  { "predicate": { "custom_model_data": 87}, "model": "item/paper/menu_87" },
  { "predicate": { "custom_model_data": 88}, "model": "item/paper/menu_88" },
  { "predicate": { "custom_model_data": 89}, "model": "item/paper/menu_89" },
  { "predicate": { "custom_model_data": 90}, "model": "item/paper/menu_90" },
  { "predicate": { "custom_model_data": 91}, "model": "item/paper/menu_91" },
  { "predicate": { "custom_model_data": 92}, "model": "item/paper/menu_92" },
  { "predicate": { "custom_model_data": 93}, "model": "item/paper/menu_93" },
  { "predicate": { "custom_model_data": 94}, "model": "item/paper/menu_94" },
  { "predicate": { "custom_model_data": 95}, "model": "item/paper/menu_95" },
  { "predicate": { "custom_model_data": 96}, "model": "item/paper/menu_96" },
  { "predicate": { "custom_model_data": 97}, "model": "item/paper/menu_97" },
  { "predicate": { "custom_model_data": 98}, "model": "item/paper/menu_98" },
  { "predicate": { "custom_model_data": 99}, "model": "item/paper/menu_99" },
  { "predicate": { "custom_model_data": 100}, "model": "item/paper/menu_100" },
  
  { "predicate": { "custom_model_data": 101}, "model": "item/iron_ingot" },
  { "predicate": { "custom_model_data": 102}, "model": "item/gold_ingot" },
  { "predicate": { "custom_model_data": 103}, "model": "item/lapis_lazuli" },
  { "predicate": { "custom_model_data": 104}, "model": "item/diamond" },
  { "predicate": { "custom_model_data": 105}, "model": "item/netherite_ingot" },
  { "predicate": { "custom_model_data": 106}, "model": "item/ender_pearl" },
  { "predicate": { "custom_model_data": 107}, "model": "item/cooked_beef" },
  { "predicate": { "custom_model_data": 108}, "model": "item/apple" },
  { "predicate": { "custom_model_data": 109}, "model": "item/string" },
  { "predicate": { "custom_model_data": 110}, "model": "item/leather" },
  { "predicate": { "custom_model_data": 111}, "model": "item/arrow" },
  { "predicate": { "custom_model_data": 112}, "model": "item/paper/menu_112" },
  { "predicate": { "custom_model_data": 113}, "model": "item/paper/menu_113" },
  { "predicate": { "custom_model_data": 114}, "model": "block/white_wool" },
  { "predicate": { "custom_model_data": 115}, "model": "block/glass" },
  { "predicate": { "custom_model_data": 116}, "model": "block/crimson_planks" },
  { "predicate": { "custom_model_data": 117}, "model": "item/enchanted_book" },
  { "predicate": { "custom_model_data": 118}, "model": "item/enchanted_book" },
  { "predicate": { "custom_model_data": 119}, "model": "item/special_items/lit_tnt" },
  { "predicate": { "custom_model_data": 120}, "model": "item/stick" },
  { "predicate": { "custom_model_data": 121}, "model": "item/special_items/void_miner" },
  { "predicate": { "custom_model_data": 122}, "model": "item/special_items/mineral_hunter" },
  { "predicate": { "custom_model_data": 123}, "model": "item/special_items/mutated_sponge" },
  { "predicate": { "custom_model_data": 124}, "model": "item/special_items/obsidian_gb" },
  { "predicate": { "custom_model_data": 125}, "model": "item/special_items/stone_gb" },
  { "predicate": { "custom_model_data": 126}, "model": "item/special_items/grass_gb" },
  { "predicate": { "custom_model_data": 127}, "model": "item/special_items/gb_delete" },
  { "predicate": { "custom_model_data": 128}, "model": "item/compass" },
  { "predicate": { "custom_model_data": 129}, "model": "item/special_items/leaves_bridge_egg" },
  { "predicate": { "custom_model_data": 130}, "model": "item/special_items/ice_bridge_egg" },
  { "predicate": { "custom_model_data": 131}, "model": "item/special_items/water_bridge_egg" },
  { "predicate": { "custom_model_data": 132}, "model": "item/special_items/lava_bridge_egg" },
  { "predicate": { "custom_model_data": 133}, "model": "item/special_items/fb1" },
  { "predicate": { "custom_model_data": 134}, "model": "item/special_items/fb2" },
  { "predicate": { "custom_model_data": 135}, "model": "item/special_items/fb3" },
  { "predicate": { "custom_model_data": 136}, "model": "item/special_items/fb4" },
  { "predicate": { "custom_model_data": 137}, "model": "item/special_items/hyper_snowball" },
  { "predicate": { "custom_model_data": 138}, "model": "item/potion" },
  { "predicate": { "custom_model_data": 139}, "model": "item/potion" },
  { "predicate": { "custom_model_data": 140}, "model": "item/potion" },
  { "predicate": { "custom_model_data": 141}, "model": "item/potion" },
  { "predicate": { "custom_model_data": 142}, "model": "item/splash_potion" },
  { "predicate": { "custom_model_data": 143}, "model": "item/splash_potion" },
  { "predicate": { "custom_model_data": 144}, "model": "item/special_items/nitro" },
  { "predicate": { "custom_model_data": 145}, "model": "item/special_items/jetpack" },
  { "predicate": { "custom_model_data": 146}, "model": "item/special_items/dynamite" },
  { "predicate": { "custom_model_data": 147}, "model": "item/special_items/ptrident" },
  { "predicate": { "custom_model_data": 148}, "model": "item/special_items/tp1" },
  { "predicate": { "custom_model_data": 149}, "model": "item/special_items/vision" },
  { "predicate": { "custom_model_data": 150}, "model": "item/special_items/platform" },
  { "predicate": { "custom_model_data": 151}, "model": "block/lime_glazed_terracotta" },
  { "predicate": { "custom_model_data": 152}, "model": "block/green_glazed_terracotta" },
  { "predicate": { "custom_model_data": 153}, "model": "block/light_blue_glazed_terracotta" },
  { "predicate": { "custom_model_data": 154}, "model": "item/special_items/bomb1" },
  { "predicate": { "custom_model_data": 155}, "model": "item/special_items/bomb2" },
  { "predicate": { "custom_model_data": 156}, "model": "item/special_items/bomb3" },
  { "predicate": { "custom_model_data": 157}, "model": "item/special_items/bomb4" },
  { "predicate": { "custom_model_data": 158}, "model": "item/special_items/bomb5" },
  { "predicate": { "custom_model_data": 159}, "model": "block/light_weighted_pressure_plate" },
  { "predicate": { "custom_model_data": 160}, "model": "item/flint" },
  { "predicate": { "custom_model_data": 161}, "model": "item/paper" },
  { "predicate": { "custom_model_data": 162}, "model": "item/wheat" },
  { "predicate": { "custom_model_data": 163}, "model": "item/potato" },
  { "predicate": { "custom_model_data": 164}, "model": "item/carrot" },
  { "predicate": { "custom_model_data": 165}, "model": "item/feather" },
  { "predicate": { "custom_model_data": 166}, "model": "block/white_wool" },
  { "predicate": { "custom_model_data": 167}, "model": "block/obsidian" },
  { "predicate": { "custom_model_data": 168}, "model": "item/emerald" },
  { "predicate": { "custom_model_data": 169}, "model": "block/cobblestone" },
  { "predicate": { "custom_model_data": 170}, "model": "block/redstone_block" },
  { "predicate": { "custom_model_data": 171}, "model": "item/experience_bottle" },
  { "predicate": { "custom_model_data": 172}, "model": "item/paper/menu_172" },
  { "predicate": { "custom_model_data": 173}, "model": "item/paper/menu_173" },
  { "predicate": { "custom_model_data": 174}, "model": "item/paper/menu_174" },
  { "predicate": { "custom_model_data": 175}, "model": "item/paper/menu_175" },
  { "predicate": { "custom_model_data": 176}, "model": "item/paper/menu_176" },
  { "predicate": { "custom_model_data": 177}, "model": "item/paper/menu_177" },
  { "predicate": { "custom_model_data": 178}, "model": "item/paper/menu_178" },
  { "predicate": { "custom_model_data": 179}, "model": "item/paper/menu_179" },
  { "predicate": { "custom_model_data": 180}, "model": "item/paper/menu_180" },
  { "predicate": { "custom_model_data": 181}, "model": "item/paper/menu_181" },
  { "predicate": { "custom_model_data": 182}, "model": "item/paper/menu_182" },
  { "predicate": { "custom_model_data": 183}, "model": "item/paper/menu_183" },
  { "predicate": { "custom_model_data": 184}, "model": "item/paper/menu_184" },
  { "predicate": { "custom_model_data": 185}, "model": "item/paper/menu_185" },
  { "predicate": { "custom_model_data": 186}, "model": "item/paper/menu_186" },
  { "predicate": { "custom_model_data": 187}, "model": "item/paper/menu_187" },
  { "predicate": { "custom_model_data": 188}, "model": "item/paper/menu_188" },
  { "predicate": { "custom_model_data": 189}, "model": "item/paper/menu_189" },
  { "predicate": { "custom_model_data": 190}, "model": "item/paper/menu_190" },
  { "predicate": { "custom_model_data": 191}, "model": "item/paper/menu_191" },
  { "predicate": { "custom_model_data": 192}, "model": "item/paper/menu_192" },
  { "predicate": { "custom_model_data": 193}, "model": "item/paper/menu_193" },
  { "predicate": { "custom_model_data": 194}, "model": "item/paper/menu_194" },
  { "predicate": { "custom_model_data": 195}, "model": "item/paper/menu_195" },
  { "predicate": { "custom_model_data": 196}, "model": "item/paper/menu_196" },
  { "predicate": { "custom_model_data": 197}, "model": "item/paper/menu_197" },
  { "predicate": { "custom_model_data": 198}, "model": "item/paper/menu_198" },
  { "predicate": { "custom_model_data": 199}, "model": "item/paper/menu_199" },
  { "predicate": { "custom_model_data": 200}, "model": "item/paper/menu_200" },
  { "predicate": { "custom_model_data": 201}, "model": "item/paper/menu_201" },
  { "predicate": { "custom_model_data": 202}, "model": "item/paper/menu_202" },
  { "predicate": { "custom_model_data": 203}, "model": "item/paper/menu_203" },
  { "predicate": { "custom_model_data": 204}, "model": "item/paper/menu_204" },
  { "predicate": { "custom_model_data": 205}, "model": "item/paper/menu_205" },
  { "predicate": { "custom_model_data": 206}, "model": "item/paper/menu_206" },
  { "predicate": { "custom_model_data": 207}, "model": "item/wolf_spawn_egg/1" },
  { "predicate": { "custom_model_data": 208}, "model": "item/wolf_spawn_egg/2" },
  { "predicate": { "custom_model_data": 209}, "model": "item/wolf_spawn_egg/3" },
  { "predicate": { "custom_model_data": 210}, "model": "item/wolf_spawn_egg/4" },
  { "predicate": { "custom_model_data": 211}, "model": "item/paper/menu_199" },
  { "predicate": { "custom_model_data": 212}, "model": "item/paper/menu_200" },
  { "predicate": { "custom_model_data": 213}, "model": "item/paper/menu_201" },
  { "predicate": { "custom_model_data": 214}, "model": "item/paper/menu_202" },
  { "predicate": { "custom_model_data": 215}, "model": "item/special_items/stone_tree_axe" },
  { "predicate": { "custom_model_data": 216}, "model": "item/special_items/iron_tree_axe" },
  { "predicate": { "custom_model_data": 217}, "model": "item/special_items/diamond_tree_axe" },
  { "predicate": { "custom_model_data": 218}, "model": "item/paper/menu_207" },
  { "predicate": { "custom_model_data": 219}, "model": "item/paper/menu_208" },

  { "predicate": { "custom_model_data": 900}, "model": "item/paper/menu_900" },
  { "predicate": { "custom_model_data": 901}, "model": "item/paper/menu_901" },
  { "predicate": { "custom_model_data": 902}, "model": "item/paper/menu_902" },
  { "predicate": { "custom_model_data": 903}, "model": "item/paper/menu_903" },
  { "predicate": { "custom_model_data": 904}, "model": "item/paper/menu_904" },
  { "predicate": { "custom_model_data": 905}, "model": "item/paper/menu_905" },

  { "predicate": { "custom_model_data": 1000}, "model": "item/paper/back" },
  { "predicate": { "custom_model_data": 1001}, "model": "item/paper/next" },
  { "predicate": { "custom_model_data": 1002}, "model": "item/paper/no_next" },
  { "predicate": { "custom_model_data": 1003}, "model": "item/paper/previous" },
  { "predicate": { "custom_model_data": 1004}, "model": "item/paper/no_previous" },
  { "predicate": { "custom_model_data": 1005}, "model": "item/paper/menu_no_icon_left" },
  { "predicate": { "custom_model_data": 1006}, "model": "item/paper/menu_no_icon_middle" },
  { "predicate": { "custom_model_data": 1007}, "model": "item/paper/menu_no_icon_right" },
  { "predicate": { "custom_model_data": 1008}, "model": "item/special_items/turret" },
  { "predicate": { "custom_model_data": 1009}, "model": "item/special_items/turret2" },
  { "predicate": { "custom_model_data": 1010}, "model": "item/paper/confirm" }
 ]
}