{
	"format_version": "1.21.6",
	"credit": "Made with Blockbench",
	"textures": {
		"0": "item/tnt/atomic_bomb",
		"1": "item/tnt/nuclear_icon",
		"particle": "item/tnt/atomic_bomb"
	},
	"elements": [
		{
			"from": [2.5, 0, 2.5],
			"to": [6, 3, 6],
			"rotation": {"angle": 0, "axis": "y", "origin": [-12, 4, 0]},
			"faces": {
				"north": {"uv": [8, 8.04545, 11, 11], "texture": "#0"},
				"east": {"uv": [8, 8.04545, 11, 11], "texture": "#0"},
				"south": {"uv": [8, 8.04545, 11, 11], "texture": "#0"},
				"west": {"uv": [8, 8.04545, 11, 11], "texture": "#0"},
				"up": {"uv": [8, 8.04545, 11, 11], "texture": "#0"},
				"down": {"uv": [8, 8.04545, 11, 11], "texture": "#0"}
			}
		},
		{
			"from": [10, 0, 2.5],
			"to": [13.5, 3, 6],
			"rotation": {"angle": 0, "axis": "y", "origin": [-2, 4, 0]},
			"faces": {
				"north": {"uv": [8, 8.04545, 11, 11], "texture": "#0"},
				"east": {"uv": [14, 0, 14, 3], "rotation": 270, "texture": "#0"},
				"south": {"uv": [8, 8.04545, 11, 11], "texture": "#0"},
				"west": {"uv": [8, 8.04545, 11, 11], "texture": "#0"},
				"up": {"uv": [8, 8.04545, 11, 11], "texture": "#0"},
				"down": {"uv": [8, 8.04545, 11, 11], "texture": "#0"}
			}
		},
		{
			"from": [10, 0, 10],
			"to": [13.5, 3, 13.5],
			"rotation": {"angle": 0, "axis": "y", "origin": [-2, 4, 10]},
			"faces": {
				"north": {"uv": [8, 8.04545, 11, 11], "texture": "#0"},
				"east": {"uv": [8, 8.04545, 11, 11], "texture": "#0"},
				"south": {"uv": [8, 8.04545, 11, 11], "texture": "#0"},
				"west": {"uv": [8, 8.04545, 11, 11], "texture": "#0"},
				"up": {"uv": [8, 8.04545, 11, 11], "texture": "#0"},
				"down": {"uv": [8, 8.04545, 11, 11], "texture": "#0"}
			}
		},
		{
			"from": [4, 18, 4],
			"to": [12, 19, 12],
			"rotation": {"angle": 0, "axis": "y", "origin": [-5, 17, 5]},
			"faces": {
				"north": {"uv": [8, 8, 7.5, 0.5], "rotation": 270, "texture": "#0"},
				"east": {"uv": [8, 0, 7.5, 8], "rotation": 270, "texture": "#0"},
				"south": {"uv": [0.5, 7.5, 0, 0], "rotation": 90, "texture": "#0"},
				"west": {"uv": [0.5, 0, 0, 8], "rotation": 90, "texture": "#0"},
				"up": {"uv": [8, 0, 0, 8], "rotation": 180, "texture": "#0"},
				"down": {"uv": [8, 0, 0, 8], "rotation": 180, "texture": "#0"}
			}
		},
		{
			"from": [2, 16, 4],
			"to": [14, 18, 12],
			"rotation": {"angle": 0, "axis": "y", "origin": [-5, 17, 5]},
			"faces": {
				"north": {"uv": [8, 8, 7.5, 0.5], "rotation": 270, "texture": "#0"},
				"east": {"uv": [8, 0, 7.5, 8], "rotation": 270, "texture": "#0"},
				"south": {"uv": [0.5, 7.5, 0, 0], "rotation": 90, "texture": "#0"},
				"west": {"uv": [0.5, 0, 0, 8], "rotation": 90, "texture": "#0"},
				"up": {"uv": [8, 0, 0, 8], "rotation": 180, "texture": "#0"},
				"down": {"uv": [8, 0, 0, 8], "rotation": 180, "texture": "#0"}
			}
		},
		{
			"from": [4, 16, 2],
			"to": [12, 18, 14],
			"rotation": {"angle": 0, "axis": "y", "origin": [-5, 17, 5]},
			"faces": {
				"north": {"uv": [8, 8, 7.5, 0.5], "rotation": 270, "texture": "#0"},
				"east": {"uv": [8, 0, 7.5, 8], "rotation": 270, "texture": "#0"},
				"south": {"uv": [0.5, 7.5, 0, 0], "rotation": 90, "texture": "#0"},
				"west": {"uv": [0.5, 0, 0, 8], "rotation": 90, "texture": "#0"},
				"up": {"uv": [8, 0, 0, 8], "rotation": 180, "texture": "#0"},
				"down": {"uv": [8, 0, 0, 8], "rotation": 180, "texture": "#0"}
			}
		},
		{
			"from": [2, 4, 4],
			"to": [14, 7, 12],
			"rotation": {"angle": 0, "axis": "y", "origin": [-5, 5, 5]},
			"faces": {
				"north": {"uv": [16, 0, 8, 8], "rotation": 90, "texture": "#0"},
				"east": {"uv": [16, 0, 8, 8], "rotation": 90, "texture": "#0"},
				"south": {"uv": [16, 0, 8, 8], "rotation": 90, "texture": "#0"},
				"west": {"uv": [16, 0, 8, 8], "rotation": 90, "texture": "#0"},
				"up": {"uv": [16, 0, 8, 8], "rotation": 180, "texture": "#0"},
				"down": {"uv": [8.5, 7.5, 8, 8], "rotation": 180, "texture": "#0"}
			}
		},
		{
			"from": [4, 4, 2],
			"to": [12, 7, 14],
			"rotation": {"angle": 0, "axis": "y", "origin": [-5, 5, 5]},
			"faces": {
				"north": {"uv": [16, 0, 8, 8], "rotation": 90, "texture": "#0"},
				"east": {"uv": [16, 0, 15.5, 8], "rotation": 270, "texture": "#0"},
				"south": {"uv": [16, 0, 8, 8], "rotation": 90, "texture": "#0"},
				"west": {"uv": [16, 0, 8, 8], "rotation": 90, "texture": "#0"},
				"up": {"uv": [16, 0, 8, 8], "rotation": 180, "texture": "#0"},
				"down": {"uv": [8.5, 7.5, 8, 8], "rotation": 180, "texture": "#0"}
			}
		},
		{
			"from": [3, 2, 5],
			"to": [13, 4, 11],
			"rotation": {"angle": 0, "axis": "y", "origin": [-5, 4, 5]},
			"faces": {
				"north": {"uv": [16, 8, 15.5, 0.5], "rotation": 270, "texture": "#0"},
				"east": {"uv": [16, 0, 15.5, 8], "rotation": 270, "texture": "#0"},
				"south": {"uv": [8.5, 7.5, 8, 0], "rotation": 90, "texture": "#0"},
				"west": {"uv": [8.5, 0, 8, 8], "rotation": 90, "texture": "#0"},
				"up": {"uv": [16, 0, 8, 8], "rotation": 180, "texture": "#0"},
				"down": {"uv": [8.5, 7.5, 8, 8], "rotation": 180, "texture": "#0"}
			}
		},
		{
			"from": [5, 2, 3],
			"to": [11, 4, 13],
			"rotation": {"angle": 0, "axis": "y", "origin": [-5, 4, 5]},
			"faces": {
				"north": {"uv": [16, 8, 15.5, 0.5], "rotation": 270, "texture": "#0"},
				"east": {"uv": [16, 0, 15.5, 8], "rotation": 270, "texture": "#0"},
				"south": {"uv": [8.5, 7.5, 8, 0], "rotation": 90, "texture": "#0"},
				"west": {"uv": [8.5, 0, 8, 8], "rotation": 90, "texture": "#0"},
				"up": {"uv": [16, 0, 8, 8], "rotation": 180, "texture": "#0"},
				"down": {"uv": [8.5, 7.5, 8, 8], "rotation": 180, "texture": "#0"}
			}
		},
		{
			"from": [3, 7, 1],
			"to": [13, 16, 15],
			"rotation": {"angle": 0, "axis": "y", "origin": [-5, 17, 5]},
			"faces": {
				"north": {"uv": [16, 0, 8, 8], "rotation": 90, "texture": "#0"},
				"east": {"uv": [16, 0, 15.5, 8], "rotation": 270, "texture": "#0"},
				"south": {"uv": [16, 0, 8, 8], "rotation": 90, "texture": "#0"},
				"west": {"uv": [16, 0, 8, 8], "rotation": 90, "texture": "#0"},
				"up": {"uv": [8.5, 0, 8, 0.5], "rotation": 180, "texture": "#0"},
				"down": {"uv": [8.5, 7.5, 8, 8], "rotation": 180, "texture": "#0"}
			}
		},
		{
			"from": [1, 7, 3],
			"to": [15, 16, 13],
			"rotation": {"angle": 0, "axis": "y", "origin": [-5, 17, 5]},
			"faces": {
				"north": {"uv": [16, 0, 8, 8], "rotation": 90, "texture": "#0"},
				"east": {"uv": [16, 0, 8, 8], "rotation": 90, "texture": "#0"},
				"south": {"uv": [16, 0, 8, 8], "rotation": 90, "texture": "#0"},
				"west": {"uv": [16, 0, 8, 8], "rotation": 90, "texture": "#0"},
				"up": {"uv": [8.5, 0, 8, 0.5], "rotation": 180, "texture": "#0"},
				"down": {"uv": [8.5, 7.5, 8, 8], "rotation": 180, "texture": "#0"}
			}
		},
		{
			"from": [6, 19, 6],
			"to": [10, 19.5, 10],
			"rotation": {"angle": 0, "axis": "y", "origin": [-5, 18, 5]},
			"faces": {
				"north": {"uv": [13, 8.04545, 15, 10], "texture": "#0"},
				"east": {"uv": [13, 8.04545, 15, 10], "texture": "#0"},
				"south": {"uv": [13, 8.04545, 15, 10], "texture": "#0"},
				"west": {"uv": [13, 8.04545, 15, 10], "texture": "#0"},
				"up": {"uv": [13, 8.04545, 15, 10], "texture": "#0"},
				"down": {"uv": [13, 8.04545, 15, 10], "texture": "#0"}
			}
		},
		{
			"from": [2.5, 0, 10],
			"to": [6, 3, 13.5],
			"rotation": {"angle": 0, "axis": "y", "origin": [-12, 4, 10]},
			"faces": {
				"north": {"uv": [8, 8.04545, 11, 11], "texture": "#0"},
				"east": {"uv": [8, 8.04545, 11, 11], "texture": "#0"},
				"south": {"uv": [8, 8.04545, 11, 11], "texture": "#0"},
				"west": {"uv": [8, 8.04545, 11, 11], "texture": "#0"},
				"up": {"uv": [8, 8.04545, 11, 11], "texture": "#0"},
				"down": {"uv": [8, 8.04545, 11, 11], "texture": "#0"}
			}
		},
		{
			"from": [5.5, 9, 15.15],
			"to": [10.5, 14, 15.15],
			"rotation": {"angle": 0, "axis": "y", "origin": [5.5, 15, 14.15]},
			"faces": {
				"north": {"uv": [10, 0, 0, 9], "texture": "#1"},
				"east": {"uv": [0, 0, 0, 9], "texture": "#1"},
				"south": {"uv": [16, 0, 0, 16], "texture": "#1"},
				"west": {"uv": [0, 0, 0, 9], "texture": "#1"},
				"up": {"uv": [0, 0, 0, 10], "rotation": 270, "texture": "#missing"},
				"down": {"uv": [0, 0, 0, 10], "rotation": 90, "texture": "#missing"}
			}
		},
		{
			"from": [0.9, 9, 5.5],
			"to": [0.9, 14, 10.5],
			"rotation": {"angle": 0, "axis": "y", "origin": [1.9, 15, 5.5]},
			"faces": {
				"north": {"uv": [0, 0, 0, 9], "texture": "#1"},
				"east": {"uv": [10, 0, 0, 9], "texture": "#1"},
				"south": {"uv": [0, 0, 0, 9], "texture": "#1"},
				"west": {"uv": [16, 0, 0, 16], "texture": "#1"},
				"up": {"uv": [0, 0, 0, 10], "texture": "#missing"},
				"down": {"uv": [0, 0, 0, 10], "texture": "#missing"}
			}
		},
		{
			"from": [5.5, 9, 0.95],
			"to": [10.5, 14, 0.95],
			"rotation": {"angle": 0, "axis": "y", "origin": [5.5, 15, 1.95]},
			"faces": {
				"north": {"uv": [0, 0, 16, 16], "texture": "#1"},
				"east": {"uv": [0, 0, 0, 9], "texture": "#1"},
				"south": {"uv": [0, 0, 10, 9], "texture": "#1"},
				"west": {"uv": [0, 0, 0, 9], "texture": "#1"},
				"up": {"uv": [0, 0, 0, 10], "rotation": 270, "texture": "#missing"},
				"down": {"uv": [0, 0, 0, 10], "rotation": 90, "texture": "#missing"}
			}
		},
		{
			"from": [15.1, 9, 5.5],
			"to": [15.1, 14, 10.5],
			"rotation": {"angle": 0, "axis": "y", "origin": [14.1, 15, 5.5]},
			"faces": {
				"north": {"uv": [0, 0, 0, 9], "texture": "#1"},
				"east": {"uv": [0, 0, 16, 16], "texture": "#1"},
				"south": {"uv": [0, 0, 0, 9], "texture": "#1"},
				"west": {"uv": [0, 0, 10, 9], "texture": "#1"},
				"up": {"uv": [0, 0, 0, 10], "texture": "#missing"},
				"down": {"uv": [0, 0, 0, 10], "texture": "#missing"}
			}
		}
	],
	"display": {
		"thirdperson_righthand": {
			"rotation": [75, 45, 0],
			"translation": [0, 2.5, 0],
			"scale": [0.375, 0.375, 0.375]
		},
		"firstperson_righthand": {
			"rotation": [0, 45, 0],
			"translation": [0, 1.75, 0],
			"scale": [0.4, 0.4, 0.4]
		},
		"firstperson_lefthand": {
			"rotation": [0, -135, 0],
			"translation": [0, 1.75, 0],
			"scale": [0.4, 0.4, 0.4]
		},
		"ground": {
			"translation": [0, 3, 0],
			"scale": [0.25, 0.25, 0.25]
		},
		"gui": {
			"rotation": [30, -135, 0],
			"translation": [0, -0.5, 0],
			"scale": [0.7, 0.7, 0.7]
		},
		"head": {
			"scale": [1.6, 1.6, 1.6]
		},
		"fixed": {
			"rotation": [0, 90, 0],
			"translation": [0, -1.25, 2.25],
			"scale": [0.9, 0.9, 0.9]
		},
		"on_shelf": {
			"translation": [0, 0, -1.75]
		}
	}
}