{
	"format_version": "1.21.6",
	"credit": "Made with Blockbench",
	"textures": {
		"0": "item/tnt/bomb",
		"particle": "item/tnt/bomb"
	},
	"elements": [
		{
			"from": [4, 0, 0],
			"to": [8, 4, 16],
			"rotation": {"angle": 0, "axis": "x", "origin": [-8, 4, 0]},
			"faces": {
				"north": {"uv": [0, 0, 2, 2], "rotation": 180, "texture": "#0"},
				"east": {"uv": [6, 8, 8, 16], "rotation": 270, "texture": "#0"},
				"south": {"uv": [0, 0, 2, 2], "texture": "#0"},
				"west": {"uv": [2, 8, 4, 16], "rotation": 90, "texture": "#0"},
				"up": {"uv": [0, 8, 2, 16], "rotation": 180, "texture": "#0"},
				"down": {"uv": [4, 8, 6, 16], "texture": "#0"}
			}
		},
		{
			"from": [8, 0, 0],
			"to": [12, 4, 16],
			"rotation": {"angle": 0, "axis": "x", "origin": [-4, 4, 0]},
			"faces": {
				"north": {"uv": [0, 0, 2, 2], "rotation": 180, "texture": "#0"},
				"east": {"uv": [6, 8, 8, 16], "rotation": 270, "texture": "#0"},
				"south": {"uv": [0, 0, 2, 2], "texture": "#0"},
				"west": {"uv": [2, 8, 4, 16], "rotation": 90, "texture": "#0"},
				"up": {"uv": [0, 8, 2, 16], "rotation": 180, "texture": "#0"},
				"down": {"uv": [4, 8, 6, 16], "texture": "#0"}
			}
		},
		{
			"from": [6, 4, 0],
			"to": [10, 8, 16],
			"rotation": {"angle": 0, "axis": "x", "origin": [-6, 8, 0]},
			"faces": {
				"north": {"uv": [0, 0, 2, 2], "rotation": 180, "texture": "#0"},
				"east": {"uv": [6, 8, 8, 16], "rotation": 270, "texture": "#0"},
				"south": {"uv": [0, 0, 2, 2], "texture": "#0"},
				"west": {"uv": [2, 8, 4, 16], "rotation": 90, "texture": "#0"},
				"up": {"uv": [0, 8, 2, 16], "rotation": 180, "texture": "#0"},
				"down": {"uv": [4, 8, 6, 16], "texture": "#0"}
			}
		},
		{
			"from": [5.5, 7.5, 11.5],
			"to": [10.5, 8.5, 13.5],
			"rotation": {"angle": 0, "axis": "y", "origin": [1, 11.5, 27.5]},
			"faces": {
				"north": {"uv": [8, 8, 16, 9], "rotation": 180, "texture": "#0"},
				"east": {"uv": [8, 8, 9, 9], "rotation": 180, "texture": "#0"},
				"south": {"uv": [8, 8, 16, 9], "rotation": 180, "texture": "#0"},
				"west": {"uv": [8, 8, 9, 9], "rotation": 180, "texture": "#0"},
				"up": {"uv": [8, 8, 16, 9], "rotation": 90, "texture": "#0"},
				"down": {"uv": [8, 8, 16, 9], "rotation": 270, "texture": "#0"}
			}
		},
		{
			"from": [3.5, -0.5, 11.5],
			"to": [12.5, 0.5, 13.5],
			"rotation": {"angle": 0, "axis": "y", "origin": [1, 3.5, 27.5]},
			"faces": {
				"north": {"uv": [8, 8, 16, 9], "rotation": 180, "texture": "#0"},
				"east": {"uv": [8, 8, 9, 9], "rotation": 180, "texture": "#0"},
				"south": {"uv": [8, 8, 16, 9], "rotation": 180, "texture": "#0"},
				"west": {"uv": [8, 8, 9, 9], "rotation": 180, "texture": "#0"},
				"up": {"uv": [8, 8, 16, 9], "rotation": 90, "texture": "#0"},
				"down": {"uv": [8, 8, 16, 9], "rotation": 270, "texture": "#0"}
			}
		},
		{
			"from": [7.6, 4.3, 11.5],
			"to": [8.6, 9.3, 13.5],
			"rotation": {"angle": 22.5, "axis": "z", "origin": [11.6, 13.8, 27.5]},
			"faces": {
				"north": {"uv": [8, 8, 16, 9], "rotation": 90, "texture": "#0"},
				"east": {"uv": [8, 8, 16, 9], "rotation": 180, "texture": "#0"},
				"south": {"uv": [8, 8, 16, 9], "rotation": 270, "texture": "#0"},
				"west": {"uv": [8, 8, 16, 9], "texture": "#0"},
				"up": {"uv": [8, 8, 9, 9], "rotation": 270, "texture": "#0"},
				"down": {"uv": [8, 8, 9, 9], "rotation": 270, "texture": "#0"}
			}
		},
		{
			"from": [11.5, 0, 11.5],
			"to": [12.5, 3.9, 13.5],
			"rotation": {"angle": 0, "axis": "z", "origin": [15.5, 9.5, 27.5]},
			"faces": {
				"north": {"uv": [8, 8, 16, 9], "rotation": 90, "texture": "#0"},
				"east": {"uv": [8, 8, 16, 9], "rotation": 180, "texture": "#0"},
				"south": {"uv": [8, 8, 16, 9], "rotation": 270, "texture": "#0"},
				"west": {"uv": [8, 8, 16, 9], "texture": "#0"},
				"up": {"uv": [8, 8, 9, 9], "rotation": 270, "texture": "#0"},
				"down": {"uv": [8, 8, 9, 9], "rotation": 270, "texture": "#0"}
			}
		},
		{
			"from": [7.4, 4.3, 11.5],
			"to": [8.4, 9.3, 13.5],
			"rotation": {"angle": -22.5, "axis": "z", "origin": [4.4, 13.8, 27.5]},
			"faces": {
				"north": {"uv": [8, 9, 16, 8], "rotation": 90, "texture": "#0"},
				"east": {"uv": [16, 8, 8, 9], "texture": "#0"},
				"south": {"uv": [8, 9, 16, 8], "rotation": 270, "texture": "#0"},
				"west": {"uv": [16, 8, 8, 9], "rotation": 180, "texture": "#0"},
				"up": {"uv": [8, 9, 9, 8], "rotation": 270, "texture": "#0"},
				"down": {"uv": [8, 9, 9, 8], "rotation": 270, "texture": "#0"}
			}
		},
		{
			"from": [3.5, 0, 11.5],
			"to": [4.5, 3.9, 13.5],
			"rotation": {"angle": 0, "axis": "z", "origin": [0.5, 9.5, 27.5]},
			"faces": {
				"north": {"uv": [8, 9, 16, 8], "rotation": 90, "texture": "#0"},
				"east": {"uv": [16, 8, 8, 9], "texture": "#0"},
				"south": {"uv": [8, 9, 16, 8], "rotation": 270, "texture": "#0"},
				"west": {"uv": [16, 8, 8, 9], "rotation": 180, "texture": "#0"},
				"up": {"uv": [8, 9, 9, 8], "rotation": 270, "texture": "#0"},
				"down": {"uv": [8, 9, 9, 8], "rotation": 270, "texture": "#0"}
			}
		},
		{
			"from": [3.5, -0.5, 2.5],
			"to": [12.5, 0.5, 4.5],
			"rotation": {"angle": 0, "axis": "y", "origin": [1, 3.5, 18.5]},
			"faces": {
				"north": {"uv": [8, 8, 16, 9], "rotation": 180, "texture": "#0"},
				"east": {"uv": [8, 8, 9, 9], "rotation": 180, "texture": "#0"},
				"south": {"uv": [8, 8, 16, 9], "rotation": 180, "texture": "#0"},
				"west": {"uv": [8, 8, 9, 9], "rotation": 180, "texture": "#0"},
				"up": {"uv": [8, 8, 16, 9], "rotation": 90, "texture": "#0"},
				"down": {"uv": [8, 8, 16, 9], "rotation": 270, "texture": "#0"}
			}
		},
		{
			"from": [11.5, 0, 2.5],
			"to": [12.5, 3.9, 4.5],
			"rotation": {"angle": 0, "axis": "z", "origin": [15.5, 9.5, 18.5]},
			"faces": {
				"north": {"uv": [8, 8, 16, 9], "rotation": 90, "texture": "#0"},
				"east": {"uv": [8, 8, 16, 9], "rotation": 180, "texture": "#0"},
				"south": {"uv": [8, 8, 16, 9], "rotation": 270, "texture": "#0"},
				"west": {"uv": [8, 8, 16, 9], "texture": "#0"},
				"up": {"uv": [8, 8, 9, 9], "rotation": 270, "texture": "#0"},
				"down": {"uv": [8, 8, 9, 9], "rotation": 270, "texture": "#0"}
			}
		},
		{
			"from": [7.6, 4.3, 2.5],
			"to": [8.6, 9.3, 4.5],
			"rotation": {"angle": 22.5, "axis": "z", "origin": [11.6, 13.8, 18.5]},
			"faces": {
				"north": {"uv": [8, 8, 16, 9], "rotation": 90, "texture": "#0"},
				"east": {"uv": [8, 8, 16, 9], "rotation": 180, "texture": "#0"},
				"south": {"uv": [8, 8, 16, 9], "rotation": 270, "texture": "#0"},
				"west": {"uv": [8, 8, 16, 9], "texture": "#0"},
				"up": {"uv": [8, 8, 9, 9], "rotation": 270, "texture": "#0"},
				"down": {"uv": [8, 8, 9, 9], "rotation": 270, "texture": "#0"}
			}
		},
		{
			"from": [5.5, 7.5, 2.5],
			"to": [10.5, 8.5, 4.5],
			"rotation": {"angle": 0, "axis": "y", "origin": [1, 11.5, 18.5]},
			"faces": {
				"north": {"uv": [8, 8, 16, 9], "rotation": 180, "texture": "#0"},
				"east": {"uv": [8, 8, 9, 9], "rotation": 180, "texture": "#0"},
				"south": {"uv": [8, 8, 16, 9], "rotation": 180, "texture": "#0"},
				"west": {"uv": [8, 8, 9, 9], "rotation": 180, "texture": "#0"},
				"up": {"uv": [8, 8, 16, 9], "rotation": 90, "texture": "#0"},
				"down": {"uv": [8, 8, 16, 9], "rotation": 270, "texture": "#0"}
			}
		},
		{
			"from": [4.5, 5.75, -0.5],
			"to": [8.25, 6.25, 0],
			"rotation": {"angle": 0, "axis": "y", "origin": [1, 9.5, 15.5]},
			"faces": {
				"north": {"uv": [14, 9, 15, 10], "rotation": 180, "texture": "#0"},
				"east": {"uv": [14, 9, 15, 10], "rotation": 180, "texture": "#0"},
				"south": {"uv": [14, 9, 15, 10], "rotation": 180, "texture": "#0"},
				"west": {"uv": [14, 9, 15, 10], "rotation": 180, "texture": "#0"},
				"up": {"uv": [14, 9, 15, 10], "rotation": 180, "texture": "#0"},
				"down": {"uv": [14, 9, 15, 10], "rotation": 180, "texture": "#0"}
			}
		},
		{
			"from": [4.25, 5.75, -0.25],
			"to": [4.75, 6.25, 3.5],
			"rotation": {"angle": 0, "axis": "y", "origin": [20.25, 9.5, 7]},
			"faces": {
				"north": {"uv": [14, 9, 15, 10], "rotation": 180, "texture": "#0"},
				"east": {"uv": [14, 9, 15, 10], "rotation": 180, "texture": "#0"},
				"south": {"uv": [14, 9, 15, 10], "rotation": 180, "texture": "#0"},
				"west": {"uv": [14, 9, 15, 10], "rotation": 180, "texture": "#0"},
				"up": {"uv": [14, 9, 15, 10], "rotation": 90, "texture": "#0"},
				"down": {"uv": [14, 9, 15, 10], "rotation": 270, "texture": "#0"}
			}
		},
		{
			"from": [4.05, 5.1, -0.25],
			"to": [4.55, 5.6, 3.5],
			"rotation": {"angle": 0, "axis": "y", "origin": [20.05, 8.85, 7]},
			"faces": {
				"north": {"uv": [13, 9, 14, 10], "rotation": 180, "texture": "#0"},
				"east": {"uv": [13, 9, 14, 10], "rotation": 180, "texture": "#0"},
				"south": {"uv": [13, 9, 14, 10], "rotation": 180, "texture": "#0"},
				"west": {"uv": [13, 9, 14, 10], "rotation": 180, "texture": "#0"},
				"up": {"uv": [13, 9, 14, 10], "rotation": 90, "texture": "#0"},
				"down": {"uv": [13, 9, 14, 10], "rotation": 270, "texture": "#0"}
			}
		},
		{
			"from": [2.5, 2.75, -0.5],
			"to": [3, 6.5, 0],
			"rotation": {"angle": 22.5, "axis": "z", "origin": [6.25, 10, 15.5]},
			"faces": {
				"north": {"uv": [13, 9, 14, 10], "rotation": 90, "texture": "#0"},
				"east": {"uv": [13, 9, 14, 10], "rotation": 270, "texture": "#0"},
				"south": {"uv": [13, 9, 14, 10], "rotation": 270, "texture": "#0"},
				"west": {"uv": [13, 9, 14, 10], "rotation": 270, "texture": "#0"},
				"up": {"uv": [13, 9, 14, 10], "rotation": 270, "texture": "#0"},
				"down": {"uv": [13, 9, 14, 10], "rotation": 270, "texture": "#0"}
			}
		},
		{
			"from": [3.5, 0, 2.5],
			"to": [4.5, 3.9, 4.5],
			"rotation": {"angle": 0, "axis": "z", "origin": [0.5, 9.5, 18.5]},
			"faces": {
				"north": {"uv": [8, 9, 16, 8], "rotation": 90, "texture": "#0"},
				"east": {"uv": [16, 8, 8, 9], "texture": "#0"},
				"south": {"uv": [8, 9, 16, 8], "rotation": 270, "texture": "#0"},
				"west": {"uv": [16, 8, 8, 9], "rotation": 180, "texture": "#0"},
				"up": {"uv": [8, 9, 9, 8], "rotation": 270, "texture": "#0"},
				"down": {"uv": [8, 9, 9, 8], "rotation": 270, "texture": "#0"}
			}
		},
		{
			"from": [6.7, 4.7, 1.5],
			"to": [7.7, 8.7, 5.5],
			"rotation": {"angle": -22.5, "axis": "z", "origin": [4.7, 13.2, 18.5]},
			"faces": {
				"north": {"uv": [8, 11.5, 10.5, 11], "rotation": 90, "texture": "#0"},
				"east": {"uv": [13, 9, 10.5, 11.5], "texture": "#0"},
				"south": {"uv": [8, 9.5, 10.5, 9], "rotation": 90, "texture": "#0"},
				"west": {"uv": [10.5, 9, 8, 11.5], "rotation": 180, "texture": "#0"},
				"up": {"uv": [8, 12, 10.5, 11.5], "rotation": 270, "texture": "#0"},
				"down": {"uv": [10.5, 12, 13, 11.5], "rotation": 90, "texture": "#0"}
			}
		},
		{
			"from": [7.4, 4.3, 2.5],
			"to": [8.4, 9.3, 4.5],
			"rotation": {"angle": -22.5, "axis": "z", "origin": [4.4, 13.8, 18.5]},
			"faces": {
				"north": {"uv": [8, 9, 16, 8], "rotation": 90, "texture": "#0"},
				"east": {"uv": [16, 8, 8, 9], "texture": "#0"},
				"south": {"uv": [8, 9, 16, 8], "rotation": 270, "texture": "#0"},
				"west": {"uv": [16, 8, 8, 9], "rotation": 180, "texture": "#0"},
				"up": {"uv": [8, 9, 9, 8], "rotation": 270, "texture": "#0"},
				"down": {"uv": [8, 9, 9, 8], "rotation": 270, "texture": "#0"}
			}
		}
	],
	"display": {
		"thirdperson_righthand": {
			"rotation": [75, 45, 0],
			"translation": [0, 2.5, 1.25],
			"scale": [0.375, 0.375, 0.375]
		},
		"firstperson_righthand": {
			"rotation": [0, 45, 0],
			"translation": [0, 2.25, 0],
			"scale": [0.4, 0.4, 0.4]
		},
		"firstperson_lefthand": {
			"rotation": [0, -135, 0],
			"translation": [0, 2.25, 0],
			"scale": [0.4, 0.4, 0.4]
		},
		"ground": {
			"translation": [0, 3, 0],
			"scale": [0.25, 0.25, 0.25]
		},
		"gui": {
			"rotation": [30, -135, 0],
			"translation": [0, 2.5, 0],
			"scale": [0.75, 0.75, 0.75]
		},
		"head": {
			"scale": [1.6, 1.6, 1.6]
		},
		"fixed": {
			"rotation": [0, 90, 0],
			"translation": [0, 3.5, 1],
			"scale": [0.9, 0.9, 0.9]
		},
		"on_shelf": {
			"rotation": [90, 0, 0],
			"translation": [0, 0, 2.75]
		}
	}
}