{
	"credit": "Made with Blockbench",
	"textures": {
		"1": "item/crossbow/r1",
		"2": "item/crossbow/v1",
		"3": "item/crossbow/n1",
		"4": "item/crossbow/g2",
		"5": "item/crossbow/j1",
		"particle": "item/crossbow/n1",
		"layer0": "item/crossbow/n1"
	},
	"elements": [
		{
			"from": [6.75, 8.6, 7.5],
			"to": [9.9, 8.9, 8.5],
			"faces": {
				"north": {"uv": [0, 0, 1.75, 0.3], "texture": "#layer0"},
				"east": {"uv": [0, 0, 1, 0.3], "texture": "#layer0"},
				"south": {"uv": [0, 0, 1.75, 0.3], "texture": "#layer0"},
				"west": {"uv": [0, 0, 1, 0.3], "texture": "#layer0"},
				"up": {"uv": [0, 0, 1.75, 1], "texture": "#layer0"},
				"down": {"uv": [0, 0, 1.75, 1], "texture": "#layer0"}
			}
		},
		{
			"from": [6.75, 8.9, 7.6],
			"to": [9.6, 9.025, 8.375],
			"faces": {
				"north": {"uv": [0, 0, 1.75, 0.3], "texture": "#layer0"},
				"east": {"uv": [0, 0, 1, 0.3], "texture": "#layer0"},
				"south": {"uv": [0, 0, 1.75, 0.3], "texture": "#layer0"},
				"west": {"uv": [0, 0, 1, 0.3], "texture": "#layer0"},
				"up": {"uv": [0, 0, 1.75, 1], "texture": "#layer0"},
				"down": {"uv": [0, 0, 1.75, 1], "texture": "#layer0"}
			}
		},
		{
			"from": [12.9, 8.6, 7.5],
			"to": [14.55, 8.9, 8.5],
			"faces": {
				"north": {"uv": [0, 0, 1.25, 0.3], "texture": "#layer0"},
				"east": {"uv": [0, 0, 1, 0.3], "texture": "#layer0"},
				"south": {"uv": [0, 0, 1.25, 0.3], "texture": "#layer0"},
				"west": {"uv": [0, 0, 1, 0.3], "texture": "#layer0"},
				"up": {"uv": [0, 0, 1.25, 1], "texture": "#layer0"},
				"down": {"uv": [0, 0, 1.25, 1], "texture": "#layer0"}
			}
		},
		{
			"from": [12.9, 7.75, 7.35],
			"to": [14.55, 8.75, 7.65],
			"faces": {
				"north": {"uv": [0, 0, 1.25, 1], "texture": "#layer0"},
				"east": {"uv": [0, 0, 0.3, 1], "texture": "#layer0"},
				"south": {"uv": [0, 0, 1.25, 1], "texture": "#layer0"},
				"west": {"uv": [0, 0, 0.3, 1], "texture": "#layer0"},
				"up": {"uv": [0, 0, 1.25, 0.3], "texture": "#layer0"},
				"down": {"uv": [0, 0, 1.25, 0.3], "texture": "#layer0"}
			}
		},
		{
			"from": [7.15, 7.9, 7.5],
			"to": [14.55, 8.6, 7.65],
			"faces": {
				"north": {"uv": [0, 0, 6, 0.7], "texture": "#layer0"},
				"east": {"uv": [0, 0, 0.15, 0.7], "texture": "#layer0"},
				"south": {"uv": [0, 0, 6, 0.7], "texture": "#layer0"},
				"west": {"uv": [0, 0, 0.15, 0.7], "texture": "#layer0"},
				"up": {"uv": [0, 0, 6, 0.15], "texture": "#layer0"},
				"down": {"uv": [0, 0, 6, 0.15], "texture": "#layer0"}
			}
		},
		{
			"from": [7.15, 8.6, 7.65],
			"to": [14.55, 8.75, 8.35],
			"faces": {
				"north": {"uv": [0, 0, 6, 0.15], "texture": "#layer0"},
				"east": {"uv": [0, 0, 0.7, 0.15], "texture": "#layer0"},
				"south": {"uv": [0, 0, 6, 0.15], "texture": "#layer0"},
				"west": {"uv": [0, 0, 0.7, 0.15], "texture": "#layer0"},
				"up": {"uv": [0, 0, 6, 0.7], "texture": "#layer0"},
				"down": {"uv": [0, 0, 6, 0.7], "texture": "#layer0"}
			}
		},
		{
			"from": [7.15, 7.75, 7.35],
			"to": [9.9, 8.75, 7.65],
			"faces": {
				"north": {"uv": [0, 0, 1.75, 1], "texture": "#layer0"},
				"east": {"uv": [0, 0, 0.3, 1], "texture": "#layer0"},
				"south": {"uv": [0, 0, 1.75, 1], "texture": "#layer0"},
				"west": {"uv": [0, 0, 0.3, 1], "texture": "#layer0"},
				"up": {"uv": [0, 0, 1.75, 0.3], "texture": "#layer0"},
				"down": {"uv": [0, 0, 1.75, 0.3], "texture": "#layer0"}
			}
		},
		{
			"from": [7.15, 7.6, 7.5],
			"to": [9.9, 7.9, 8.5],
			"faces": {
				"north": {"uv": [0, 0, 1.75, 0.3], "texture": "#layer0"},
				"east": {"uv": [0, 0, 1, 0.3], "texture": "#layer0"},
				"south": {"uv": [0, 0, 1.75, 0.3], "texture": "#layer0"},
				"west": {"uv": [0, 0, 1, 0.3], "texture": "#layer0"},
				"up": {"uv": [0, 0, 1.75, 1], "texture": "#layer0"},
				"down": {"uv": [0, 0, 1.75, 1], "texture": "#layer0"}
			}
		},
		{
			"from": [7.15, 7.9, 7.65],
			"to": [14.55, 8, 7.75],
			"faces": {
				"north": {"uv": [0, 0, 6, 0.1], "texture": "#layer0"},
				"east": {"uv": [0, 0, 0.1, 0.1], "texture": "#layer0"},
				"south": {"uv": [0, 0, 6, 0.1], "texture": "#layer0"},
				"west": {"uv": [0, 0, 0.1, 0.1], "texture": "#layer0"},
				"up": {"uv": [0, 0, 6, 0.1], "texture": "#layer0"},
				"down": {"uv": [0, 0, 6, 0.1], "texture": "#layer0"}
			}
		},
		{
			"from": [7.15, 7.9, 8.25],
			"to": [14.55, 8, 8.35],
			"faces": {
				"north": {"uv": [0, 0, 6, 0.1], "texture": "#layer0"},
				"east": {"uv": [0, 0, 0.1, 0.1], "texture": "#layer0"},
				"south": {"uv": [0, 0, 6, 0.1], "texture": "#layer0"},
				"west": {"uv": [0, 0, 0.1, 0.1], "texture": "#layer0"},
				"up": {"uv": [0, 0, 6, 0.1], "texture": "#layer0"},
				"down": {"uv": [0, 0, 6, 0.1], "texture": "#layer0"}
			}
		},
		{
			"from": [7.15, 7.9, 8.35],
			"to": [14.55, 8.6, 8.5],
			"faces": {
				"north": {"uv": [0, 0, 6, 0.7], "texture": "#layer0"},
				"east": {"uv": [0, 0, 0.15, 0.7], "texture": "#layer0"},
				"south": {"uv": [0, 0, 6, 0.7], "texture": "#layer0"},
				"west": {"uv": [0, 0, 0.15, 0.7], "texture": "#layer0"},
				"up": {"uv": [0, 0, 6, 0.15], "texture": "#layer0"},
				"down": {"uv": [0, 0, 6, 0.15], "texture": "#layer0"}
			}
		},
		{
			"from": [7.15, 7.75, 8.35],
			"to": [9.9, 8.75, 8.65],
			"faces": {
				"north": {"uv": [0, 0, 1.75, 1], "texture": "#layer0"},
				"east": {"uv": [0, 0, 0.3, 1], "texture": "#layer0"},
				"south": {"uv": [0, 0, 1.75, 1], "texture": "#layer0"},
				"west": {"uv": [0, 0, 0.3, 1], "texture": "#layer0"},
				"up": {"uv": [0, 0, 1.75, 0.3], "texture": "#layer0"},
				"down": {"uv": [0, 0, 1.75, 0.3], "texture": "#layer0"}
			}
		},
		{
			"from": [6.95, 8.35, 8.35],
			"to": [9.9, 8.75, 8.55],
			"faces": {
				"north": {"uv": [0, 0, 1.75, 1], "texture": "#layer0"},
				"east": {"uv": [0, 0, 0.3, 1], "texture": "#layer0"},
				"south": {"uv": [0, 0, 1.75, 1], "texture": "#layer0"},
				"west": {"uv": [0, 0, 0.3, 1], "texture": "#layer0"},
				"up": {"uv": [0, 0, 1.75, 0.3], "texture": "#layer0"},
				"down": {"uv": [0, 0, 1.75, 0.3], "texture": "#layer0"}
			}
		},
		{
			"from": [6.95, 8.35, 7.45],
			"to": [9.9, 8.75, 7.65],
			"faces": {
				"north": {"uv": [0, 0, 1.75, 1], "texture": "#layer0"},
				"east": {"uv": [0, 0, 0.3, 1], "texture": "#layer0"},
				"south": {"uv": [0, 0, 1.75, 1], "texture": "#layer0"},
				"west": {"uv": [0, 0, 0.3, 1], "texture": "#layer0"},
				"up": {"uv": [0, 0, 1.75, 0.3], "texture": "#layer0"},
				"down": {"uv": [0, 0, 1.75, 0.3], "texture": "#layer0"}
			}
		},
		{
			"from": [7.15, 7.75, 7.65],
			"to": [14.55, 7.9, 8.35],
			"faces": {
				"north": {"uv": [0, 0, 6, 0.15], "texture": "#layer0"},
				"east": {"uv": [0, 0, 0.7, 0.15], "texture": "#layer0"},
				"south": {"uv": [0, 0, 6, 0.15], "texture": "#layer0"},
				"west": {"uv": [0, 0, 0.7, 0.15], "texture": "#layer0"},
				"up": {"uv": [0, 0, 6, 0.7], "texture": "#layer0"},
				"down": {"uv": [0, 0, 6, 0.7], "texture": "#layer0"}
			}
		},
		{
			"from": [7.15, 8.5, 7.65],
			"to": [14.55, 8.6, 7.75],
			"faces": {
				"north": {"uv": [0, 0, 6, 0.1], "texture": "#layer0"},
				"east": {"uv": [0, 0, 0.1, 0.1], "texture": "#layer0"},
				"south": {"uv": [0, 0, 6, 0.1], "texture": "#layer0"},
				"west": {"uv": [0, 0, 0.1, 0.1], "texture": "#layer0"},
				"up": {"uv": [0, 0, 6, 0.1], "texture": "#layer0"},
				"down": {"uv": [0, 0, 6, 0.1], "texture": "#layer0"}
			}
		},
		{
			"from": [7.15, 8.5, 8.25],
			"to": [14.55, 8.6, 8.35],
			"faces": {
				"north": {"uv": [0, 0, 6, 0.1], "texture": "#layer0"},
				"east": {"uv": [0, 0, 0.1, 0.1], "texture": "#layer0"},
				"south": {"uv": [0, 0, 6, 0.1], "texture": "#layer0"},
				"west": {"uv": [0, 0, 0.1, 0.1], "texture": "#layer0"},
				"up": {"uv": [0, 0, 6, 0.1], "texture": "#layer0"},
				"down": {"uv": [0, 0, 6, 0.1], "texture": "#layer0"}
			}
		},
		{
			"from": [13.55, 7.925, 7.975],
			"to": [13.6, 8.575, 8.025],
			"faces": {
				"north": {"uv": [0, 0, 1.75, 0.3], "texture": "#1"},
				"east": {"uv": [0, 0, 1, 0.3], "texture": "#1"},
				"south": {"uv": [0, 0, 1.75, 0.3], "texture": "#1"},
				"west": {"uv": [15, 1, 16, 1.3], "texture": "#1"},
				"up": {"uv": [0, 0, 1.75, 1], "texture": "#1"},
				"down": {"uv": [0, 0, 1.75, 1], "texture": "#1"}
			}
		},
		{
			"from": [13.55, 8.225, 7.675],
			"to": [13.6, 8.275, 8.325],
			"faces": {
				"north": {"uv": [0, 0, 1.75, 0.3], "texture": "#1"},
				"east": {"uv": [0, 0, 1, 0.3], "texture": "#1"},
				"south": {"uv": [0, 0, 1.75, 0.3], "texture": "#1"},
				"west": {"uv": [15, 1, 16, 1.3], "texture": "#1"},
				"up": {"uv": [0, 0, 1.75, 1], "texture": "#1"},
				"down": {"uv": [0, 0, 1.75, 1], "texture": "#1"}
			}
		},
		{
			"from": [12.9, 7.75, 8.35],
			"to": [14.55, 8.75, 8.65],
			"faces": {
				"north": {"uv": [0, 0, 1.25, 1], "texture": "#layer0"},
				"east": {"uv": [0, 0, 0.3, 1], "texture": "#layer0"},
				"south": {"uv": [0, 0, 1.25, 1], "texture": "#layer0"},
				"west": {"uv": [0, 0, 0.3, 1], "texture": "#layer0"},
				"up": {"uv": [0, 0, 1.25, 0.3], "texture": "#layer0"},
				"down": {"uv": [0, 0, 1.25, 0.3], "texture": "#layer0"}
			}
		},
		{
			"from": [12.9, 7.6, 7.5],
			"to": [14.55, 7.9, 8.5],
			"faces": {
				"north": {"uv": [0, 0, 1.25, 0.3], "texture": "#layer0"},
				"east": {"uv": [0, 0, 1, 0.3], "texture": "#layer0"},
				"south": {"uv": [0, 0, 1.25, 0.3], "texture": "#layer0"},
				"west": {"uv": [0, 0, 1, 0.3], "texture": "#layer0"},
				"up": {"uv": [0, 0, 1.25, 1], "texture": "#layer0"},
				"down": {"uv": [0, 0, 1.25, 1], "texture": "#layer0"}
			}
		},
		{
			"from": [12.6, 7.25, 7.85],
			"to": [13, 7.75, 8.15],
			"faces": {
				"north": {"uv": [0, 0, 0.4, 0.5], "texture": "#layer0"},
				"east": {"uv": [0, 0, 0.3, 0.5], "texture": "#layer0"},
				"south": {"uv": [0, 0, 0.4, 0.5], "texture": "#layer0"},
				"west": {"uv": [0, 0, 0.3, 0.5], "texture": "#layer0"},
				"up": {"uv": [0, 0, 0.4, 0.3], "texture": "#layer0"},
				"down": {"uv": [0, 0, 0.4, 0.3], "texture": "#layer0"}
			}
		},
		{
			"from": [9, 7.25, 7.85],
			"to": [9.9, 7.75, 8.15],
			"faces": {
				"north": {"uv": [0, 0, 0.4, 0.5], "texture": "#layer0"},
				"east": {"uv": [0, 0, 0.3, 0.5], "texture": "#layer0"},
				"south": {"uv": [0, 0, 0.4, 0.5], "texture": "#layer0"},
				"west": {"uv": [0, 0, 0.3, 0.5], "texture": "#layer0"},
				"up": {"uv": [0, 0, 0.4, 0.3], "texture": "#layer0"},
				"down": {"uv": [0, 0, 0.4, 0.3], "texture": "#layer0"}
			}
		},
		{
			"from": [2.075, 2.75, 7.6],
			"to": [2.25, 5.525, 8.4],
			"rotation": {"angle": -22.5, "axis": "z", "origin": [0, 0, 0]},
			"faces": {
				"north": {"uv": [0, 0, 0.5, 5], "texture": "#4"},
				"east": {"uv": [0, 0, 0.5, 5], "texture": "#4"},
				"south": {"uv": [0, 0, 0.5, 5], "texture": "#4"},
				"west": {"uv": [0, 0, 0.5, 5], "texture": "#4"},
				"up": {"uv": [0, 0, 0.5, 5], "texture": "#4"},
				"down": {"uv": [0, 0, 0.5, 5], "texture": "#4"}
			}
		},
		{
			"from": [2.75, 2.75, 7.5],
			"to": [3.25, 7.75, 8.5],
			"rotation": {"angle": -22.5, "axis": "z", "origin": [0, 0, 0]},
			"faces": {
				"north": {"uv": [0, 0, 0.5, 5], "texture": "#4"},
				"east": {"uv": [0, 0, 0.5, 5], "texture": "#4"},
				"south": {"uv": [0, 0, 0.5, 5], "texture": "#4"},
				"west": {"uv": [0, 0, 0.5, 5], "texture": "#4"},
				"up": {"uv": [0, 0, 0.5, 5], "texture": "#4"},
				"down": {"uv": [0, 0, 0.5, 5], "texture": "#4"}
			}
		},
		{
			"from": [2.5, 2.75, 7.75],
			"to": [3.25, 7.75, 8.25],
			"rotation": {"angle": -22.5, "axis": "z", "origin": [0, 0, 0]},
			"faces": {
				"north": {"uv": [0, 0, 0.75, 5], "texture": "#4"},
				"east": {"uv": [0, 0, 0.75, 5], "texture": "#4"},
				"south": {"uv": [0, 0, 0.75, 5], "texture": "#4"},
				"west": {"uv": [0, 0, 0.75, 5], "texture": "#4"},
				"up": {"uv": [0, 0, 0.75, 5], "texture": "#4"},
				"down": {"uv": [0, 0, 0.75, 5], "texture": "#4"}
			}
		},
		{
			"from": [2.75, 2.75, 7.5],
			"to": [3.25, 7.75, 8.5],
			"rotation": {"angle": -22.5, "axis": "z", "origin": [0, 0, 0]},
			"faces": {
				"north": {"uv": [0, 0, 0.5, 5], "texture": "#4"},
				"east": {"uv": [0, 0, 0.5, 5], "texture": "#4"},
				"south": {"uv": [0, 0, 0.5, 5], "texture": "#4"},
				"west": {"uv": [0, 0, 0.5, 5], "texture": "#4"},
				"up": {"uv": [0, 0, 0.5, 5], "texture": "#4"},
				"down": {"uv": [0, 0, 0.5, 5], "texture": "#4"}
			}
		},
		{
			"from": [2.75, 2.75, 7.75],
			"to": [3.5, 7.75, 8.25],
			"rotation": {"angle": -22.5, "axis": "z", "origin": [0, 0, 0]},
			"faces": {
				"north": {"uv": [0, 0, 0.75, 5], "texture": "#4"},
				"east": {"uv": [0, 0, 0.75, 5], "texture": "#4"},
				"south": {"uv": [0, 0, 0.75, 5], "texture": "#4"},
				"west": {"uv": [0, 0, 0.75, 5], "texture": "#4"},
				"up": {"uv": [0, 0, 0.75, 5], "texture": "#4"},
				"down": {"uv": [0, 0, 0.75, 5], "texture": "#4"}
			}
		},
		{
			"from": [2.25, 2.75, 7.5],
			"to": [2.75, 7.75, 8.5],
			"rotation": {"angle": -22.5, "axis": "z", "origin": [0, 0, 0]},
			"faces": {
				"north": {"uv": [0, 0, 0.5, 5], "texture": "#4"},
				"east": {"uv": [0, 0, 0.5, 5], "texture": "#4"},
				"south": {"uv": [0, 0, 0.5, 5], "texture": "#4"},
				"west": {"uv": [0, 0, 0.5, 5], "texture": "#4"},
				"up": {"uv": [0, 0, 0.5, 5], "texture": "#4"},
				"down": {"uv": [0, 0, 0.5, 5], "texture": "#4"}
			}
		},
		{
			"from": [1.875, 2.85, 7.7],
			"to": [2.05, 4.625, 8.3],
			"rotation": {"angle": -22.5, "axis": "z", "origin": [0, 0, 0]},
			"faces": {
				"north": {"uv": [0, 0, 0.5, 5], "texture": "#4"},
				"east": {"uv": [0, 0, 0.5, 5], "texture": "#4"},
				"south": {"uv": [0, 0, 0.5, 5], "texture": "#4"},
				"west": {"uv": [0, 0, 0.5, 5], "texture": "#4"},
				"up": {"uv": [0, 0, 0.5, 5], "texture": "#4"},
				"down": {"uv": [0, 0, 0.5, 5], "texture": "#4"}
			}
		},
		{
			"from": [0.3, 4.75, 7.25],
			"to": [3, 7, 8.75],
			"faces": {
				"north": {"uv": [0, 0, 3, 2.25], "texture": "#2"},
				"east": {"uv": [0, 0, 3, 2.25], "texture": "#2"},
				"south": {"uv": [0, 0, 3, 2.25], "texture": "#2"},
				"west": {"uv": [0, 0, 3, 2.25], "texture": "#2"},
				"up": {"uv": [0, 0, 3, 2.25], "texture": "#2"},
				"down": {"uv": [0, 0, 3, 2.25], "texture": "#2"}
			}
		},
		{
			"from": [0.2, 3.85, 7.75],
			"to": [1.1, 6.1, 8.25],
			"faces": {
				"north": {"uv": [0, 0, 3, 2.25], "texture": "#2"},
				"east": {"uv": [0, 0, 3, 2.25], "texture": "#2"},
				"south": {"uv": [0, 0, 3, 2.25], "texture": "#2"},
				"west": {"uv": [0, 0, 3, 2.25], "texture": "#2"},
				"up": {"uv": [0, 0, 3, 2.25], "texture": "#2"},
				"down": {"uv": [0, 0, 3, 2.25], "texture": "#2"}
			}
		},
		{
			"from": [0, 3.35, 7.25],
			"to": [0.3, 7, 8.75],
			"faces": {
				"north": {"uv": [0, 0, 3, 2.25], "texture": "#3"},
				"east": {"uv": [0, 0, 3, 2.25], "texture": "#3"},
				"south": {"uv": [0, 0, 3, 2.25], "texture": "#3"},
				"west": {"uv": [0, 0, 3, 2.25], "texture": "#3"},
				"up": {"uv": [0, 0, 3, 2.25], "texture": "#3"},
				"down": {"uv": [0, 0, 3, 2.25], "texture": "#3"}
			}
		},
		{
			"from": [0.5, 5.25, 7],
			"to": [2.5, 6.5, 7.25],
			"faces": {
				"north": {"uv": [0, 0, 2, 1.25], "texture": "#2"},
				"east": {"uv": [0, 0, 2, 1.25], "texture": "#2"},
				"south": {"uv": [0, 0, 2, 1.25], "texture": "#2"},
				"west": {"uv": [0, 0, 2, 1.25], "texture": "#2"},
				"up": {"uv": [0, 0, 2, 1.25], "texture": "#2"},
				"down": {"uv": [0, 0, 2, 1.25], "texture": "#2"}
			}
		},
		{
			"from": [3, 4.75, 7.25],
			"to": [5.75, 6, 8.75],
			"faces": {
				"north": {"uv": [0, 0, 2.75, 1.25], "texture": "#2"},
				"east": {"uv": [0, 0, 2.75, 1.25], "texture": "#2"},
				"south": {"uv": [0, 0, 2.75, 1.25], "texture": "#2"},
				"west": {"uv": [0, 0, 2.75, 1.25], "texture": "#2"},
				"up": {"uv": [0, 0, 2.75, 1.25], "texture": "#2"},
				"down": {"uv": [0, 0, 2.75, 1.25], "texture": "#2"}
			}
		},
		{
			"from": [5.5, 1.25, 7.25],
			"to": [7, 2.75, 8.75],
			"rotation": {"angle": 45, "axis": "z", "origin": [0, 0, 0]},
			"faces": {
				"north": {"uv": [0, 0, 1.5, 1.25], "texture": "#2"},
				"east": {"uv": [0, 0, 1.5, 1.25], "texture": "#2"},
				"south": {"uv": [0, 0, 1.5, 1.25], "texture": "#2"},
				"west": {"uv": [0, 0, 1.5, 1.25], "texture": "#2"},
				"up": {"uv": [0, 0, 1.5, 1.25], "texture": "#2"},
				"down": {"uv": [0, 0, 1.5, 1.25], "texture": "#2"}
			}
		},
		{
			"from": [4.2, 1.25, 7.25],
			"to": [6, 2.75, 8.75],
			"rotation": {"angle": 45, "axis": "z", "origin": [0, 0, 0]},
			"faces": {
				"north": {"uv": [0, 0, 1.5, 1.25], "texture": "#2"},
				"east": {"uv": [0, 0, 1.5, 1.25], "texture": "#2"},
				"south": {"uv": [0, 0, 1.5, 1.25], "texture": "#2"},
				"west": {"uv": [0, 0, 1.5, 1.25], "texture": "#2"},
				"up": {"uv": [0, 0, 1.5, 1.25], "texture": "#2"},
				"down": {"uv": [0, 0, 1.5, 1.25], "texture": "#2"}
			}
		},
		{
			"from": [2.6, 2.15, 7.35],
			"to": [5, 2.55, 8.65],
			"rotation": {"angle": 45, "axis": "z", "origin": [0, 0, 0]},
			"faces": {
				"north": {"uv": [0, 0, 1.5, 1.25], "texture": "#2"},
				"east": {"uv": [0, 0, 1.5, 1.25], "texture": "#2"},
				"south": {"uv": [0, 0, 1.5, 1.25], "texture": "#2"},
				"west": {"uv": [0, 0, 1.5, 1.25], "texture": "#2"},
				"up": {"uv": [0, 0, 1.5, 1.25], "texture": "#2"},
				"down": {"uv": [0, 0, 1.5, 1.25], "texture": "#2"}
			}
		},
		{
			"from": [0.5, 5.25, 8.75],
			"to": [2.5, 6.5, 9],
			"faces": {
				"north": {"uv": [0, 0, 2, 1.25], "texture": "#2"},
				"east": {"uv": [0, 0, 2, 1.25], "texture": "#2"},
				"south": {"uv": [0, 0, 2, 1.25], "texture": "#2"},
				"west": {"uv": [0, 0, 2, 1.25], "texture": "#2"},
				"up": {"uv": [0, 0, 2, 1.25], "texture": "#2"},
				"down": {"uv": [0, 0, 2, 1.25], "texture": "#2"}
			}
		},
		{
			"from": [0.75, 3.8, 7.75],
			"to": [2.15, 4.75, 8.25],
			"faces": {
				"north": {"uv": [0, 0, 1.5, 0.25], "texture": "#2"},
				"east": {"uv": [0, 0, 1.5, 0.25], "texture": "#2"},
				"south": {"uv": [0, 0, 1.5, 0.25], "texture": "#2"},
				"west": {"uv": [0, 0, 1.5, 0.25], "texture": "#2"},
				"up": {"uv": [0, 0, 1.5, 0.25], "texture": "#2"},
				"down": {"uv": [0, 0, 1.5, 0.25], "texture": "#2"}
			}
		},
		{
			"from": [7.05, 0.8, 7.85],
			"to": [7.275, 1.15, 8.15],
			"rotation": {"angle": 22.5, "axis": "z", "origin": [0, 0, 0]},
			"faces": {
				"north": {"uv": [0, 0, 0.225, 0.35], "texture": "#4"},
				"east": {"uv": [0, 0, 0.225, 0.35], "texture": "#4"},
				"south": {"uv": [0, 0, 0.225, 0.35], "texture": "#4"},
				"west": {"uv": [0, 0, 0.225, 0.35], "texture": "#4"},
				"up": {"uv": [0, 0, 0.225, 0.35], "texture": "#4"},
				"down": {"uv": [0, 0, 0.225, 0.35], "texture": "#4"}
			}
		},
		{
			"from": [4, 6.2, 7.85],
			"to": [4.25, 7.25, 8.15],
			"rotation": {"angle": -22.5, "axis": "z", "origin": [0, 0, 0]},
			"faces": {
				"north": {"uv": [0, 0, 0.25, 1.05], "texture": "#4"},
				"east": {"uv": [0, 0, 0.25, 1.05], "texture": "#4"},
				"south": {"uv": [0, 0, 0.25, 1.05], "texture": "#4"},
				"west": {"uv": [0, 0, 0.25, 1.05], "texture": "#4"},
				"up": {"uv": [0, 0, 0.25, 1.05], "texture": "#4"},
				"down": {"uv": [0, 0, 0.25, 1.05], "texture": "#4"}
			}
		},
		{
			"from": [6.075, 3.75, 7.85],
			"to": [6.325, 4.25, 8.15],
			"faces": {
				"north": {"uv": [0, 0, 0.25, 0.5], "texture": "#4"},
				"east": {"uv": [0, 0, 0.25, 0.5], "texture": "#4"},
				"south": {"uv": [0, 0, 0.25, 0.5], "texture": "#4"},
				"west": {"uv": [0, 0, 0.25, 0.5], "texture": "#4"},
				"up": {"uv": [0, 0, 0.25, 0.5], "texture": "#4"},
				"down": {"uv": [0, 0, 0.25, 0.5], "texture": "#4"}
			}
		},
		{
			"from": [4.975, 5.55, 7.85],
			"to": [5.225, 7.05, 8.15],
			"rotation": {"angle": -22.5, "axis": "z", "origin": [0, 0, 0]},
			"faces": {
				"north": {"uv": [0, 0, 0.25, 0.5], "texture": "#4"},
				"east": {"uv": [0, 0, 0.25, 0.5], "texture": "#4"},
				"south": {"uv": [0, 0, 0.25, 0.5], "texture": "#4"},
				"west": {"uv": [0, 0, 0.25, 0.5], "texture": "#4"},
				"up": {"uv": [0, 0, 0.25, 0.5], "texture": "#4"},
				"down": {"uv": [0, 0, 0.25, 0.5], "texture": "#4"}
			}
		},
		{
			"from": [5.075, 3.15, 7.85],
			"to": [6.925, 3.45, 8.15],
			"faces": {
				"north": {"uv": [0, 0, 0.25, 0.5], "texture": "#4"},
				"east": {"uv": [0, 0, 0.25, 0.5], "texture": "#4"},
				"south": {"uv": [0, 0, 0.25, 0.5], "texture": "#4"},
				"west": {"uv": [0, 0, 0.25, 0.5], "texture": "#4"},
				"up": {"uv": [0, 0, 0.25, 0.5], "texture": "#4"},
				"down": {"uv": [0, 0, 0.25, 0.5], "texture": "#4"}
			}
		},
		{
			"from": [17, 6.15, 8.15],
			"to": [30.4, 6.7, 8.4],
			"faces": {
				"north": {"uv": [0, 0, 15, 0.55], "texture": "#4"},
				"east": {"uv": [0, 0, 15, 0.55], "texture": "#4"},
				"south": {"uv": [0, 0, 15, 0.55], "texture": "#4"},
				"west": {"uv": [0, 0, 15, 0.55], "texture": "#4"},
				"up": {"uv": [0, 0, 15, 0.55], "texture": "#4"},
				"down": {"uv": [0, 0, 15, 0.55], "texture": "#4"}
			}
		},
		{
			"from": [17, 6.55, 7.7],
			"to": [30.4, 6.8, 8.3],
			"faces": {
				"north": {"uv": [0, 0, 15, 0.25], "texture": "#4"},
				"east": {"uv": [0, 0, 15, 0.25], "texture": "#4"},
				"south": {"uv": [0, 0, 15, 0.25], "texture": "#4"},
				"west": {"uv": [0, 0, 15, 0.25], "texture": "#4"},
				"up": {"uv": [0, 0, 15, 0.25], "texture": "#4"},
				"down": {"uv": [0, 0, 15, 0.25], "texture": "#4"}
			}
		},
		{
			"from": [17, 6.05, 7.7],
			"to": [30.4, 6.225, 8.3],
			"faces": {
				"north": {"uv": [0, 0, 15, 0.175], "texture": "#4"},
				"east": {"uv": [0, 0, 15, 0.175], "texture": "#4"},
				"south": {"uv": [0, 0, 15, 0.175], "texture": "#4"},
				"west": {"uv": [0, 0, 15, 0.175], "texture": "#4"},
				"up": {"uv": [0, 0, 15, 0.175], "texture": "#4"},
				"down": {"uv": [0, 0, 15, 0.175], "texture": "#4"}
			}
		},
		{
			"from": [17, -1.95, 7.6],
			"to": [19.4, -0.8, 8.4],
			"rotation": {"angle": 22.5, "axis": "z", "origin": [0, 0, 0]},
			"faces": {
				"north": {"uv": [0, 0, 2.4, 1.15], "texture": "#4"},
				"east": {"uv": [0, 0, 2.4, 1.15], "texture": "#4"},
				"south": {"uv": [0, 0, 2.4, 1.15], "texture": "#4"},
				"west": {"uv": [0, 0, 2.4, 1.15], "texture": "#4"},
				"up": {"uv": [0, 0, 2.4, 1.15], "texture": "#4"},
				"down": {"uv": [0, 0, 2.4, 1.15], "texture": "#4"}
			}
		},
		{
			"from": [19.4, -1.95, 7.6],
			"to": [20.8, -1.4, 8.4],
			"rotation": {"angle": 22.5, "axis": "z", "origin": [0, 0, 0]},
			"faces": {
				"north": {"uv": [0, 0, 1.4, 0.55], "texture": "#4"},
				"east": {"uv": [0, 0, 1.4, 0.55], "texture": "#4"},
				"south": {"uv": [0, 0, 1.4, 0.55], "texture": "#4"},
				"west": {"uv": [0, 0, 1.4, 0.55], "texture": "#4"},
				"up": {"uv": [0, 0, 1.4, 0.55], "texture": "#4"},
				"down": {"uv": [0, 0, 1.4, 0.55], "texture": "#4"}
			}
		},
		{
			"from": [17, 6.15, 7.6],
			"to": [30.5, 6.675, 7.8],
			"faces": {
				"north": {"uv": [0, 0, 15, 0.525], "texture": "#4"},
				"east": {"uv": [0, 0, 15, 0.525], "texture": "#4"},
				"south": {"uv": [0, 0, 15, 0.525], "texture": "#4"},
				"west": {"uv": [0, 0, 15, 0.525], "texture": "#4"},
				"up": {"uv": [0, 0, 15, 0.525], "texture": "#4"},
				"down": {"uv": [0, 0, 15, 0.525], "texture": "#4"}
			}
		},
		{
			"from": [8.5, 4.75, 7.25],
			"to": [17, 7, 8.75],
			"faces": {
				"north": {"uv": [0, 0, 12.5, 2.25], "texture": "#2"},
				"east": {"uv": [0, 0, 12.5, 2.25], "texture": "#2"},
				"south": {"uv": [0, 0, 12.5, 2.25], "texture": "#2"},
				"west": {"uv": [0, 0, 12.5, 2.25], "texture": "#layer0"},
				"up": {"uv": [0, 0, 12.5, 2.25], "texture": "#2"},
				"down": {"uv": [0, 0, 12.5, 2.25], "texture": "#2"}
			}
		},
		{
			"name": "special modif",
			"from": [5.5, 4.75, 7.35],
			"to": [8.6, 6.9, 8.75],
			"faces": {
				"north": {"uv": [0, 0, 12.5, 2.25], "texture": "#2"},
				"east": {"uv": [0, 0, 12.5, 2.25], "texture": "#2"},
				"south": {"uv": [0, 0, 12.5, 2.25], "texture": "#2"},
				"west": {"uv": [0, 0, 12.5, 2.25], "texture": "#layer0"},
				"up": {"uv": [0, 0, 12.5, 2.25], "texture": "#2"},
				"down": {"uv": [0, 0, 12.5, 2.25], "texture": "#2"}
			}
		},
		{
			"from": [4.75, 4.75, 7.25],
			"to": [5.75, 7, 8.75],
			"faces": {
				"north": {"uv": [0, 0, 12.5, 2.25], "texture": "#2"},
				"east": {"uv": [0, 0, 12.5, 2.25], "texture": "#layer0"},
				"south": {"uv": [0, 0, 12.5, 2.25], "texture": "#2"},
				"west": {"uv": [0, 0, 12.5, 2.25], "texture": "#2"},
				"up": {"uv": [0, 0, 12.5, 2.25], "texture": "#2"},
				"down": {"uv": [0, 0, 12.5, 2.25], "texture": "#2"}
			}
		},
		{
			"from": [5.75, 4.75, 7.25],
			"to": [8.5, 6.3, 8.75],
			"faces": {
				"north": {"uv": [0, 0, 12.5, 2.25], "texture": "#2"},
				"east": {"uv": [0, 0, 12.5, 2.25], "texture": "#2"},
				"south": {"uv": [0, 0, 12.5, 2.25], "texture": "#2"},
				"west": {"uv": [0, 0, 12.5, 2.25], "texture": "#2"},
				"up": {"uv": [0, 0, 12.5, 2.25], "texture": "#layer0"},
				"down": {"uv": [0, 0, 12.5, 2.25], "texture": "#2"}
			}
		},
		{
			"from": [5.75, 5.95, 7.9],
			"to": [8.5, 7, 8.95],
			"faces": {
				"north": {"uv": [0, 0, 12.5, 2.25], "texture": "#layer0"},
				"east": {"uv": [0, 0, 12.5, 2.25], "texture": "#2"},
				"south": {"uv": [0, 0, 12.5, 2.25], "texture": "#2"},
				"west": {"uv": [0, 0, 12.5, 2.25], "texture": "#2"},
				"up": {"uv": [0, 0, 12.5, 2.25], "texture": "#2"},
				"down": {"uv": [0, 0, 12.5, 2.25], "texture": "#2"}
			}
		},
		{
			"from": [4.5, 5.25, 8.75],
			"to": [17, 6.25, 9],
			"faces": {
				"north": {"uv": [0, 0, 13.5, 1], "texture": "#2"},
				"east": {"uv": [0, 0, 13.5, 1], "texture": "#2"},
				"south": {"uv": [0, 0, 13.5, 1], "texture": "#2"},
				"west": {"uv": [0, 0, 13.5, 1], "texture": "#2"},
				"up": {"uv": [0, 0, 13.5, 1], "texture": "#2"},
				"down": {"uv": [0, 0, 13.5, 1], "texture": "#2"}
			}
		},
		{
			"from": [4.5, 5.5, 7],
			"to": [17, 6.5, 7.25],
			"faces": {
				"north": {"uv": [0, 0, 12.5, 1], "texture": "#2"},
				"east": {"uv": [0, 0, 12.5, 1], "texture": "#2"},
				"south": {"uv": [0, 0, 12.5, 1], "texture": "#2"},
				"west": {"uv": [0, 0, 12.5, 1], "texture": "#2"},
				"up": {"uv": [0, 0, 12.5, 1], "texture": "#2"},
				"down": {"uv": [0, 0, 12.5, 1], "texture": "#2"}
			}
		},
		{
			"from": [4.95, 7, 7.5],
			"to": [17, 7.25, 8.5],
			"faces": {
				"north": {"uv": [0, 0, 16, 0.25], "texture": "#2"},
				"east": {"uv": [0, 0, 16, 0.25], "texture": "#2"},
				"south": {"uv": [0, 0, 16, 0.25], "texture": "#2"},
				"west": {"uv": [0, 0, 16, 0.25], "texture": "#2"},
				"up": {"uv": [0, 0, 16, 0.25], "texture": "#2"},
				"down": {"uv": [0, 0, 16, 0.25], "texture": "#2"}
			}
		},
		{
			"from": [5.525, 4.5, 7.5],
			"to": [17, 4.75, 8.5],
			"faces": {
				"north": {"uv": [0, 0, 11.475, 0.25], "texture": "#2"},
				"east": {"uv": [0, 0, 11.475, 0.25], "texture": "#2"},
				"south": {"uv": [0, 0, 11.475, 0.25], "texture": "#2"},
				"west": {"uv": [0, 0, 11.475, 0.25], "texture": "#2"},
				"up": {"uv": [0, 0, 11.475, 0.25], "texture": "#2"},
				"down": {"uv": [0, 0, 11.475, 0.25], "texture": "#2"}
			}
		},
		{
			"from": [4.4, 6.2, 7.45],
			"to": [5, 6.8, 8.55],
			"faces": {
				"north": {"uv": [0, 0, 12.5, 2.25], "texture": "#layer0"},
				"east": {"uv": [0, 0, 1.5, 2.25], "texture": "#layer0"},
				"south": {"uv": [0, 0, 12.5, 2.25], "texture": "#layer0"},
				"west": {"uv": [0, 0, 1.5, 2.25], "texture": "#layer0"},
				"up": {"uv": [0, 0, 12.5, 1.5], "texture": "#layer0"},
				"down": {"uv": [0, 0, 12.5, 1.5], "texture": "#layer0"}
			}
		},
		{
			"from": [4.5, 10.6, 1.25],
			"to": [4.7, 10.8, 2.55],
			"rotation": {"angle": 45, "axis": "x", "origin": [0, 0, 0]},
			"faces": {
				"north": {"uv": [0, 0, 12.5, 2.25], "texture": "#layer0"},
				"east": {"uv": [0, 0, 1.5, 2.25], "texture": "#layer0"},
				"south": {"uv": [0, 0, 12.5, 2.25], "texture": "#layer0"},
				"west": {"uv": [0, 0, 1.5, 2.25], "texture": "#layer0"},
				"up": {"uv": [0, 0, 12.5, 1.5], "texture": "#layer0"},
				"down": {"uv": [0, 0, 12.5, 1.5], "texture": "#layer0"}
			}
		},
		{
			"from": [4.4, 10.5, 2.55],
			"to": [4.8, 10.9, 2.95],
			"rotation": {"angle": 45, "axis": "x", "origin": [0, 0, 0]},
			"faces": {
				"north": {"uv": [0, 0, 12.5, 2.25], "texture": "#layer0"},
				"east": {"uv": [0, 0, 1.5, 2.25], "texture": "#layer0"},
				"south": {"uv": [0, 0, 12.5, 2.25], "texture": "#layer0"},
				"west": {"uv": [0, 0, 1.5, 2.25], "texture": "#layer0"},
				"up": {"uv": [0, 0, 12.5, 1.5], "texture": "#layer0"},
				"down": {"uv": [0, 0, 12.5, 1.5], "texture": "#layer0"}
			}
		},
		{
			"from": [8.075, -0.05, 7.6],
			"to": [10.8, 0.2, 8.4],
			"rotation": {"angle": 22.5, "axis": "z", "origin": [0, 0, 0]},
			"faces": {
				"north": {"uv": [0, 0, 11.475, 0.25], "texture": "#4"},
				"east": {"uv": [0, 0, 11.475, 0.25], "texture": "#4"},
				"south": {"uv": [0, 0, 11.475, 0.25], "texture": "#4"},
				"west": {"uv": [0, 0, 11.475, 0.25], "texture": "#4"},
				"up": {"uv": [0, 0, 11.475, 0.25], "texture": "#4"},
				"down": {"uv": [0, 0, 11.475, 0.25], "texture": "#4"}
			}
		},
		{
			"from": [8.075, 0.15, 7.6],
			"to": [10.8, 0.4, 8.4],
			"rotation": {"angle": 22.5, "axis": "z", "origin": [0, 0, 0]},
			"faces": {
				"north": {"uv": [0, 0, 11.475, 0.25], "texture": "#4"},
				"east": {"uv": [0, 0, 11.475, 0.25], "texture": "#4"},
				"south": {"uv": [0, 0, 11.475, 0.25], "texture": "#4"},
				"west": {"uv": [0, 0, 11.475, 0.25], "texture": "#4"},
				"up": {"uv": [0, 0, 11.475, 0.25], "texture": "#4"},
				"down": {"uv": [0, 0, 11.475, 0.25], "texture": "#4"}
			}
		},
		{
			"from": [8.275, 0.35, 7.6],
			"to": [10.8, 1, 8.4],
			"rotation": {"angle": 22.5, "axis": "z", "origin": [0, 0, 0]},
			"faces": {
				"north": {"uv": [0, 0, 11.475, 0.25], "texture": "#4"},
				"east": {"uv": [0, 0, 11.475, 0.25], "texture": "#4"},
				"south": {"uv": [0, 0, 11.475, 0.25], "texture": "#4"},
				"west": {"uv": [0, 0, 11.475, 0.25], "texture": "#4"},
				"up": {"uv": [0, 0, 11.475, 0.25], "texture": "#4"},
				"down": {"uv": [0, 0, 11.475, 0.25], "texture": "#4"}
			}
		},
		{
			"from": [7.275, 4.15, 7.6],
			"to": [10, 4.6, 8.4],
			"faces": {
				"north": {"uv": [0, 0, 11.475, 0.25], "texture": "#4"},
				"east": {"uv": [0, 0, 11.475, 0.25], "texture": "#4"},
				"south": {"uv": [0, 0, 11.475, 0.25], "texture": "#4"},
				"west": {"uv": [0, 0, 11.475, 0.25], "texture": "#4"},
				"up": {"uv": [0, 0, 11.475, 0.25], "texture": "#4"},
				"down": {"uv": [0, 0, 11.475, 0.25], "texture": "#4"}
			}
		},
		{
			"from": [7.275, 3.05, 7.6],
			"to": [7.5, 4.2, 8.4],
			"faces": {
				"north": {"uv": [0, 0, 11.475, 0.25], "texture": "#4"},
				"east": {"uv": [0, 0, 11.475, 0.25], "texture": "#4"},
				"south": {"uv": [0, 0, 11.475, 0.25], "texture": "#4"},
				"west": {"uv": [0, 0, 11.475, 0.25], "texture": "#4"},
				"up": {"uv": [0, 0, 11.475, 0.25], "texture": "#4"},
				"down": {"uv": [0, 0, 11.475, 0.25], "texture": "#4"}
			}
		},
		{
			"from": [31.7, 6.1, 7.45],
			"to": [31.8, 6.75, 7.8],
			"faces": {
				"north": {"uv": [0, 0, 12.5, 2.25], "texture": "#4"},
				"east": {"uv": [0, 0, 12.5, 2.25], "texture": "#4"},
				"south": {"uv": [0, 0, 12.5, 2.25], "texture": "#4"},
				"west": {"uv": [0, 0, 12.5, 2.25], "texture": "#4"},
				"up": {"uv": [0, 0, 12.5, 2.25], "texture": "#4"},
				"down": {"uv": [0, 0, 12.5, 2.25], "texture": "#4"}
			}
		},
		{
			"from": [30.4, 6.1, 7.45],
			"to": [30.6, 6.75, 7.8],
			"faces": {
				"north": {"uv": [0, 0, 12.5, 2.25], "texture": "#4"},
				"east": {"uv": [0, 0, 12.5, 2.25], "texture": "#4"},
				"south": {"uv": [0, 0, 12.5, 2.25], "texture": "#4"},
				"west": {"uv": [0, 0, 12.5, 2.25], "texture": "#4"},
				"up": {"uv": [0, 0, 12.5, 2.25], "texture": "#4"},
				"down": {"uv": [0, 0, 12.5, 2.25], "texture": "#4"}
			}
		},
		{
			"from": [30.8, 6.1, 7.45],
			"to": [31, 6.75, 7.8],
			"faces": {
				"north": {"uv": [0, 0, 12.5, 2.25], "texture": "#4"},
				"east": {"uv": [0, 0, 12.5, 2.25], "texture": "#4"},
				"south": {"uv": [0, 0, 12.5, 2.25], "texture": "#4"},
				"west": {"uv": [0, 0, 12.5, 2.25], "texture": "#4"},
				"up": {"uv": [0, 0, 12.5, 2.25], "texture": "#4"},
				"down": {"uv": [0, 0, 12.5, 2.25], "texture": "#4"}
			}
		},
		{
			"from": [31.2, 6.1, 7.45],
			"to": [31.4, 6.75, 7.8],
			"faces": {
				"north": {"uv": [0, 0, 12.5, 2.25], "texture": "#4"},
				"east": {"uv": [0, 0, 12.5, 2.25], "texture": "#4"},
				"south": {"uv": [0, 0, 12.5, 2.25], "texture": "#4"},
				"west": {"uv": [0, 0, 12.5, 2.25], "texture": "#4"},
				"up": {"uv": [0, 0, 12.5, 2.25], "texture": "#4"},
				"down": {"uv": [0, 0, 12.5, 2.25], "texture": "#4"}
			}
		},
		{
			"from": [31.7, 6.1, 8.15],
			"to": [31.8, 6.75, 8.55],
			"faces": {
				"north": {"uv": [0, 0, 12.5, 2.25], "texture": "#4"},
				"east": {"uv": [0, 0, 12.5, 2.25], "texture": "#4"},
				"south": {"uv": [0, 0, 12.5, 2.25], "texture": "#4"},
				"west": {"uv": [0, 0, 12.5, 2.25], "texture": "#4"},
				"up": {"uv": [0, 0, 12.5, 2.25], "texture": "#4"},
				"down": {"uv": [0, 0, 12.5, 2.25], "texture": "#4"}
			}
		},
		{
			"from": [30.4, 6.1, 8.15],
			"to": [30.6, 6.75, 8.55],
			"faces": {
				"north": {"uv": [0, 0, 12.5, 2.25], "texture": "#4"},
				"east": {"uv": [0, 0, 12.5, 2.25], "texture": "#4"},
				"south": {"uv": [0, 0, 12.5, 2.25], "texture": "#4"},
				"west": {"uv": [0, 0, 12.5, 2.25], "texture": "#4"},
				"up": {"uv": [0, 0, 12.5, 2.25], "texture": "#4"},
				"down": {"uv": [0, 0, 12.5, 2.25], "texture": "#4"}
			}
		},
		{
			"from": [30.8, 6.1, 8.15],
			"to": [31, 6.75, 8.55],
			"faces": {
				"north": {"uv": [0, 0, 12.5, 2.25], "texture": "#4"},
				"east": {"uv": [0, 0, 12.5, 2.25], "texture": "#4"},
				"south": {"uv": [0, 0, 12.5, 2.25], "texture": "#4"},
				"west": {"uv": [0, 0, 12.5, 2.25], "texture": "#4"},
				"up": {"uv": [0, 0, 12.5, 2.25], "texture": "#4"},
				"down": {"uv": [0, 0, 12.5, 2.25], "texture": "#4"}
			}
		},
		{
			"from": [31.6, 6.1, 8.15],
			"to": [31.8, 6.75, 8.55],
			"faces": {
				"north": {"uv": [0, 0, 12.5, 2.25], "texture": "#4"},
				"east": {"uv": [0, 0, 12.5, 2.25], "texture": "#4"},
				"south": {"uv": [0, 0, 12.5, 2.25], "texture": "#4"},
				"west": {"uv": [0, 0, 12.5, 2.25], "texture": "#4"},
				"up": {"uv": [0, 0, 12.5, 2.25], "texture": "#4"},
				"down": {"uv": [0, 0, 12.5, 2.25], "texture": "#4"}
			}
		},
		{
			"from": [31.6, 6.1, 7.45],
			"to": [31.8, 6.75, 7.85],
			"faces": {
				"north": {"uv": [0, 0, 12.5, 2.25], "texture": "#4"},
				"east": {"uv": [0, 0, 12.5, 2.25], "texture": "#4"},
				"south": {"uv": [0, 0, 12.5, 2.25], "texture": "#4"},
				"west": {"uv": [0, 0, 12.5, 2.25], "texture": "#4"},
				"up": {"uv": [0, 0, 12.5, 2.25], "texture": "#4"},
				"down": {"uv": [0, 0, 12.5, 2.25], "texture": "#4"}
			}
		},
		{
			"from": [31.7, 6.2, 7.65],
			"to": [31.9, 6.65, 7.85],
			"faces": {
				"north": {"uv": [0, 0, 12.5, 2.25], "texture": "#4"},
				"east": {"uv": [0, 0, 12.5, 2.25], "texture": "#4"},
				"south": {"uv": [0, 0, 12.5, 2.25], "texture": "#4"},
				"west": {"uv": [0, 0, 12.5, 2.25], "texture": "#4"},
				"up": {"uv": [0, 0, 12.5, 2.25], "texture": "#4"},
				"down": {"uv": [0, 0, 12.5, 2.25], "texture": "#4"}
			}
		},
		{
			"from": [31.7, 6.2, 8.15],
			"to": [31.9, 6.65, 8.35],
			"faces": {
				"north": {"uv": [0, 0, 12.5, 2.25], "texture": "#4"},
				"east": {"uv": [0, 0, 12.5, 2.25], "texture": "#4"},
				"south": {"uv": [0, 0, 12.5, 2.25], "texture": "#4"},
				"west": {"uv": [0, 0, 12.5, 2.25], "texture": "#4"},
				"up": {"uv": [0, 0, 12.5, 2.25], "texture": "#4"},
				"down": {"uv": [0, 0, 12.5, 2.25], "texture": "#4"}
			}
		},
		{
			"from": [31.2, 6.1, 8.15],
			"to": [31.4, 6.75, 8.55],
			"faces": {
				"north": {"uv": [0, 0, 12.5, 2.25], "texture": "#4"},
				"east": {"uv": [0, 0, 12.5, 2.25], "texture": "#4"},
				"south": {"uv": [0, 0, 12.5, 2.25], "texture": "#4"},
				"west": {"uv": [0, 0, 12.5, 2.25], "texture": "#4"},
				"up": {"uv": [0, 0, 12.5, 2.25], "texture": "#4"},
				"down": {"uv": [0, 0, 12.5, 2.25], "texture": "#4"}
			}
		},
		{
			"from": [30.4, 6, 7.55],
			"to": [31.8, 6.225, 8.45],
			"faces": {
				"north": {"uv": [0, 0, 12.5, 2.25], "texture": "#4"},
				"east": {"uv": [0, 0, 12.5, 2.25], "texture": "#4"},
				"south": {"uv": [0, 0, 12.5, 2.25], "texture": "#4"},
				"west": {"uv": [0, 0, 12.5, 2.25], "texture": "#4"},
				"up": {"uv": [0, 0, 12.5, 2.25], "texture": "#4"},
				"down": {"uv": [0, 0, 12.5, 2.25], "texture": "#4"}
			}
		},
		{
			"from": [30.4, 6.55, 7.55],
			"to": [31.8, 6.85, 8.45],
			"faces": {
				"north": {"uv": [0, 0, 12.5, 2.25], "texture": "#4"},
				"east": {"uv": [0, 0, 12.5, 2.25], "texture": "#4"},
				"south": {"uv": [0, 0, 12.5, 2.25], "texture": "#4"},
				"west": {"uv": [0, 0, 12.5, 2.25], "texture": "#4"},
				"up": {"uv": [0, 0, 12.5, 2.25], "texture": "#4"},
				"down": {"uv": [0, 0, 12.5, 2.25], "texture": "#4"}
			}
		},
		{
			"from": [31.8, 6.55, 7.65],
			"to": [31.9, 6.65, 8.35],
			"faces": {
				"north": {"uv": [0, 0, 12.5, 2.25], "texture": "#4"},
				"east": {"uv": [0, 0, 12.5, 2.25], "texture": "#4"},
				"south": {"uv": [0, 0, 12.5, 2.25], "texture": "#4"},
				"west": {"uv": [0, 0, 12.5, 2.25], "texture": "#4"},
				"up": {"uv": [0, 0, 12.5, 2.25], "texture": "#4"},
				"down": {"uv": [0, 0, 12.5, 2.25], "texture": "#4"}
			}
		},
		{
			"from": [31.8, 6.15, 7.65],
			"to": [31.9, 6.25, 8.35],
			"faces": {
				"north": {"uv": [0, 0, 12.5, 2.25], "texture": "#4"},
				"east": {"uv": [0, 0, 12.5, 2.25], "texture": "#4"},
				"south": {"uv": [0, 0, 12.5, 2.25], "texture": "#4"},
				"west": {"uv": [0, 0, 12.5, 2.25], "texture": "#4"},
				"up": {"uv": [0, 0, 12.5, 2.25], "texture": "#4"},
				"down": {"uv": [0, 0, 12.5, 2.25], "texture": "#4"}
			}
		},
		{
			"from": [30.4, 6.55, 7.45],
			"to": [31.8, 6.75, 8.55],
			"faces": {
				"north": {"uv": [0, 0, 12.5, 2.25], "texture": "#4"},
				"east": {"uv": [0, 0, 12.5, 2.25], "texture": "#4"},
				"south": {"uv": [0, 0, 12.5, 2.25], "texture": "#4"},
				"west": {"uv": [0, 0, 12.5, 2.25], "texture": "#4"},
				"up": {"uv": [0, 0, 12.5, 2.25], "texture": "#4"},
				"down": {"uv": [0, 0, 12.5, 2.25], "texture": "#4"}
			}
		},
		{
			"from": [30.4, 6.1, 7.45],
			"to": [31.8, 6.25, 8.55],
			"faces": {
				"north": {"uv": [0, 0, 12.5, 2.25], "texture": "#4"},
				"east": {"uv": [0, 0, 12.5, 2.25], "texture": "#4"},
				"south": {"uv": [0, 0, 12.5, 2.25], "texture": "#4"},
				"west": {"uv": [0, 0, 12.5, 2.25], "texture": "#4"},
				"up": {"uv": [0, 0, 12.5, 2.25], "texture": "#4"},
				"down": {"uv": [0, 0, 12.5, 2.25], "texture": "#4"}
			}
		},
		{
			"from": [6.2, 6.3, 7.5],
			"to": [7.7, 6.8, 8],
			"faces": {
				"north": {"uv": [0, 0, 1, 1], "texture": "#5"},
				"east": {"uv": [0, 0, 1, 1], "texture": "#5"},
				"south": {"uv": [0, 0, 1, 1], "texture": "#5"},
				"west": {"uv": [0, 0, 1, 1], "texture": "#5"},
				"up": {"uv": [0, 0, 1, 1], "texture": "#5"},
				"down": {"uv": [0, 0, 1, 1], "texture": "#5"}
			}
		},
		{
			"from": [6.05, 6.3, 7.425],
			"to": [6.2, 6.8, 8.05],
			"faces": {
				"north": {"uv": [0, 0, 1, 1], "texture": "#5"},
				"east": {"uv": [0, 0, 1, 1], "texture": "#5"},
				"south": {"uv": [0, 0, 1, 1], "texture": "#5"},
				"west": {"uv": [0, 0, 1, 1], "texture": "#5"},
				"up": {"uv": [0, 0, 1, 1], "texture": "#5"},
				"down": {"uv": [0, 0, 1, 1], "texture": "#5"}
			}
		},
		{
			"from": [6.05, 6.25, 7.475],
			"to": [6.2, 6.85, 8],
			"faces": {
				"north": {"uv": [0, 0, 1, 1], "texture": "#5"},
				"east": {"uv": [0, 0, 1, 1], "texture": "#5"},
				"south": {"uv": [0, 0, 1, 1], "texture": "#5"},
				"west": {"uv": [0, 0, 1, 1], "texture": "#5"},
				"up": {"uv": [0, 0, 1, 1], "texture": "#5"},
				"down": {"uv": [0, 0, 1, 1], "texture": "#5"}
			}
		}
	],
	"display": {
		"thirdperson_righthand": {
			"rotation": [0, 90, 0],
			"translation": [0, 4, -2.5]
		},
		"thirdperson_lefthand": {
			"rotation": [0, -90, 0],
			"translation": [0, 4, -2.5]
		},
		"firstperson_righthand": {
			"rotation": [0.5, 81, 0],
			"translation": [0.2, 8, 6.25]
		},
		"firstperson_lefthand": {
			"rotation": [0, -100, 0],
			"translation": [0.17, 8, 6.25]
		},
		"ground": {
			"rotation": [90, 0, 0],
			"translation": [-4.5, -3, 0],
			"scale": [0.7, 0.7, 0.7]
		},
		"gui": {
			"rotation": [0, 0, 45],
			"translation": [-4, -2.75, 0],
			"scale": [0.6, 0.6, 0.6]
		},
		"head": {
			"rotation": [0, 90, 0],
			"translation": [0, 0.25, -8]
		},
		"fixed": {
			"rotation": [0, -180, 45],
			"translation": [5.25, -3.25, 0],
			"scale": [0.8, 0.8, 0.8]
		}
	},
	"groups": [
		{
			"name": "viseur",
			"origin": [0, 0, 0],
			"color": 0,
			"children": [0, 1, 2, 3, 4, 5, 6, 7, 8, 9, 10, 11, 12, 13, 14, 15, 16, 17, 18, 19, 20, 21, 22]
		},
		{
			"name": "manche",
			"origin": [0, 0, 0],
			"color": 0,
			"children": [23, 24, 25, 26, 27, 28, 29]
		},
		{
			"name": "crosse",
			"origin": [0, 0, 0],
			"color": 0,
			"children": [30, 31, 32, 33, 34, 35, 36, 37, 38, 39]
		},
		{
			"name": "gachette",
			"origin": [0, 0, 0],
			"color": 0,
			"children": [40, 41, 42, 43, 44]
		},
		{
			"name": "canon",
			"origin": [0, 0, 0],
			"color": 0,
			"children": [45, 46, 47, 48, 49, 50]
		},
		{
			"name": "base",
			"origin": [0, 0, 0],
			"color": 0,
			"children": [51, 52, 53, 54, 55, 56, 57, 58, 59]
		},
		{
			"name": "truc qui sert a recharger",
			"origin": [0, 0, 0],
			"color": 0,
			"children": [60, 61, 62]
		},
		{
			"name": "chargeur",
			"origin": [8, 8, 8],
			"color": 0,
			"children": [63, 64, 65, 66, 67]
		},
		{
			"name": "muzzle brake",
			"origin": [0, 0, 0],
			"color": 0,
			"children": [68, 69, 70, 71, 72, 73, 74, 75, 76, 77, 78, 79, 80, 81, 82, 83, 84, 85]
		},
		{
			"name": "douille",
			"origin": [0, 0, 0],
			"color": 0,
			"children": [86, 87, 88]
		}
	]
}