{
    "type": "minecraft:crafting_shapeless",
    "ingredients": [
        "minecraft:tnt",
        "minecraft:redstone"
    ],
    "result": {
        "id": "minecraft:strider_spawn_egg",
        "components": {
        "minecraft:custom_model_data": {"floats":[100]},
        "entity_data": {
            "id":"armor_stand",
            "Invisible":true,
            "NoBasePlate":true,
            "Small":true,
            "Invulnerable":true,
            "NoGravity":true,
            "PersistenceRequired":true,
            "Tags":["bbs_lit_tnt"],
            "DisabledSlots":4144959
        },
        "minecraft:damage": 0,
        "!minecraft:max_damage": {},
        "minecraft:max_stack_size": 64,
        "minecraft:item_name": {"text":"Lit TNT","italic":false}
        },
        "count": 1
    }
}