{
    "type": "minecraft:crafting_shapeless",
    "ingredients": [
        {
            "item": "minecraft:tnt"
        },
        {
            "item": "minecraft:blaze_powder"
        }
    ],
    "result": {
        "id": "minecraft:carrot_on_a_stick",
        "components": {
        "minecraft:custom_model_data": 120,
        "minecraft:damage": 0,
        "!minecraft:max_damage": {},
        "minecraft:max_stack_size": 16,
        "minecraft:lore": [
            "[\"\",{\"text\":\"Power : \",\"italic\":false,\"color\":\"gray\"},{\"text\":\"3\",\"italic\":false,\"color\":\"red\"}]"
        ],
        "minecraft:item_name": "{\"text\":\"Dynamite\",\"italic\":false}"
        },
        "count": 3
    }
}