{
    "type": "minecraft:crafting_shaped",
    "pattern": [
        "GGG",
        " I ",
        " I "
    ],
    "key": {
        "I": {
            "item": "minecraft:stick"
        },
        "G": {
            "item": "minecraft:iron_block"
        }
    },
    "result": {
        "id": "minecraft:iron_pickaxe",
        "components": {
        "minecraft:custom_model_data": 100,
        "minecraft:max_damage": 100,
        "minecraft:attribute_modifiers": {
            "modifiers": [
                {"type":"generic.attack_speed","amount":-3,"slot":"mainhand","operation":"add_value","id":"1727808644520"},
                {"type":"generic.attack_damage","amount":2,"slot":"mainhand","operation":"add_value","id":"1727808644520"}
            ]
        },
        "minecraft:lore": [
            "[\"\",{\"text\":\"Enlarged Mining III\",\"italic\":false,\"color\":\"gray\"}]"
        ],
        "minecraft:item_name": "{\"text\":\"Iron Hammer\",\"italic\":false}"
        },
        "count": 1
    }
}