{
	"credit": "Made with Blockbench",
	"textures": {
		"1": "item/bow/b1",
		"3": "item/bow/r",
		"4": "item/bow/g1",
		"6": "item/bow/g2",
		"particle": "item/bow/y"
	},
	"elements": [
		{
			"from": [0.5, 7.5, 8.4],
			"to": [7, 8.5, 9.6],
			"faces": {
				"north": {"uv": [0, 0, 12, 1], "texture": "#6"},
				"east": {"uv": [0, 0, 2, 1], "texture": "#6"},
				"south": {"uv": [0, 0, 12, 1], "texture": "#6"},
				"west": {"uv": [0, 0, 2, 1], "texture": "#6"},
				"up": {"uv": [0, 0, 12, 2], "texture": "#6"},
				"down": {"uv": [0, 0, 12, 2], "texture": "#6"}
			}
		},
		{
			"from": [0.5, 7.4, 8.5],
			"to": [7, 8.6, 9.5],
			"faces": {
				"north": {"uv": [0, 0, 12, 1], "texture": "#6"},
				"east": {"uv": [0, 0, 2, 1], "texture": "#6"},
				"south": {"uv": [0, 0, 12, 1], "texture": "#6"},
				"west": {"uv": [0, 0, 2, 1], "texture": "#6"},
				"up": {"uv": [0, 0, 12, 2], "texture": "#6"},
				"down": {"uv": [0, 0, 12, 2], "texture": "#6"}
			}
		},
		{
			"from": [0.5, 9, 8],
			"to": [14, 10, 10],
			"faces": {
				"north": {"uv": [0, 0, 12, 1], "texture": "#1"},
				"east": {"uv": [0, 0, 2, 1], "texture": "#1"},
				"south": {"uv": [0, 0, 12, 1], "texture": "#1"},
				"west": {"uv": [0, 0, 2, 1], "texture": "#1"},
				"up": {"uv": [0, 0, 12, 2], "texture": "#1"},
				"down": {"uv": [0, 0, 12, 2], "texture": "#1"}
			}
		},
		{
			"from": [0, 6, 8],
			"to": [14, 7, 10],
			"faces": {
				"north": {"uv": [0, 0, 12, 1], "texture": "#1"},
				"east": {"uv": [0, 0, 2, 1], "texture": "#1"},
				"south": {"uv": [0, 0, 12, 1], "texture": "#1"},
				"west": {"uv": [0, 0, 2, 1], "texture": "#1"},
				"up": {"uv": [0, 0, 12, 2], "texture": "#1"},
				"down": {"uv": [0, 0, 12, 2], "texture": "#1"}
			}
		},
		{
			"from": [-1, 7, 7],
			"to": [14, 9, 8],
			"faces": {
				"north": {"uv": [0, 0, 12, 2], "texture": "#1"},
				"east": {"uv": [0, 0, 1, 2], "texture": "#1"},
				"south": {"uv": [0, 0, 12, 2], "texture": "#1"},
				"west": {"uv": [0, 0, 1, 2], "texture": "#1"},
				"up": {"uv": [0, 0, 12, 1], "texture": "#1"},
				"down": {"uv": [0, 0, 12, 1], "texture": "#1"}
			}
		},
		{
			"from": [1.4, 2.125, 8],
			"to": [2.575, 5.85, 10],
			"rotation": {"angle": 22.5, "axis": "z", "origin": [0, 0, 0]},
			"faces": {
				"north": {"uv": [0, 0, 12, 2], "texture": "#1"},
				"east": {"uv": [0, 0, 1, 2], "texture": "#1"},
				"south": {"uv": [0, 0, 12, 2], "texture": "#1"},
				"west": {"uv": [0, 0, 1, 2], "texture": "#1"},
				"up": {"uv": [0, 0, 12, 1], "texture": "#1"},
				"down": {"uv": [0, 0, 12, 1], "texture": "#1"}
			}
		},
		{
			"from": [3.725, 3.725, 8.875],
			"to": [3.925, 4.175, 9.125],
			"rotation": {"angle": 22.5, "axis": "z", "origin": [0, 0, 0]},
			"faces": {
				"north": {"uv": [0, 0, 12, 2], "texture": "#1"},
				"east": {"uv": [0, 0, 1, 2], "texture": "#1"},
				"south": {"uv": [0, 0, 12, 2], "texture": "#1"},
				"west": {"uv": [0, 0, 1, 2], "texture": "#1"},
				"up": {"uv": [0, 0, 12, 1], "texture": "#1"},
				"down": {"uv": [0, 0, 12, 1], "texture": "#1"}
			}
		},
		{
			"from": [1.85, 5.275, 8.875],
			"to": [2.05, 5.775, 9.125],
			"faces": {
				"north": {"uv": [0, 0, 12, 2], "texture": "#1"},
				"east": {"uv": [0, 0, 1, 2], "texture": "#1"},
				"south": {"uv": [0, 0, 12, 2], "texture": "#1"},
				"west": {"uv": [0, 0, 1, 2], "texture": "#1"},
				"up": {"uv": [0, 0, 12, 1], "texture": "#1"},
				"down": {"uv": [0, 0, 12, 1], "texture": "#1"}
			}
		},
		{
			"from": [-0.5, 6.05, 8.875],
			"to": [-0.3, 6.55, 9.125],
			"rotation": {"angle": -22.5, "axis": "z", "origin": [0, 0, 0]},
			"faces": {
				"north": {"uv": [0, 0, 12, 2], "texture": "#1"},
				"east": {"uv": [0, 0, 1, 2], "texture": "#1"},
				"south": {"uv": [0, 0, 12, 2], "texture": "#1"},
				"west": {"uv": [0, 0, 1, 2], "texture": "#1"},
				"up": {"uv": [0, 0, 12, 1], "texture": "#1"},
				"down": {"uv": [0, 0, 12, 1], "texture": "#1"}
			}
		},
		{
			"from": [-1, 2.5, 8],
			"to": [0.5, 10, 10],
			"faces": {
				"north": {"uv": [0, 0, 12, 2], "texture": "#1"},
				"east": {"uv": [0, 0, 1, 2], "texture": "#1"},
				"south": {"uv": [0, 0, 12, 2], "texture": "#1"},
				"west": {"uv": [0, 0, 1, 2], "texture": "#1"},
				"up": {"uv": [0, 0, 12, 1], "texture": "#1"},
				"down": {"uv": [0, 0, 12, 1], "texture": "#1"}
			}
		},
		{
			"from": [3.5, 4.725, 8.6],
			"to": [3.75, 6, 9.4],
			"faces": {
				"north": {"uv": [0, 0, 12, 2], "texture": "#1"},
				"east": {"uv": [0, 0, 1, 2], "texture": "#1"},
				"south": {"uv": [0, 0, 12, 2], "texture": "#1"},
				"west": {"uv": [0, 0, 1, 2], "texture": "#1"},
				"up": {"uv": [0, 0, 12, 1], "texture": "#1"},
				"down": {"uv": [0, 0, 12, 1], "texture": "#1"}
			}
		},
		{
			"from": [0.9, 3.825, 8.6],
			"to": [2.9, 4.075, 9.4],
			"rotation": {"angle": 0, "axis": "z", "origin": [-0.1, 0.075, 0]},
			"faces": {
				"north": {"uv": [0, 0, 12, 2], "texture": "#1"},
				"east": {"uv": [0, 0, 1, 2], "texture": "#1"},
				"south": {"uv": [0, 0, 12, 2], "texture": "#1"},
				"west": {"uv": [0, 0, 1, 2], "texture": "#1"},
				"up": {"uv": [0, 0, 12, 1], "texture": "#1"},
				"down": {"uv": [0, 0, 12, 1], "texture": "#1"}
			}
		},
		{
			"from": [4.075, 2.4, 8.6],
			"to": [4.5, 2.65, 9.4],
			"rotation": {"angle": 22.5, "axis": "z", "origin": [-0.1, 0.075, 0]},
			"faces": {
				"north": {"uv": [0, 0, 12, 2], "texture": "#1"},
				"east": {"uv": [0, 0, 1, 2], "texture": "#1"},
				"south": {"uv": [0, 0, 12, 2], "texture": "#1"},
				"west": {"uv": [0, 0, 1, 2], "texture": "#1"},
				"up": {"uv": [0, 0, 12, 1], "texture": "#1"},
				"down": {"uv": [0, 0, 12, 1], "texture": "#1"}
			}
		},
		{
			"from": [5.125, 0.5, 8.6],
			"to": [5.55, 0.75, 9.4],
			"rotation": {"angle": 45, "axis": "z", "origin": [0, 0, 0]},
			"faces": {
				"north": {"uv": [0, 0, 12, 2], "texture": "#1"},
				"east": {"uv": [0, 0, 1, 2], "texture": "#1"},
				"south": {"uv": [0, 0, 12, 2], "texture": "#1"},
				"west": {"uv": [0, 0, 1, 2], "texture": "#1"},
				"up": {"uv": [0, 0, 12, 1], "texture": "#1"},
				"down": {"uv": [0, 0, 12, 1], "texture": "#1"}
			}
		},
		{
			"from": [1.4, 5.3, 8.6],
			"to": [1.65, 5.825, 9.4],
			"rotation": {"angle": -22.5, "axis": "z", "origin": [0, 0, 0]},
			"faces": {
				"north": {"uv": [0, 0, 12, 2], "rotation": 90, "texture": "#1"},
				"east": {"uv": [0, 0, 12, 1], "rotation": 270, "texture": "#1"},
				"south": {"uv": [0, 0, 12, 2], "rotation": 270, "texture": "#1"},
				"west": {"uv": [0, 0, 12, 1], "rotation": 270, "texture": "#1"},
				"up": {"uv": [0, 0, 1, 2], "rotation": 270, "texture": "#1"},
				"down": {"uv": [0, 0, 1, 2], "rotation": 270, "texture": "#1"}
			}
		},
		{
			"from": [-1, 8.75, 7.25],
			"to": [14, 9.75, 8.25],
			"faces": {
				"north": {"uv": [0, 0, 12, 1], "texture": "#1"},
				"east": {"uv": [0, 0, 1, 1], "texture": "#1"},
				"south": {"uv": [0, 0, 12, 1], "texture": "#1"},
				"west": {"uv": [0, 0, 1, 1], "texture": "#1"},
				"up": {"uv": [0, 0, 12, 1], "texture": "#1"},
				"down": {"uv": [0, 0, 12, 1], "texture": "#1"}
			}
		},
		{
			"from": [-1, 8.75, 9.75],
			"to": [14, 9.75, 10.75],
			"faces": {
				"north": {"uv": [0, 0, 12, 1], "texture": "#1"},
				"east": {"uv": [0, 0, 1, 1], "texture": "#1"},
				"south": {"uv": [0, 0, 12, 1], "texture": "#1"},
				"west": {"uv": [0, 0, 1, 1], "texture": "#1"},
				"up": {"uv": [0, 0, 12, 1], "texture": "#1"},
				"down": {"uv": [0, 0, 12, 1], "texture": "#1"}
			}
		},
		{
			"from": [-1, 6.25, 9.75],
			"to": [14, 7.25, 10.75],
			"faces": {
				"north": {"uv": [0, 0, 12, 1], "texture": "#1"},
				"east": {"uv": [0, 0, 1, 1], "texture": "#1"},
				"south": {"uv": [0, 0, 12, 1], "texture": "#1"},
				"west": {"uv": [0, 0, 1, 1], "texture": "#1"},
				"up": {"uv": [0, 0, 12, 1], "texture": "#1"},
				"down": {"uv": [0, 0, 12, 1], "texture": "#1"}
			}
		},
		{
			"from": [-1, 6.25, 7.25],
			"to": [14, 7.25, 8.25],
			"faces": {
				"north": {"uv": [0, 0, 12, 1], "texture": "#1"},
				"east": {"uv": [0, 0, 1, 1], "texture": "#1"},
				"south": {"uv": [0, 0, 12, 1], "texture": "#1"},
				"west": {"uv": [0, 0, 1, 1], "texture": "#1"},
				"up": {"uv": [0, 0, 12, 1], "texture": "#1"},
				"down": {"uv": [0, 0, 12, 1], "texture": "#1"}
			}
		},
		{
			"from": [-1, 7, 10],
			"to": [14, 9, 11],
			"faces": {
				"north": {"uv": [0, 0, 12, 2], "texture": "#1"},
				"east": {"uv": [0, 0, 1, 2], "texture": "#1"},
				"south": {"uv": [0, 0, 12, 2], "texture": "#1"},
				"west": {"uv": [0, 0, 1, 2], "texture": "#1"},
				"up": {"uv": [0, 0, 12, 1], "texture": "#1"},
				"down": {"uv": [0, 0, 12, 1], "texture": "#1"}
			}
		},
		{
			"from": [13, 6, 7],
			"to": [14.25, 6.75, 7.75],
			"faces": {
				"north": {"uv": [0, 0, 1.25, 0.75], "texture": "#1"},
				"east": {"uv": [0, 0, 0.75, 0.75], "texture": "#1"},
				"south": {"uv": [0, 0, 1.25, 0.75], "texture": "#1"},
				"west": {"uv": [0, 0, 0.75, 0.75], "texture": "#1"},
				"up": {"uv": [0, 0, 1.25, 0.75], "texture": "#1"},
				"down": {"uv": [0, 0, 1.25, 0.75], "texture": "#1"}
			}
		},
		{
			"from": [13, 5.75, 7.75],
			"to": [14.25, 6.25, 10.25],
			"faces": {
				"north": {"uv": [0, 0, 1.25, 0.5], "texture": "#1"},
				"east": {"uv": [0, 0, 2.5, 0.5], "texture": "#1"},
				"south": {"uv": [0, 0, 1.25, 0.5], "texture": "#1"},
				"west": {"uv": [0, 0, 2.5, 0.5], "texture": "#1"},
				"up": {"uv": [0, 0, 1.25, 2.5], "texture": "#1"},
				"down": {"uv": [0, 0, 1.25, 2.5], "texture": "#1"}
			}
		},
		{
			"from": [13, 6.75, 6.75],
			"to": [14.25, 9.25, 7.25],
			"faces": {
				"north": {"uv": [0, 0, 1.25, 2.5], "texture": "#1"},
				"east": {"uv": [0, 0, 0.5, 2.5], "texture": "#1"},
				"south": {"uv": [0, 0, 1.25, 2.5], "texture": "#1"},
				"west": {"uv": [0, 0, 0.5, 2.5], "texture": "#1"},
				"up": {"uv": [0, 0, 1.25, 0.5], "texture": "#1"},
				"down": {"uv": [0, 0, 1.25, 0.5], "texture": "#1"}
			}
		},
		{
			"from": [13, 9.25, 7.25],
			"to": [14.25, 10, 8],
			"faces": {
				"north": {"uv": [0, 0, 1.25, 0.75], "texture": "#1"},
				"east": {"uv": [0, 0, 0.75, 0.75], "texture": "#1"},
				"south": {"uv": [0, 0, 1.25, 0.75], "texture": "#1"},
				"west": {"uv": [0, 0, 0.75, 0.75], "texture": "#1"},
				"up": {"uv": [0, 0, 1.25, 0.75], "texture": "#1"},
				"down": {"uv": [0, 0, 1.25, 0.75], "texture": "#1"}
			}
		},
		{
			"from": [13, 9.75, 7.75],
			"to": [14.25, 10.25, 10.25],
			"faces": {
				"north": {"uv": [0, 0, 1.25, 0.5], "texture": "#1"},
				"east": {"uv": [0, 0, 2.5, 0.5], "texture": "#1"},
				"south": {"uv": [0, 0, 1.25, 0.5], "texture": "#1"},
				"west": {"uv": [0, 0, 2.5, 0.5], "texture": "#1"},
				"up": {"uv": [0, 0, 1.25, 2.5], "texture": "#1"},
				"down": {"uv": [0, 0, 1.25, 2.5], "texture": "#1"}
			}
		},
		{
			"from": [13, 9.25, 10.25],
			"to": [14.25, 10, 11],
			"faces": {
				"north": {"uv": [0, 0, 1.25, 0.75], "texture": "#1"},
				"east": {"uv": [0, 0, 0.75, 0.75], "texture": "#1"},
				"south": {"uv": [0, 0, 1.25, 0.75], "texture": "#1"},
				"west": {"uv": [0, 0, 0.75, 0.75], "texture": "#1"},
				"up": {"uv": [0, 0, 1.25, 0.75], "texture": "#1"},
				"down": {"uv": [0, 0, 1.25, 0.75], "texture": "#1"}
			}
		},
		{
			"from": [13, 6.75, 10.75],
			"to": [14.25, 9.25, 11.25],
			"faces": {
				"north": {"uv": [0, 0, 1.25, 2.5], "texture": "#1"},
				"east": {"uv": [0, 0, 0.5, 2.5], "texture": "#1"},
				"south": {"uv": [0, 0, 1.25, 2.5], "texture": "#1"},
				"west": {"uv": [0, 0, 0.5, 2.5], "texture": "#1"},
				"up": {"uv": [0, 0, 1.25, 0.5], "texture": "#1"},
				"down": {"uv": [0, 0, 1.25, 0.5], "texture": "#1"}
			}
		},
		{
			"from": [13, 6, 10.25],
			"to": [14.25, 6.75, 11],
			"faces": {
				"north": {"uv": [0, 0, 1.25, 0.75], "texture": "#1"},
				"east": {"uv": [0, 0, 0.75, 0.75], "texture": "#1"},
				"south": {"uv": [0, 0, 1.25, 0.75], "texture": "#1"},
				"west": {"uv": [0, 0, 0.75, 0.75], "texture": "#1"},
				"up": {"uv": [0, 0, 1.25, 0.75], "texture": "#1"},
				"down": {"uv": [0, 0, 1.25, 0.75], "texture": "#1"}
			}
		},
		{
			"from": [12.5, 6.1, 7.1],
			"to": [13, 6.75, 7.75],
			"faces": {
				"north": {"uv": [0, 0, 0.5, 0.65], "texture": "#1"},
				"east": {"uv": [0, 0, 0.65, 0.65], "texture": "#1"},
				"south": {"uv": [0, 0, 0.5, 0.65], "texture": "#1"},
				"west": {"uv": [0, 0, 0.65, 0.65], "texture": "#1"},
				"up": {"uv": [0, 0, 0.5, 0.65], "texture": "#1"},
				"down": {"uv": [0, 0, 0.5, 0.65], "texture": "#1"}
			}
		},
		{
			"from": [12.5, 5.85, 7.75],
			"to": [13, 6.25, 10.25],
			"faces": {
				"north": {"uv": [0, 0, 0.5, 0.4], "texture": "#1"},
				"east": {"uv": [0, 0, 2.5, 0.4], "texture": "#1"},
				"south": {"uv": [0, 0, 0.5, 0.4], "texture": "#1"},
				"west": {"uv": [0, 0, 2.5, 0.4], "texture": "#1"},
				"up": {"uv": [0, 0, 0.5, 2.5], "texture": "#1"},
				"down": {"uv": [0, 0, 0.5, 2.5], "texture": "#1"}
			}
		},
		{
			"from": [12.5, 6.75, 6.85],
			"to": [13, 9.25, 7.25],
			"faces": {
				"north": {"uv": [0, 0, 0.5, 2.5], "texture": "#1"},
				"east": {"uv": [0, 0, 0.4, 2.5], "texture": "#1"},
				"south": {"uv": [0, 0, 0.5, 2.5], "texture": "#1"},
				"west": {"uv": [0, 0, 0.4, 2.5], "texture": "#1"},
				"up": {"uv": [0, 0, 0.5, 0.4], "texture": "#1"},
				"down": {"uv": [0, 0, 0.5, 0.4], "texture": "#1"}
			}
		},
		{
			"from": [12.5, 9.25, 7.35],
			"to": [13, 9.9, 8],
			"faces": {
				"north": {"uv": [0, 0, 0.5, 0.65], "texture": "#1"},
				"east": {"uv": [0, 0, 0.65, 0.65], "texture": "#1"},
				"south": {"uv": [0, 0, 0.5, 0.65], "texture": "#1"},
				"west": {"uv": [0, 0, 0.65, 0.65], "texture": "#1"},
				"up": {"uv": [0, 0, 0.5, 0.65], "texture": "#1"},
				"down": {"uv": [0, 0, 0.5, 0.65], "texture": "#1"}
			}
		},
		{
			"from": [12.5, 9.75, 7.75],
			"to": [13, 10.15, 10.25],
			"faces": {
				"north": {"uv": [0, 0, 0.5, 0.4], "texture": "#1"},
				"east": {"uv": [0, 0, 2.5, 0.4], "texture": "#1"},
				"south": {"uv": [0, 0, 0.5, 0.4], "texture": "#1"},
				"west": {"uv": [0, 0, 2.5, 0.4], "texture": "#1"},
				"up": {"uv": [0, 0, 0.5, 2.5], "texture": "#1"},
				"down": {"uv": [0, 0, 0.5, 2.5], "texture": "#1"}
			}
		},
		{
			"from": [12.5, 9.25, 10.25],
			"to": [13, 9.9, 10.9],
			"faces": {
				"north": {"uv": [0, 0, 0.5, 0.65], "texture": "#1"},
				"east": {"uv": [0, 0, 0.65, 0.65], "texture": "#1"},
				"south": {"uv": [0, 0, 0.5, 0.65], "texture": "#1"},
				"west": {"uv": [0, 0, 0.65, 0.65], "texture": "#1"},
				"up": {"uv": [0, 0, 0.5, 0.65], "texture": "#1"},
				"down": {"uv": [0, 0, 0.5, 0.65], "texture": "#1"}
			}
		},
		{
			"from": [12.5, 6.75, 10.75],
			"to": [13, 9.25, 11.15],
			"faces": {
				"north": {"uv": [0, 0, 0.5, 2.5], "texture": "#1"},
				"east": {"uv": [0, 0, 0.4, 2.5], "texture": "#1"},
				"south": {"uv": [0, 0, 0.5, 2.5], "texture": "#1"},
				"west": {"uv": [0, 0, 0.4, 2.5], "texture": "#1"},
				"up": {"uv": [0, 0, 0.5, 0.4], "texture": "#1"},
				"down": {"uv": [0, 0, 0.5, 0.4], "texture": "#1"}
			}
		},
		{
			"from": [12.5, 6.1, 10.25],
			"to": [13, 6.75, 10.9],
			"faces": {
				"north": {"uv": [0, 0, 0.5, 0.65], "texture": "#1"},
				"east": {"uv": [0, 0, 0.65, 0.65], "texture": "#1"},
				"south": {"uv": [0, 0, 0.5, 0.65], "texture": "#1"},
				"west": {"uv": [0, 0, 0.65, 0.65], "texture": "#1"},
				"up": {"uv": [0, 0, 0.5, 0.65], "texture": "#1"},
				"down": {"uv": [0, 0, 0.5, 0.65], "texture": "#1"}
			}
		},
		{
			"from": [13, 9.25, 10.25],
			"to": [14, 10, 11],
			"faces": {
				"north": {"uv": [0, 0, 1, 0.75], "texture": "#1"},
				"east": {"uv": [0, 0, 0.75, 0.75], "texture": "#1"},
				"south": {"uv": [0, 0, 1, 0.75], "texture": "#1"},
				"west": {"uv": [0, 0, 0.75, 0.75], "texture": "#1"},
				"up": {"uv": [0, 0, 1, 0.75], "texture": "#1"},
				"down": {"uv": [0, 0, 1, 0.75], "texture": "#1"}
			}
		},
		{
			"from": [1.5, 13.75, 6.75],
			"to": [3, 14.5, 7.25],
			"rotation": {"angle": -45, "axis": "z", "origin": [0, 0, 0]},
			"faces": {
				"north": {"uv": [0, 0, 1.5, 0.75], "texture": "#4"},
				"east": {"uv": [0, 0, 0.5, 0.75], "texture": "#4"},
				"south": {"uv": [0, 0, 1.5, 0.75], "texture": "#4"},
				"west": {"uv": [0, 0, 0.5, 0.75], "texture": "#4"},
				"up": {"uv": [0, 0, 1.5, 0.5], "texture": "#4"},
				"down": {"uv": [0, 0, 1.5, 0.5], "texture": "#4"}
			}
		},
		{
			"from": [1.4, 13.85, 6.75],
			"to": [3.15, 14.4, 7.25],
			"rotation": {"angle": -45, "axis": "z", "origin": [0, 0, 0]},
			"faces": {
				"north": {"uv": [0, 0, 1.75, 0.55], "texture": "#4"},
				"east": {"uv": [0, 0, 0.5, 0.55], "texture": "#4"},
				"south": {"uv": [0, 0, 1.75, 0.55], "texture": "#4"},
				"west": {"uv": [0, 0, 0.5, 0.55], "texture": "#4"},
				"up": {"uv": [0, 0, 1.75, 0.5], "texture": "#4"},
				"down": {"uv": [0, 0, 1.75, 0.5], "texture": "#4"}
			}
		},
		{
			"from": [2.55, 12.75, 6.75],
			"to": [3.3, 14.25, 7.25],
			"rotation": {"angle": -45, "axis": "z", "origin": [0, 0, 0]},
			"faces": {
				"north": {"uv": [0, 0, 1.5, 0.75], "rotation": 90, "texture": "#4"},
				"east": {"uv": [0, 0, 1.5, 0.5], "rotation": 270, "texture": "#4"},
				"south": {"uv": [0, 0, 1.5, 0.75], "rotation": 270, "texture": "#4"},
				"west": {"uv": [0, 0, 1.5, 0.5], "rotation": 270, "texture": "#4"},
				"up": {"uv": [0, 0, 0.5, 0.75], "rotation": 270, "texture": "#4"},
				"down": {"uv": [0, 0, 0.5, 0.75], "rotation": 270, "texture": "#4"}
			}
		},
		{
			"from": [2.65, 12.65, 6.75],
			"to": [3.2, 14.35, 7.25],
			"rotation": {"angle": -45, "axis": "z", "origin": [0, 0, 0]},
			"faces": {
				"north": {"uv": [0, 0, 1.7, 0.55], "rotation": 90, "texture": "#4"},
				"east": {"uv": [0, 0, 1.7, 0.5], "rotation": 270, "texture": "#4"},
				"south": {"uv": [0, 0, 1.7, 0.55], "rotation": 270, "texture": "#4"},
				"west": {"uv": [0, 0, 1.7, 0.5], "rotation": 270, "texture": "#4"},
				"up": {"uv": [0, 0, 0.5, 0.55], "rotation": 270, "texture": "#4"},
				"down": {"uv": [0, 0, 0.5, 0.55], "rotation": 270, "texture": "#4"}
			}
		},
		{
			"from": [-0.5, 11.75, 6.75],
			"to": [1, 12.5, 7.25],
			"rotation": {"angle": -45, "axis": "z", "origin": [0, 0, 0]},
			"faces": {
				"north": {"uv": [0, 0, 1.5, 0.75], "texture": "#4"},
				"east": {"uv": [0, 0, 0.5, 0.75], "texture": "#4"},
				"south": {"uv": [0, 0, 1.5, 0.75], "texture": "#4"},
				"west": {"uv": [0, 0, 0.5, 0.75], "texture": "#4"},
				"up": {"uv": [0, 0, 1.5, 0.5], "texture": "#4"},
				"down": {"uv": [0, 0, 1.5, 0.5], "texture": "#4"}
			}
		},
		{
			"from": [-0.6, 11.85, 6.75],
			"to": [1.15, 12.4, 7.25],
			"rotation": {"angle": -45, "axis": "z", "origin": [0, 0, 0]},
			"faces": {
				"north": {"uv": [0, 0, 1.75, 0.55], "texture": "#4"},
				"east": {"uv": [0, 0, 0.5, 0.55], "texture": "#4"},
				"south": {"uv": [0, 0, 1.75, 0.55], "texture": "#4"},
				"west": {"uv": [0, 0, 0.5, 0.55], "texture": "#4"},
				"up": {"uv": [0, 0, 1.75, 0.5], "texture": "#4"},
				"down": {"uv": [0, 0, 1.75, 0.5], "texture": "#4"}
			}
		},
		{
			"from": [0.55, 10.75, 6.75],
			"to": [1.3, 12.25, 7.25],
			"rotation": {"angle": -45, "axis": "z", "origin": [0, 0, 0]},
			"faces": {
				"north": {"uv": [0, 0, 1.5, 0.75], "rotation": 90, "texture": "#4"},
				"east": {"uv": [0, 0, 1.5, 0.5], "rotation": 270, "texture": "#4"},
				"south": {"uv": [0, 0, 1.5, 0.75], "rotation": 270, "texture": "#4"},
				"west": {"uv": [0, 0, 1.5, 0.5], "rotation": 270, "texture": "#4"},
				"up": {"uv": [0, 0, 0.5, 0.75], "rotation": 270, "texture": "#4"},
				"down": {"uv": [0, 0, 0.5, 0.75], "rotation": 270, "texture": "#4"}
			}
		},
		{
			"from": [0.65, 10.65, 6.75],
			"to": [1.2, 12.35, 7.25],
			"rotation": {"angle": -45, "axis": "z", "origin": [0, 0, 0]},
			"faces": {
				"north": {"uv": [0, 0, 1.7, 0.55], "rotation": 90, "texture": "#4"},
				"east": {"uv": [0, 0, 1.7, 0.5], "rotation": 270, "texture": "#4"},
				"south": {"uv": [0, 0, 1.7, 0.55], "rotation": 270, "texture": "#4"},
				"west": {"uv": [0, 0, 1.7, 0.5], "rotation": 270, "texture": "#4"},
				"up": {"uv": [0, 0, 0.5, 0.55], "rotation": 270, "texture": "#4"},
				"down": {"uv": [0, 0, 0.5, 0.55], "rotation": 270, "texture": "#4"}
			}
		},
		{
			"from": [-2.5, 9.75, 6.75],
			"to": [-1, 10.5, 7.25],
			"rotation": {"angle": -45, "axis": "z", "origin": [0, 0, 0]},
			"faces": {
				"north": {"uv": [0, 0, 1.5, 0.75], "texture": "#3"},
				"east": {"uv": [0, 0, 0.5, 0.75], "texture": "#3"},
				"south": {"uv": [0, 0, 1.5, 0.75], "texture": "#3"},
				"west": {"uv": [0, 0, 0.5, 0.75], "texture": "#3"},
				"up": {"uv": [0, 0, 1.5, 0.5], "texture": "#3"},
				"down": {"uv": [0, 0, 1.5, 0.5], "texture": "#3"}
			}
		},
		{
			"from": [-2.6, 9.85, 6.75],
			"to": [-0.85, 10.4, 7.25],
			"rotation": {"angle": -45, "axis": "z", "origin": [0, 0, 0]},
			"faces": {
				"north": {"uv": [0, 0, 1.75, 0.55], "texture": "#3"},
				"east": {"uv": [0, 0, 0.5, 0.55], "texture": "#3"},
				"south": {"uv": [0, 0, 1.75, 0.55], "texture": "#3"},
				"west": {"uv": [0, 0, 0.5, 0.55], "texture": "#3"},
				"up": {"uv": [0, 0, 1.75, 0.5], "texture": "#3"},
				"down": {"uv": [0, 0, 1.75, 0.5], "texture": "#3"}
			}
		},
		{
			"from": [-1.45, 8.75, 6.75],
			"to": [-0.7, 10.25, 7.25],
			"rotation": {"angle": -45, "axis": "z", "origin": [0, 0, 0]},
			"faces": {
				"north": {"uv": [0, 0, 1.5, 0.75], "rotation": 90, "texture": "#3"},
				"east": {"uv": [0, 0, 1.5, 0.5], "rotation": 270, "texture": "#3"},
				"south": {"uv": [0, 0, 1.5, 0.75], "rotation": 270, "texture": "#3"},
				"west": {"uv": [0, 0, 1.5, 0.5], "rotation": 270, "texture": "#3"},
				"up": {"uv": [0, 0, 0.5, 0.75], "rotation": 270, "texture": "#3"},
				"down": {"uv": [0, 0, 0.5, 0.75], "rotation": 270, "texture": "#3"}
			}
		},
		{
			"from": [-1.35, 8.65, 6.75],
			"to": [-0.8, 10.35, 7.25],
			"rotation": {"angle": -45, "axis": "z", "origin": [0, 0, 0]},
			"faces": {
				"north": {"uv": [0, 0, 1.7, 0.55], "rotation": 90, "texture": "#3"},
				"east": {"uv": [0, 0, 1.7, 0.5], "rotation": 270, "texture": "#3"},
				"south": {"uv": [0, 0, 1.7, 0.55], "rotation": 270, "texture": "#3"},
				"west": {"uv": [0, 0, 1.7, 0.5], "rotation": 270, "texture": "#3"},
				"up": {"uv": [0, 0, 0.5, 0.55], "rotation": 270, "texture": "#3"},
				"down": {"uv": [0, 0, 0.5, 0.55], "rotation": 270, "texture": "#3"}
			}
		},
		{
			"from": [1.5, 13.75, 10.75],
			"to": [3, 14.5, 11.25],
			"rotation": {"angle": -45, "axis": "z", "origin": [0, 0, 0]},
			"faces": {
				"north": {"uv": [0, 0, 1.5, 0.75], "texture": "#4"},
				"east": {"uv": [0, 0, 0.5, 0.75], "texture": "#4"},
				"south": {"uv": [0, 0, 1.5, 0.75], "texture": "#4"},
				"west": {"uv": [0, 0, 0.5, 0.75], "texture": "#4"},
				"up": {"uv": [0, 0, 1.5, 0.5], "texture": "#4"},
				"down": {"uv": [0, 0, 1.5, 0.5], "texture": "#4"}
			}
		},
		{
			"from": [1.4, 13.85, 10.75],
			"to": [3.15, 14.4, 11.25],
			"rotation": {"angle": -45, "axis": "z", "origin": [0, 0, 0]},
			"faces": {
				"north": {"uv": [0, 0, 1.75, 0.55], "texture": "#4"},
				"east": {"uv": [0, 0, 0.5, 0.55], "texture": "#4"},
				"south": {"uv": [0, 0, 1.75, 0.55], "texture": "#4"},
				"west": {"uv": [0, 0, 0.5, 0.55], "texture": "#4"},
				"up": {"uv": [0, 0, 1.75, 0.5], "texture": "#4"},
				"down": {"uv": [0, 0, 1.75, 0.5], "texture": "#4"}
			}
		},
		{
			"from": [2.55, 12.75, 10.75],
			"to": [3.3, 14.25, 11.25],
			"rotation": {"angle": -45, "axis": "z", "origin": [0, 0, 0]},
			"faces": {
				"north": {"uv": [0, 0, 1.5, 0.75], "rotation": 90, "texture": "#4"},
				"east": {"uv": [0, 0, 1.5, 0.5], "rotation": 270, "texture": "#4"},
				"south": {"uv": [0, 0, 1.5, 0.75], "rotation": 270, "texture": "#4"},
				"west": {"uv": [0, 0, 1.5, 0.5], "rotation": 270, "texture": "#4"},
				"up": {"uv": [0, 0, 0.5, 0.75], "rotation": 270, "texture": "#4"},
				"down": {"uv": [0, 0, 0.5, 0.75], "rotation": 270, "texture": "#4"}
			}
		},
		{
			"from": [2.65, 12.65, 10.75],
			"to": [3.2, 14.35, 11.25],
			"rotation": {"angle": -45, "axis": "z", "origin": [0, 0, 0]},
			"faces": {
				"north": {"uv": [0, 0, 1.7, 0.55], "rotation": 90, "texture": "#4"},
				"east": {"uv": [0, 0, 1.7, 0.5], "rotation": 270, "texture": "#4"},
				"south": {"uv": [0, 0, 1.7, 0.55], "rotation": 270, "texture": "#4"},
				"west": {"uv": [0, 0, 1.7, 0.5], "rotation": 270, "texture": "#4"},
				"up": {"uv": [0, 0, 0.5, 0.55], "rotation": 270, "texture": "#4"},
				"down": {"uv": [0, 0, 0.5, 0.55], "rotation": 270, "texture": "#4"}
			}
		},
		{
			"from": [-0.5, 11.75, 10.75],
			"to": [1, 12.5, 11.25],
			"rotation": {"angle": -45, "axis": "z", "origin": [0, 0, 0]},
			"faces": {
				"north": {"uv": [0, 0, 1.5, 0.75], "texture": "#4"},
				"east": {"uv": [0, 0, 0.5, 0.75], "texture": "#4"},
				"south": {"uv": [0, 0, 1.5, 0.75], "texture": "#4"},
				"west": {"uv": [0, 0, 0.5, 0.75], "texture": "#4"},
				"up": {"uv": [0, 0, 1.5, 0.5], "texture": "#4"},
				"down": {"uv": [0, 0, 1.5, 0.5], "texture": "#4"}
			}
		},
		{
			"from": [-0.6, 11.85, 10.75],
			"to": [1.15, 12.4, 11.25],
			"rotation": {"angle": -45, "axis": "z", "origin": [0, 0, 0]},
			"faces": {
				"north": {"uv": [0, 0, 1.75, 0.55], "texture": "#4"},
				"east": {"uv": [0, 0, 0.5, 0.55], "texture": "#4"},
				"south": {"uv": [0, 0, 1.75, 0.55], "texture": "#4"},
				"west": {"uv": [0, 0, 0.5, 0.55], "texture": "#4"},
				"up": {"uv": [0, 0, 1.75, 0.5], "texture": "#4"},
				"down": {"uv": [0, 0, 1.75, 0.5], "texture": "#4"}
			}
		},
		{
			"from": [0.55, 10.75, 10.75],
			"to": [1.3, 12.25, 11.25],
			"rotation": {"angle": -45, "axis": "z", "origin": [0, 0, 0]},
			"faces": {
				"north": {"uv": [0, 0, 1.5, 0.75], "rotation": 90, "texture": "#4"},
				"east": {"uv": [0, 0, 1.5, 0.5], "rotation": 270, "texture": "#4"},
				"south": {"uv": [0, 0, 1.5, 0.75], "rotation": 270, "texture": "#4"},
				"west": {"uv": [0, 0, 1.5, 0.5], "rotation": 270, "texture": "#4"},
				"up": {"uv": [0, 0, 0.5, 0.75], "rotation": 270, "texture": "#4"},
				"down": {"uv": [0, 0, 0.5, 0.75], "rotation": 270, "texture": "#4"}
			}
		},
		{
			"from": [0.65, 10.65, 10.75],
			"to": [1.2, 12.35, 11.25],
			"rotation": {"angle": -45, "axis": "z", "origin": [0, 0, 0]},
			"faces": {
				"north": {"uv": [0, 0, 1.7, 0.55], "rotation": 90, "texture": "#4"},
				"east": {"uv": [0, 0, 1.7, 0.5], "rotation": 270, "texture": "#4"},
				"south": {"uv": [0, 0, 1.7, 0.55], "rotation": 270, "texture": "#4"},
				"west": {"uv": [0, 0, 1.7, 0.5], "rotation": 270, "texture": "#4"},
				"up": {"uv": [0, 0, 0.5, 0.55], "rotation": 270, "texture": "#4"},
				"down": {"uv": [0, 0, 0.5, 0.55], "rotation": 270, "texture": "#4"}
			}
		},
		{
			"from": [-2.5, 9.75, 10.75],
			"to": [-1, 10.5, 11.25],
			"rotation": {"angle": -45, "axis": "z", "origin": [0, 0, 0]},
			"faces": {
				"north": {"uv": [0, 0, 1.5, 0.75], "texture": "#3"},
				"east": {"uv": [0, 0, 0.5, 0.75], "texture": "#3"},
				"south": {"uv": [0, 0, 1.5, 0.75], "texture": "#3"},
				"west": {"uv": [0, 0, 0.5, 0.75], "texture": "#3"},
				"up": {"uv": [0, 0, 1.5, 0.5], "texture": "#3"},
				"down": {"uv": [0, 0, 1.5, 0.5], "texture": "#3"}
			}
		},
		{
			"from": [-2.6, 9.85, 10.75],
			"to": [-0.85, 10.4, 11.25],
			"rotation": {"angle": -45, "axis": "z", "origin": [0, 0, 0]},
			"faces": {
				"north": {"uv": [0, 0, 1.75, 0.55], "texture": "#3"},
				"east": {"uv": [0, 0, 0.5, 0.55], "texture": "#3"},
				"south": {"uv": [0, 0, 1.75, 0.55], "texture": "#3"},
				"west": {"uv": [0, 0, 0.5, 0.55], "texture": "#3"},
				"up": {"uv": [0, 0, 1.75, 0.5], "texture": "#3"},
				"down": {"uv": [0, 0, 1.75, 0.5], "texture": "#3"}
			}
		},
		{
			"from": [-1.45, 8.75, 10.75],
			"to": [-0.7, 10.25, 11.25],
			"rotation": {"angle": -45, "axis": "z", "origin": [0, 0, 0]},
			"faces": {
				"north": {"uv": [0, 0, 1.5, 0.75], "rotation": 90, "texture": "#3"},
				"east": {"uv": [0, 0, 1.5, 0.5], "rotation": 270, "texture": "#3"},
				"south": {"uv": [0, 0, 1.5, 0.75], "rotation": 270, "texture": "#3"},
				"west": {"uv": [0, 0, 1.5, 0.5], "rotation": 270, "texture": "#3"},
				"up": {"uv": [0, 0, 0.5, 0.75], "rotation": 270, "texture": "#3"},
				"down": {"uv": [0, 0, 0.5, 0.75], "rotation": 270, "texture": "#3"}
			}
		},
		{
			"from": [-1.35, 8.65, 10.75],
			"to": [-0.8, 10.35, 11.25],
			"rotation": {"angle": -45, "axis": "z", "origin": [0, 0, 0]},
			"faces": {
				"north": {"uv": [0, 0, 1.7, 0.55], "rotation": 90, "texture": "#3"},
				"east": {"uv": [0, 0, 1.7, 0.5], "rotation": 270, "texture": "#3"},
				"south": {"uv": [0, 0, 1.7, 0.55], "rotation": 270, "texture": "#3"},
				"west": {"uv": [0, 0, 1.7, 0.5], "rotation": 270, "texture": "#3"},
				"up": {"uv": [0, 0, 0.5, 0.55], "rotation": 270, "texture": "#3"},
				"down": {"uv": [0, 0, 0.5, 0.55], "rotation": 270, "texture": "#3"}
			}
		}
	],
	"display": {
		"thirdperson_righthand": {
			"rotation": [0, 90, 0],
			"translation": [-1, 2.25, -6.25]
		},
		"thirdperson_lefthand": {
			"rotation": [0, -90, 0],
			"translation": [1, 2.25, -6.25]
		},
		"firstperson_righthand": {
			"rotation": [0, 90, 0],
			"translation": [1.5, 2.25, -0.75]
		},
		"firstperson_lefthand": {
			"rotation": [0, -90, 0],
			"translation": [1.5, 2.25, 0.75]
		},
		"ground": {
			"rotation": [90, 0, 0],
			"translation": [1.5, -2, 0],
			"scale": [0.7, 0.7, 0.7]
		},
		"gui": {
			"rotation": [0, 0, 45],
			"translation": [0.5, 1.5, 0],
			"scale": [0.8, 0.8, 0.8]
		},
		"head": {
			"rotation": [0, 90, 0],
			"translation": [-1, -2.25, -6.25]
		},
		"fixed": {
			"rotation": [0, -180, 45],
			"translation": [-1.5, 1.75, 0]
		}
	},
	"groups": [
		{
			"name": "Tube",
			"origin": [8, 8, 8],
			"color": 0,
			"children": [0, 1, 2, 3, 4, 5, 6, 7, 8, 9, 10, 11, 12, 13, 14, 15, 16, 17, 18, 19,
				{
					"name": "overlay2",
					"origin": [0, 0, 0],
					"color": 0,
					"children": [20, 21, 22, 23, 24, 25, 26, 27]
				},
				{
					"name": "overlay1",
					"origin": [0, 0, 0],
					"color": 0,
					"children": [28, 29, 30, 31, 32, 33, 34, 35]
				}, 36]
		},
		{
			"name": "Indicator1",
			"origin": [8, 8, 8],
			"color": 0,
			"children": [
				{
					"name": "1",
					"origin": [0, 0, 0],
					"color": 0,
					"children": [37, 38, 39, 40]
				},
				{
					"name": "2",
					"origin": [0, 0, 0],
					"color": 0,
					"children": [41, 42, 43, 44]
				},
				{
					"name": "3",
					"origin": [0, 0, 0],
					"color": 0,
					"children": [45, 46, 47, 48]
				}
			]
		},
		{
			"name": "Indicator2",
			"origin": [8, 8, 8],
			"color": 0,
			"children": [
				{
					"name": "1",
					"origin": [0, 0, 0],
					"color": 0,
					"children": [49, 50, 51, 52]
				},
				{
					"name": "2",
					"origin": [0, 0, 0],
					"color": 0,
					"children": [53, 54, 55, 56]
				},
				{
					"name": "3",
					"origin": [0, 0, 0],
					"color": 0,
					"children": [57, 58, 59, 60]
				}
			]
		}
	]
}