{
	"credit": "Made with Blockbench",
	"textures": {
		"2": "block/light_weighted_pressure_plate/r2",
		"5": "block/light_weighted_pressure_plate/g",
		"particle": "block/light_weighted_pressure_plate/r2"
	},
	"elements": [
		{
			"name": "light",
			"from": [7, 1, 7],
			"to": [9, 2, 9],
			"faces": {
				"north": {"uv": [0, 0, 2, 2], "texture": "#2"},
				"east": {"uv": [0, 0, 2, 2], "texture": "#2"},
				"south": {"uv": [0, 0, 2, 2], "texture": "#2"},
				"west": {"uv": [0, 0, 2, 2], "texture": "#2"},
				"up": {"uv": [0, 0, 2, 2], "texture": "#2"},
				"down": {"uv": [0, 0, 2, 2], "texture": "#2"}
			}
		},
		{
			"name": "body",
			"from": [6, 0.75, 6],
			"to": [10, 1.75, 10],
			"faces": {
				"north": {"uv": [0, 0, 4, 4], "texture": "#5"},
				"east": {"uv": [0, 0, 4, 4], "texture": "#5"},
				"south": {"uv": [0, 0, 4, 4], "texture": "#5"},
				"west": {"uv": [0, 0, 4, 4], "texture": "#5"},
				"up": {"uv": [0, 0, 4, 4], "texture": "#5"},
				"down": {"uv": [0, 0, 4, 4], "texture": "#5"}
			}
		},
		{
			"name": "body",
			"from": [5.75, 0.75, 5.75],
			"to": [10.25, 1.5, 10.25],
			"faces": {
				"north": {"uv": [0, 0, 4, 4], "texture": "#5"},
				"east": {"uv": [0, 0, 4, 4], "texture": "#5"},
				"south": {"uv": [0, 0, 4, 4], "texture": "#5"},
				"west": {"uv": [0, 0, 4, 4], "texture": "#5"},
				"up": {"uv": [0, 0, 4, 4], "texture": "#5"},
				"down": {"uv": [0, 0, 4, 4], "texture": "#5"}
			}
		},
		{
			"name": "body",
			"from": [5.5, 0, 5.5],
			"to": [10.5, 1, 10.5],
			"faces": {
				"north": {"uv": [0, 0, 5, 5], "texture": "#5"},
				"east": {"uv": [0, 0, 5, 5], "texture": "#5"},
				"south": {"uv": [0, 0, 5, 5], "texture": "#5"},
				"west": {"uv": [0, 0, 5, 5], "texture": "#5"},
				"up": {"uv": [0, 0, 5, 5], "texture": "#5"},
				"down": {"uv": [0, 0, 5, 5], "texture": "#5"}
			}
		}
	],
	"display": {
		"thirdperson_righthand": {
			"translation": [0, 7.5, 1.25]
		},
		"thirdperson_lefthand": {
			"translation": [0, 7.5, 1.25]
		},
		"firstperson_righthand": {
			"rotation": [0, 0, 10],
			"translation": [0.5, 8, 1.25]
		},
		"firstperson_lefthand": {
			"rotation": [0, 0, 10],
			"translation": [0.5, 8, 1.25]
		},
		"ground": {
			"translation": [0, 4, 0]
		},
		"gui": {
			"rotation": [37, 44, 0],
			"translation": [0, 11.75, -16],
			"scale": [2, 2, 2]
		},
		"head": {
			"translation": [0, 22.25, 0],
			"scale": [2, 2, 2]
		},
		"fixed": {
			"rotation": [-90, 0, 0],
			"translation": [0, 0, -16],
			"scale": [2, 2, 2]
		}
	}
}