{
"model": {
    "type": "range_dispatch",
    "property": "custom_model_data",
    "entries": [
        {
            "threshold": 9910,
            "model": {
                "type": "model",
                "model": "item/ss_solo_team"
            }
        },
        {
            "threshold": 9911,
            "model": {
                "type": "model",
                "model": "item/ss_blue_team"
            }
        },
        {
            "threshold": 9912,
            "model": {
                "type": "model",
                "model": "item/ss_red_team"
            }
        },
        {
            "threshold": 9913,
            "model": {
                "type": "model",
                "model": "item/ss_protein"
            }
        },
        {
            "threshold": 9914,
            "model": {
                "type": "model",
                "model": "item/ss_sugar"
            }
        },
        {
            "threshold": 9915,
            "model": {
                "type": "model",
                "model": "item/ss_shoe"
            }
        },
        {
            "threshold": 9916,
            "model": {
                "type": "model",
                "model": "item/ss_wind"
            }
        },
        {
            "threshold": 9917,
            "model": {
                "type": "model",
                "model": "item/ss_bomb"
            }
        }
    ],
    "fallback": {
        "type": "model",
        "model": "item/carrot_on_a_stick"
    }
}
}