{
    "parent": "item/handheld",
    "textures": {
    "layer0": "item/carrot_on_a_stick"
    },
    "overrides": [
    { "predicate": { "custom_model_data": 100}, "model": "item/special_items/tp1" },
    { "predicate": { "custom_model_data": 101}, "model": "item/special_items/tp2" },

    { "predicate": { "custom_model_data": 110}, "model": "item/special_items/fireball1" },
    { "predicate": { "custom_model_data": 111}, "model": "item/special_items/fireball2" },
    { "predicate": { "custom_model_data": 112}, "model": "item/special_items/fireball3" },

    { "predicate": { "custom_model_data": 120}, "model": "item/special_items/dynamite" }

    ]
}