{
    "type": "minecraft:crafting_shaped",
    "pattern": [
        "XXX",
        "XOX",
        "XXX"
    ],
    "key": {
        "X": "minecraft:ice",
        "O": "minecraft:ender_pearl"
    },
    "result": {
        "id": "minecraft:egg",
        "components": {
        "minecraft:custom_model_data": {"floats":[101]},
        "minecraft:custom_data": "{beg_ice_bridge_egg:1,beg_bridge_egg:1}",
        "minecraft:damage": 0,
        "!minecraft:max_damage": {},
        "minecraft:max_stack_size": 16,
        "minecraft:lore": ["[\"\",{\"text\":\"Material : \",\"italic\":false,\"color\":\"gray\"},{\"text\":\"Ice\",\"italic\":false,\"color\":\"green\"}]"],
        "minecraft:item_name": "{\"text\":\"Ice Bridge Egg\",\"italic\":false}"
        },
        "count": 1
    }
}