{
	"credit": "Made with Blockbench",
	"textures": {
		"8": "block/terracottas/icons",
		"9": "block/terracottas/purple_glazed_terracotta",
		"particle": "block/terracottas/icons"
	},
	"elements": [
		{
			"name": "head",
			"from": [0, 1, 0],
			"to": [16, 15, 16],
			"faces": {
				"north": {"uv": [0, 4, 4, 8], "texture": "#9"},
				"east": {"uv": [0, 4, 4, 8], "texture": "#9"},
				"south": {"uv": [0, 4, 4, 8], "texture": "#9"},
				"west": {"uv": [0, 4, 4, 8], "texture": "#9"},
				"up": {"uv": [0, 4, 4, 8], "texture": "#9"},
				"down": {"uv": [0, 4, 4, 8], "texture": "#9"}
			}
		},
		{
			"name": "neck",
			"from": [3, -0.5, 1],
			"to": [13, 1, 13],
			"faces": {
				"north": {"uv": [0, 7.75, 4, 8], "texture": "#9"},
				"east": {"uv": [0, 7.75, 4, 8], "texture": "#9"},
				"south": {"uv": [0, 7.75, 4, 8], "texture": "#9"},
				"west": {"uv": [0, 7.75, 4, 8], "texture": "#9"},
				"up": {"uv": [0, 0, 16, 16], "texture": "#9"},
				"down": {"uv": [0, 0, 16, 16], "texture": "#9"}
			}
		},
		{
			"name": "eye",
			"from": [3, 6, 16],
			"to": [6, 11, 17],
			"faces": {
				"north": {"uv": [0, 0, 3, 5], "texture": "#9"},
				"east": {"uv": [11.25, 6.75, 11.5, 7], "texture": "#9"},
				"south": {"uv": [10.25, 6.75, 11, 8], "texture": "#9"},
				"west": {"uv": [11.25, 6.75, 11.5, 7], "texture": "#9"},
				"up": {"uv": [11.25, 6.75, 11.5, 7], "texture": "#9"},
				"down": {"uv": [11.25, 6.75, 11.5, 7], "texture": "#9"}
			}
		},
		{
			"name": "eye",
			"from": [10, 6, 16],
			"to": [13, 11, 17],
			"faces": {
				"north": {"uv": [0, 0, 3, 5], "texture": "#9"},
				"east": {"uv": [11.25, 6.75, 11.5, 7], "texture": "#9"},
				"south": {"uv": [11.25, 6.75, 12, 8], "texture": "#9"},
				"west": {"uv": [11.25, 6.75, 11.5, 7], "texture": "#9"},
				"up": {"uv": [11.25, 6.75, 11.5, 7], "texture": "#9"},
				"down": {"uv": [11.25, 6.75, 11.5, 7], "texture": "#9"}
			}
		},
		{
			"from": [-1, 6, 8],
			"to": [0, 10, 13],
			"faces": {
				"north": {"uv": [1, 1, 1, 5], "texture": "#9"},
				"east": {"uv": [1, 1, 5, 5], "texture": "#9"},
				"south": {"uv": [12, 1.8125, 12.1875, 3.4375], "texture": "#9"},
				"west": {"uv": [13.5, 1.75, 15.5, 3.5], "texture": "#9"},
				"up": {"uv": [1, 2, 1, 4], "texture": "#9"},
				"down": {"uv": [12, 0.1875, 12.1875, 3.4375], "texture": "#9"}
			}
		},
		{
			"from": [-1, 10, 8],
			"to": [0, 15, 16],
			"faces": {
				"north": {"uv": [1, 1, 1, 6], "texture": "#9"},
				"east": {"uv": [1, 1, 7, 6], "texture": "#9"},
				"south": {"uv": [12, 1.8125, 12.1875, 3.4375], "texture": "#9"},
				"west": {"uv": [12.5, 0.1875, 15.5, 2.75], "texture": "#9"},
				"up": {"uv": [12, 0.1875, 12.1875, 3.4375], "texture": "#9"},
				"down": {"uv": [12, 0.1875, 12.1875, 3.4375], "texture": "#9"}
			}
		},
		{
			"from": [1, 12, 16],
			"to": [8, 13, 17],
			"faces": {
				"north": {"uv": [1, 1, 6, 2], "texture": "#missing"},
				"east": {"uv": [12.5, 0.5, 12.75, 0.75], "texture": "#9"},
				"south": {"uv": [12.5, 0.5, 14.25, 0.75], "texture": "#9"},
				"west": {"uv": [12.5, 0.5, 12.75, 0.75], "texture": "#9"},
				"up": {"uv": [1, 2, 6, 1], "texture": "#missing"},
				"down": {"uv": [12.5, 0.5, 14.25, 0.75], "texture": "#9"}
			}
		},
		{
			"from": [0, 13, 16],
			"to": [16, 15, 17],
			"faces": {
				"north": {"uv": [1, 1, 15, 3], "texture": "#missing"},
				"east": {"uv": [12.5, 0.5, 12.75, 0.75], "texture": "#9"},
				"south": {"uv": [12, 0, 15.5, 0.5], "texture": "#9"},
				"west": {"uv": [12.5, 0.5, 12.75, 0.75], "texture": "#9"},
				"up": {"uv": [12, 0, 15.5, 0.25], "texture": "#9"},
				"down": {"uv": [12, 0, 15.5, 0.25], "texture": "#9"}
			}
		},
		{
			"from": [10, 12, 16],
			"to": [15, 13, 17],
			"faces": {
				"north": {"uv": [1, 1, 4, 2], "texture": "#missing"},
				"east": {"uv": [12.5, 0.5, 12.75, 0.75], "texture": "#9"},
				"south": {"uv": [12.5, 0.5, 13.75, 0.75], "texture": "#9"},
				"west": {"uv": [12.5, 0.5, 12.75, 0.75], "texture": "#9"},
				"up": {"uv": [1, 2, 4, 1], "texture": "#missing"},
				"down": {"uv": [12.5, 0.5, 13.75, 0.75], "texture": "#9"}
			}
		},
		{
			"from": [0, 15, 0],
			"to": [16, 16, 16],
			"faces": {
				"north": {"uv": [12, 1.25, 15.5, 1], "texture": "#9"},
				"east": {"uv": [12, 1.25, 15.5, 1], "texture": "#9"},
				"south": {"uv": [12, 1.25, 15.5, 1], "texture": "#9"},
				"west": {"uv": [12, 1.25, 15.5, 1], "texture": "#9"},
				"up": {"uv": [12, 0, 15.5, 3.5], "texture": "#9"},
				"down": {"uv": [1, 1, 15, 15], "texture": "#9"}
			}
		},
		{
			"from": [-1, 4, 0],
			"to": [0, 15, 8],
			"faces": {
				"north": {"uv": [12, 0.1875, 12.1875, 3.4375], "texture": "#9"},
				"east": {"uv": [1, 1, 8, 12], "texture": "#9"},
				"south": {"uv": [12, 1.8125, 12.1875, 3.4375], "texture": "#9"},
				"west": {"uv": [12, 0, 14.75, 3.5], "texture": "#9"},
				"up": {"uv": [12, 0.1875, 12.1875, 3.4375], "texture": "#9"},
				"down": {"uv": [12, 0.1875, 12.1875, 3.4375], "texture": "#9"}
			}
		},
		{
			"from": [0, 2, -1],
			"to": [16, 15, 0],
			"faces": {
				"north": {"uv": [12, 0, 15.5, 3.5], "texture": "#9"},
				"east": {"uv": [12, 0.1875, 12.1875, 3.4375], "texture": "#9"},
				"south": {"uv": [2, 1, 15, 14], "texture": "#9"},
				"west": {"uv": [12, 0.1875, 12.1875, 3.4375], "texture": "#9"},
				"up": {"uv": [12, 1.25, 15.5, 1], "texture": "#9"},
				"down": {"uv": [12, 1.25, 15.5, 1], "texture": "#9"}
			}
		},
		{
			"from": [16, 4, 0],
			"to": [17, 15, 8],
			"faces": {
				"north": {"uv": [12, 0.1875, 12.1875, 3.4375], "texture": "#9"},
				"east": {"uv": [12.75, 0, 15.5, 3.5], "texture": "#9"},
				"south": {"uv": [12, 1.8125, 12.1875, 3.4375], "texture": "#9"},
				"west": {"uv": [1, 1, 8, 12], "texture": "#9"},
				"up": {"uv": [12, 0.1875, 12.1875, 3.4375], "texture": "#9"},
				"down": {"uv": [12, 0.1875, 12.1875, 3.4375], "texture": "#9"}
			}
		},
		{
			"from": [16, 10, 8],
			"to": [17, 15, 16],
			"faces": {
				"north": {"uv": [1, 1, 1, 6], "texture": "#9"},
				"east": {"uv": [12, 0.1875, 15, 2.75], "texture": "#9"},
				"south": {"uv": [12, 1.8125, 12.1875, 3.4375], "texture": "#9"},
				"west": {"uv": [1, 1, 7, 6], "texture": "#9"},
				"up": {"uv": [12, 0.1875, 12.1875, 3.4375], "texture": "#9"},
				"down": {"uv": [12, 0.1875, 12.1875, 3.4375], "texture": "#9"}
			}
		},
		{
			"from": [16, 6, 8],
			"to": [17, 10, 13],
			"faces": {
				"north": {"uv": [1, 1, 1, 5], "texture": "#9"},
				"east": {"uv": [12, 1.75, 14, 3.5], "texture": "#9"},
				"south": {"uv": [12, 1.8125, 12.1875, 3.4375], "texture": "#9"},
				"west": {"uv": [1, 1, 5, 5], "texture": "#9"},
				"up": {"uv": [1, 2, 1, 4], "texture": "#9"},
				"down": {"uv": [12, 0.1875, 12.1875, 3.4375], "texture": "#9"}
			}
		},
		{
			"name": "body",
			"from": [-1, -16, -1],
			"to": [17, 0, 17],
			"faces": {
				"north": {"uv": [0, 0, 4, 4], "texture": "#9"},
				"east": {"uv": [0, 0, 4, 4], "texture": "#9"},
				"south": {"uv": [4, 4, 8, 8], "texture": "#9"},
				"west": {"uv": [0, 0, 4, 4], "texture": "#9"},
				"up": {"uv": [4, 0, 8, 4], "texture": "#9"},
				"down": {"uv": [0, 0, 4, 4], "texture": "#9"}
			}
		},
		{
			"name": "arm",
			"from": [17, -13, 5],
			"to": [20, -1, 11],
			"faces": {
				"north": {"uv": [0, 1.5, 0.75, 5], "texture": "#9"},
				"east": {"uv": [0, 1.5, 1.5, 5], "texture": "#9"},
				"south": {"uv": [0, 1.5, 0.75, 5], "texture": "#9"},
				"west": {"uv": [10, 1, 16, 13], "texture": "#missing"},
				"up": {"uv": [0, 0, 1.5, 0.75], "texture": "#9"},
				"down": {"uv": [0, 4, 1.5, 4.75], "texture": "#9"}
			}
		},
		{
			"name": "arm",
			"from": [-4, -13, 5],
			"to": [-1, -1, 11],
			"faces": {
				"north": {"uv": [0, 1.5, 0.75, 5], "texture": "#9"},
				"east": {"uv": [10, 1, 16, 13], "texture": "#missing"},
				"south": {"uv": [0, 1.5, 0.75, 5], "texture": "#9"},
				"west": {"uv": [0, 1.5, 1.5, 5], "texture": "#9"},
				"up": {"uv": [0, 0, 1.5, 0.75], "rotation": 180, "texture": "#9"},
				"down": {"uv": [0, 4, 1.5, 4.75], "rotation": 180, "texture": "#9"}
			}
		},
		{
			"name": "props",
			"from": [18.5, -15, 6],
			"to": [19, -12, 12],
			"faces": {
				"north": {"uv": [12.25, 8.25, 12.5, 8.5], "texture": "#9"},
				"east": {"uv": [12.25, 6, 15.5, 7.75], "texture": "#9"},
				"south": {"uv": [12.25, 8.25, 12.5, 8.5], "texture": "#9"},
				"west": {"uv": [12.25, 6, 15.5, 8], "texture": "#9"},
				"up": {"uv": [12.25, 8.25, 12.5, 8.5], "texture": "#9"},
				"down": {"uv": [12.25, 8.25, 12.5, 8.5], "texture": "#9"}
			}
		},
		{
			"name": "props",
			"from": [19.75, -12.25, 7.25],
			"to": [20.25, -10.25, 8.75],
			"faces": {
				"north": {"uv": [4.5, 10.25, 4.75, 10.5], "texture": "#9"},
				"east": {"uv": [4.5, 10.25, 5.75, 12], "texture": "#9"},
				"south": {"uv": [4.5, 10.25, 4.75, 10.5], "texture": "#9"},
				"west": {"uv": [12.25, 6, 13.1875, 6.9375], "texture": "#missing"},
				"up": {"uv": [4.5, 10.25, 4.75, 10.5], "texture": "#9"},
				"down": {"uv": [4.5, 10.25, 4.75, 10.5], "texture": "#9"}
			}
		},
		{
			"name": "props",
			"from": [19.75, -12, 7],
			"to": [20.25, -10.5, 9],
			"faces": {
				"north": {"uv": [4.5, 10.25, 4.75, 10.5], "texture": "#9"},
				"east": {"uv": [4.25, 10.5, 6, 11.75], "texture": "#9"},
				"south": {"uv": [4.5, 10.25, 4.75, 10.5], "texture": "#9"},
				"west": {"uv": [12.25, 6, 13.1875, 6.9375], "texture": "#missing"},
				"up": {"uv": [4.5, 10.25, 4.75, 10.5], "texture": "#9"},
				"down": {"uv": [4.5, 10.25, 4.75, 10.5], "texture": "#9"}
			}
		},
		{
			"name": "props",
			"from": [19.75, -11.7, 9],
			"to": [20.25, -10.8, 11.25],
			"faces": {
				"north": {"uv": [4.5, 10.25, 4.75, 10.5], "texture": "#9"},
				"east": {"uv": [6, 10.75, 8, 11.5], "texture": "#9"},
				"south": {"uv": [4.5, 10.25, 4.75, 10.5], "texture": "#9"},
				"west": {"uv": [12.25, 6, 13.1875, 6.9375], "texture": "#missing"},
				"up": {"uv": [4.5, 10.25, 4.75, 10.5], "texture": "#9"},
				"down": {"uv": [4.5, 10.25, 4.75, 10.5], "texture": "#9"}
			}
		},
		{
			"name": "props",
			"from": [19.75, -11.7, 4.75],
			"to": [20.25, -10.8, 7],
			"faces": {
				"north": {"uv": [4.5, 10.25, 4.75, 10.5], "texture": "#9"},
				"east": {"uv": [6, 10.75, 8, 11.5], "texture": "#9"},
				"south": {"uv": [4.5, 10.25, 4.75, 10.5], "texture": "#9"},
				"west": {"uv": [12.25, 6, 13.1875, 6.9375], "texture": "#missing"},
				"up": {"uv": [4.5, 10.25, 4.75, 10.5], "texture": "#9"},
				"down": {"uv": [4.5, 10.25, 4.75, 10.5], "texture": "#9"}
			}
		},
		{
			"name": "props",
			"from": [17.975, -11.7, 4.725],
			"to": [20.225, -10.8, 5.225],
			"faces": {
				"north": {"uv": [6, 10.75, 8, 11.5], "texture": "#9"},
				"east": {"uv": [4.5, 10.25, 4.75, 10.5], "texture": "#9"},
				"south": {"uv": [12.25, 6, 13.1875, 6.9375], "texture": "#missing"},
				"west": {"uv": [4.5, 10.25, 4.75, 10.5], "texture": "#9"},
				"up": {"uv": [4.5, 10.25, 4.75, 10.5], "rotation": 270, "texture": "#9"},
				"down": {"uv": [4.5, 10.25, 4.75, 10.5], "rotation": 90, "texture": "#9"}
			}
		},
		{
			"name": "props",
			"from": [15.725, -11.7, 4.725],
			"to": [17.975, -10.8, 5.225],
			"faces": {
				"north": {"uv": [6, 10.75, 8, 11.5], "texture": "#9"},
				"east": {"uv": [4.5, 10.25, 4.75, 10.5], "texture": "#9"},
				"south": {"uv": [12.25, 6, 13.1875, 6.9375], "texture": "#missing"},
				"west": {"uv": [4.5, 10.25, 4.75, 10.5], "texture": "#9"},
				"up": {"uv": [4.5, 10.25, 4.75, 10.5], "rotation": 270, "texture": "#9"},
				"down": {"uv": [4.5, 10.25, 4.75, 10.5], "rotation": 90, "texture": "#9"}
			}
		},
		{
			"name": "props",
			"from": [17.95, -11.7, 10.775],
			"to": [20.2, -10.8, 11.275],
			"faces": {
				"north": {"uv": [12.25, 6, 13.1875, 6.9375], "texture": "#missing"},
				"east": {"uv": [4.5, 10.25, 4.75, 10.5], "texture": "#9"},
				"south": {"uv": [6, 10.75, 8, 11.5], "texture": "#9"},
				"west": {"uv": [4.5, 10.25, 4.75, 10.5], "texture": "#9"},
				"up": {"uv": [4.5, 10.25, 4.75, 10.5], "rotation": 90, "texture": "#9"},
				"down": {"uv": [4.5, 10.25, 4.75, 10.5], "rotation": 270, "texture": "#9"}
			}
		},
		{
			"name": "props",
			"from": [15.7, -11.7, 10.775],
			"to": [17.95, -10.8, 11.275],
			"faces": {
				"north": {"uv": [12.25, 6, 13.1875, 6.9375], "texture": "#missing"},
				"east": {"uv": [4.5, 10.25, 4.75, 10.5], "texture": "#9"},
				"south": {"uv": [6, 10.75, 8, 11.5], "texture": "#9"},
				"west": {"uv": [4.5, 10.25, 4.75, 10.5], "texture": "#9"},
				"up": {"uv": [4.5, 10.25, 4.75, 10.5], "rotation": 90, "texture": "#9"},
				"down": {"uv": [4.5, 10.25, 4.75, 10.5], "rotation": 270, "texture": "#9"}
			}
		},
		{
			"from": [0, -14, 17],
			"to": [4, -10, 18],
			"faces": {
				"north": {"uv": [0, 0, 4, 4], "texture": "#missing"},
				"east": {"uv": [0, 0, 1, 1], "texture": "#8"},
				"south": {"uv": [8, 8, 16, 16], "texture": "#8"},
				"west": {"uv": [0, 0, 1, 1], "texture": "#8"},
				"up": {"uv": [0, 0, 1, 1], "texture": "#8"},
				"down": {"uv": [0, 0, 1, 1], "texture": "#8"}
			}
		},
		{
			"from": [-5, -16, 3.15],
			"to": [-2, -10.6, 12.9],
			"faces": {
				"north": {"uv": [2.6875, 9, 4, 12], "texture": "#9"},
				"east": {"uv": [0, 9, 4, 12], "texture": "#9"},
				"south": {"uv": [0, 9, 1.3125, 12], "texture": "#9"},
				"west": {"uv": [0, 9, 4, 12], "texture": "#9"},
				"up": {"uv": [0.25, 8.25, 0.75, 8.75], "texture": "#9"},
				"down": {"uv": [0.25, 8.25, 0.75, 8.75], "texture": "#9"}
			}
		},
		{
			"from": [-4.25, -10.6, 5.65],
			"to": [-3.75, -9.45, 6.8],
			"faces": {
				"north": {"uv": [0.25, 8.25, 0.75, 8.75], "texture": "#9"},
				"east": {"uv": [1, 8.5, 1.5, 9], "texture": "#9"},
				"south": {"uv": [0.25, 8.25, 0.75, 8.75], "texture": "#9"},
				"west": {"uv": [1, 8.5, 1.5, 9], "texture": "#9"},
				"up": {"uv": [0.25, 8.25, 0.75, 8.75], "texture": "#9"},
				"down": {"uv": [0, 0, 0, 8.75], "texture": "#missing"}
			}
		},
		{
			"from": [-4.25, -10.6, 9.15],
			"to": [-3.75, -9.45, 10.3],
			"faces": {
				"north": {"uv": [0.25, 8.25, 0.75, 8.75], "texture": "#9"},
				"east": {"uv": [1, 8.5, 1.5, 9], "texture": "#9"},
				"south": {"uv": [0.25, 8.25, 0.75, 8.75], "texture": "#9"},
				"west": {"uv": [1, 8.5, 1.5, 9], "texture": "#9"},
				"up": {"uv": [0.25, 8.25, 0.75, 8.75], "texture": "#9"},
				"down": {"uv": [0, 0, 0, 8.75], "texture": "#missing"}
			}
		},
		{
			"from": [-4.25, -10.075, 5.65],
			"to": [-3.75, -9.425, 10.3],
			"faces": {
				"north": {"uv": [0.25, 8.25, 0.75, 8.75], "texture": "#9"},
				"east": {"uv": [1, 8.5, 3, 8.75], "texture": "#9"},
				"south": {"uv": [0.25, 8.25, 0.75, 8.75], "texture": "#9"},
				"west": {"uv": [1, 8.5, 3, 8.75], "texture": "#9"},
				"up": {"uv": [0.25, 8.25, 0.75, 8.75], "texture": "#9"},
				"down": {"uv": [0, 0, 0, 8.75], "texture": "#missing"}
			}
		}
	],
	"display": {
		"thirdperson_righthand": {
			"rotation": [-179.28, 2.1, -179.24],
			"translation": [0, -0.5, 0],
			"scale": [0.13, 0.13, 0.13]
		},
		"thirdperson_lefthand": {
			"scale": [0.13, 0.13, 0.13]
		},
		"firstperson_righthand": {
			"scale": [0.13, 0.13, 0.13]
		},
		"firstperson_lefthand": {
			"translation": [-8.25, 7.75, -80],
			"scale": [4, 4, 4]
		},
		"ground": {
			"scale": [0.13, 0.13, 0.13]
		},
		"gui": {
			"rotation": [0, 0, 42.75],
			"translation": [-3, 2.5, 0],
			"scale": [0.37422, 0.40156, 0.3]
		},
		"head": {
			"rotation": [-180, 0.5, -180],
			"translation": [0, -0.5, -0.5],
			"scale": [0.82031, 1.01758, 0.72656]
		},
		"fixed": {
			"rotation": [-180, 0.75, -180],
			"translation": [0, 4, 15],
			"scale": [0.65625, 0.49609, 1.80078]
		}
	},
	"groups": [
		{
			"name": "head",
			"origin": [0, 0, 0],
			"color": 0,
			"children": [
				0,
				1,
				2,
				3,
				{
					"name": "hair",
					"origin": [0, 0, 0],
					"color": 0,
					"children": [4, 5, 6, 7, 8, 9, 10, 11, 12, 13, 14]
				}
			]
		},
		{
			"name": "body",
			"origin": [0, 0, 0],
			"color": 0,
			"children": [15, 16, 17]
		},
		18,
		19,
		20,
		21,
		22,
		23,
		24,
		25,
		26,
		27,
		{
			"name": "bag",
			"origin": [8, 8, 8],
			"color": 0,
			"children": [28, 29, 30, 31]
		}
	]
}