{
  "model": {
      "type": "range_dispatch",
      "property": "custom_model_data",
      "entries": [
          {
              "threshold": 9901,
              "model": {
                  "type": "model",
                  "model": "item/special_items/red_flag"
              }
          },
          {
              "threshold": 9902,
              "model": {
                  "type": "model",
                  "model": "item/special_items/blue_flag"
              }
          },
          {
            "threshold": 9903,
            "model": {
                "type": "model",
                "model": "item/special_items/wand"
            }
        }
      ],
      "fallback": {
          "type": "model",
          "model": "item/carrot_on_a_stick"
      }
  }
}