{
    "type": "minecraft:crafting_shaped",
    "pattern": [
        " G ",
        "GIG",
        " G "
    ],
    "key": {
        "I": "minecraft:ender_pearl",
        "G": [
            "minecraft:amethyst_shard",
            "minecraft:diamond"
        ]
    },
    "result": {
        "id": "minecraft:armor_stand",
        "components": {
        "minecraft:custom_model_data": {"floats":[110]},
        "entity_data": {
            "id":"armor_stand",
            "Invisible":true,
            "CustomName":[{"text":"Not Linked","color":"red"}],
            "CustomNameVisible":true,
            "Invulnerable":true,
            "NoGravity":true,
            "PersistenceRequired":true,
            "Tags":["tps_teleporter"],
            "DisabledSlots":4144959
        },
        "minecraft:damage": 0,
        "!minecraft:max_damage": {},
        "minecraft:max_stack_size": 1,
        "minecraft:lore": [
            {"text":"Place 2 points to link 2 locations","color":"gray","italic":false},
            {"text":"Point #1","color":"aqua","italic":false}
        ],
        "minecraft:item_name": {"text":"Teleporter","color":"white","italic":false}
        },
        "count": 1
    }
}