{
    "type": "minecraft:crafting_shaped",
    "pattern": [
        "G G",
        "I I",
        "III"
    ],
    "key": {
        "I": "minecraft:copper_ingot",
        "G": "minecraft:amethyst_shard"
    },
    "result": {
        "id": "minecraft:paper",
        "components": {
        "minecraft:custom_model_data": {"floats":[101]},
        "minecraft:lore": ["[\"\",{\"text\":\"Radius : \",\"italic\":false,\"color\":\"gray\"},{\"text\":\"8\",\"italic\":false,\"color\":\"green\"}]"],
        "minecraft:item_name": "{\"text\":\"Super Item Magnet\",\"italic\":false}"
        },
        "count": 1
    }
}