{
    "type": "minecraft:crafting_shaped",
    "pattern": [
        "HH",
        "HI",
        " I"
    ],
    "key": {
        "I": "minecraft:stick",
        "H": "minecraft:gold_block"
    },
    "result": {
        "id": "minecraft:golden_axe",
        "components": {
        "minecraft:custom_model_data": {"floats":[101]},
        "minecraft:max_damage": 60,
        "minecraft:lore": [
            {"text":"Vein Mining","italic":false,"color":"gray"}
        ],
        "minecraft:item_name": {"text":"Golden Tree Axe","italic":false}
        },
        "count": 1
    }
}