{
	"credit": "Made with Blockbench",
	"textures": {
		"0": "item/crossbow/g3",
		"1": "item/crossbow/j2",
		"2": "item/crossbow/n1",
		"3": "item/crossbow/bl1",
		"particle": "item/crossbow/g3"
	},
	"elements": [
		{
			"from": [9, 5.75, 5.5],
			"to": [11, 10.5, 10.5],
			"faces": {
				"north": {"uv": [0, 0, 2, 4.75], "texture": "#0"},
				"east": {"uv": [0, 0, 5, 4.75], "texture": "#0"},
				"south": {"uv": [0, 0, 2, 4.75], "texture": "#0"},
				"west": {"uv": [0, 0, 5, 4.75], "texture": "#0"},
				"up": {"uv": [0, 0, 2, 5], "texture": "#0"},
				"down": {"uv": [0, 0, 2, 5], "texture": "#0"}
			}
		},
		{
			"from": [7.5, 6, 6],
			"to": [8.25, 10, 10],
			"faces": {
				"north": {"uv": [0, 0, 0.75, 4], "texture": "#3"},
				"east": {"uv": [0, 0, 4, 4], "texture": "#3"},
				"south": {"uv": [0, 0, 0.75, 4], "texture": "#3"},
				"west": {"uv": [0, 0, 4, 4], "texture": "#3"},
				"up": {"uv": [0, 0, 0.75, 4], "texture": "#3"},
				"down": {"uv": [0, 0, 0.75, 4], "texture": "#3"}
			}
		},
		{
			"from": [2.5, 7.5, 10.5],
			"to": [6.5, 8.5, 11],
			"faces": {
				"north": {"uv": [0, 0, 4, 1], "texture": "#3"},
				"east": {"uv": [0, 0, 0.5, 1], "texture": "#3"},
				"south": {"uv": [0, 0, 4, 1], "texture": "#3"},
				"west": {"uv": [0, 0, 0.5, 1], "texture": "#3"},
				"up": {"uv": [0, 0, 4, 0.5], "texture": "#3"},
				"down": {"uv": [0, 0, 4, 0.5], "texture": "#3"}
			}
		},
		{
			"from": [2.5, 7.5, 5],
			"to": [6.5, 8.5, 5.5],
			"faces": {
				"north": {"uv": [0, 0, 4, 1], "texture": "#3"},
				"east": {"uv": [0, 0, 0.5, 1], "texture": "#3"},
				"south": {"uv": [0, 0, 4, 1], "texture": "#3"},
				"west": {"uv": [0, 0, 0.5, 1], "texture": "#3"},
				"up": {"uv": [0, 0, 4, 0.5], "texture": "#3"},
				"down": {"uv": [0, 0, 4, 0.5], "texture": "#3"}
			}
		},
		{
			"from": [2.5, 10.25, 7.5],
			"to": [6.5, 11.25, 8.5],
			"faces": {
				"north": {"uv": [0, 0, 4, 1], "texture": "#3"},
				"east": {"uv": [0, 0, 1, 1], "texture": "#3"},
				"south": {"uv": [0, 0, 4, 1], "texture": "#3"},
				"west": {"uv": [0, 0, 1, 1], "texture": "#3"},
				"up": {"uv": [0, 0, 4, 1], "texture": "#3"},
				"down": {"uv": [0, 0, 4, 1], "texture": "#3"}
			}
		},
		{
			"from": [2.5, 4.5, 7.5],
			"to": [6.5, 5.5, 8.5],
			"faces": {
				"north": {"uv": [0, 0, 4, 1], "texture": "#3"},
				"east": {"uv": [0, 0, 1, 1], "texture": "#3"},
				"south": {"uv": [0, 0, 4, 1], "texture": "#3"},
				"west": {"uv": [0, 0, 16, 15], "texture": "#3"},
				"up": {"uv": [0, 0, 4, 1], "texture": "#3"},
				"down": {"uv": [0, 0, 4, 1], "texture": "#3"}
			}
		},
		{
			"from": [11, 6.25, 5.75],
			"to": [14, 7, 6],
			"faces": {
				"north": {"uv": [0, 0, 3, 0.75], "texture": "#1"},
				"east": {"uv": [0, 0, 0.25, 0.75], "texture": "#1"},
				"south": {"uv": [0, 0, 3, 0.75], "texture": "#1"},
				"west": {"uv": [0, 0, 0.25, 0.75], "texture": "#1"},
				"up": {"uv": [0, 0, 3, 0.25], "texture": "#1"},
				"down": {"uv": [0, 0, 3, 0.25], "texture": "#1"}
			}
		},
		{
			"from": [11, 6.5, 5.5],
			"to": [13.75, 6.75, 5.75],
			"faces": {
				"north": {"uv": [0, 0, 2.75, 0.25], "texture": "#3"},
				"east": {"uv": [0, 0, 0.25, 0.25], "texture": "#3"},
				"south": {"uv": [0, 0, 2.75, 0.25], "texture": "#3"},
				"west": {"uv": [0, 0, 0.25, 0.25], "texture": "#3"},
				"up": {"uv": [0, 0, 2.75, 0.25], "texture": "#3"},
				"down": {"uv": [0, 0, 2.75, 0.25], "texture": "#3"}
			}
		},
		{
			"from": [13.25, 7, 5.75],
			"to": [16, 7.75, 6],
			"faces": {
				"north": {"uv": [0, 0, 2.75, 0.75], "texture": "#1"},
				"east": {"uv": [0, 0, 0.25, 0.75], "texture": "#1"},
				"south": {"uv": [0, 0, 2.75, 0.75], "texture": "#1"},
				"west": {"uv": [0, 0, 0.25, 0.75], "texture": "#1"},
				"up": {"uv": [0, 0, 2.75, 0.25], "texture": "#1"},
				"down": {"uv": [0, 0, 2.75, 0.25], "texture": "#1"}
			}
		},
		{
			"from": [13.5, 7.25, 5.5],
			"to": [16, 7.5, 5.75],
			"faces": {
				"north": {"uv": [0, 0, 2.5, 0.25], "texture": "#3"},
				"east": {"uv": [0, 0, 0.25, 0.25], "texture": "#3"},
				"south": {"uv": [0, 0, 2.5, 0.25], "texture": "#3"},
				"west": {"uv": [0, 0, 0.25, 0.25], "texture": "#3"},
				"up": {"uv": [0, 0, 2.5, 0.25], "texture": "#3"},
				"down": {"uv": [0, 0, 2.5, 0.25], "texture": "#3"}
			}
		},
		{
			"from": [13.5, 6.75, 5.5],
			"to": [13.75, 7.25, 5.75],
			"faces": {
				"north": {"uv": [0, 0, 0.25, 0.5], "texture": "#3"},
				"east": {"uv": [0, 0, 0.25, 0.5], "texture": "#3"},
				"south": {"uv": [0, 0, 0.25, 0.5], "texture": "#3"},
				"west": {"uv": [0, 0, 0.25, 0.5], "texture": "#3"},
				"up": {"uv": [0, 0, 0.25, 0.25], "texture": "#3"},
				"down": {"uv": [0, 0, 0.25, 0.25], "texture": "#3"}
			}
		},
		{
			"from": [7, 5, 5],
			"to": [9, 11, 6],
			"faces": {
				"north": {"uv": [0, 0, 2, 6], "texture": "#0"},
				"east": {"uv": [0, 0, 1, 6], "texture": "#0"},
				"south": {"uv": [0, 0, 2, 6], "texture": "#0"},
				"west": {"uv": [0, 0, 1, 6], "texture": "#0"},
				"up": {"uv": [0, 0, 2, 1], "texture": "#0"},
				"down": {"uv": [0, 0, 2, 1], "texture": "#0"}
			}
		},
		{
			"from": [9, 7.5, 5],
			"to": [11, 8.5, 5.5],
			"faces": {
				"north": {"uv": [0, 0, 2, 6], "texture": "#1"},
				"east": {"uv": [0, 0, 1, 6], "texture": "#1"},
				"south": {"uv": [0, 0, 2, 6], "texture": "#1"},
				"west": {"uv": [0, 0, 1, 6], "texture": "#1"},
				"up": {"uv": [0, 0, 2, 1], "texture": "#1"},
				"down": {"uv": [0, 0, 2, 1], "texture": "#1"}
			}
		},
		{
			"from": [8.25, 7.5, 4.5],
			"to": [9.5, 8.5, 5],
			"faces": {
				"north": {"uv": [0, 0, 2, 6], "texture": "#1"},
				"east": {"uv": [0, 0, 1, 6], "texture": "#1"},
				"south": {"uv": [0, 0, 2, 6], "texture": "#1"},
				"west": {"uv": [0, 0, 1, 6], "texture": "#1"},
				"up": {"uv": [0, 0, 2, 1], "texture": "#1"},
				"down": {"uv": [0, 0, 2, 1], "texture": "#1"}
			}
		},
		{
			"from": [7, 7.5, 4],
			"to": [8.5, 8.5, 4.5],
			"faces": {
				"north": {"uv": [0, 0, 2, 6], "texture": "#1"},
				"east": {"uv": [0, 0, 1, 6], "texture": "#1"},
				"south": {"uv": [0, 0, 2, 6], "texture": "#1"},
				"west": {"uv": [0, 0, 1, 6], "texture": "#1"},
				"up": {"uv": [0, 0, 2, 1], "texture": "#1"},
				"down": {"uv": [0, 0, 2, 1], "texture": "#1"}
			}
		},
		{
			"from": [3.75, 8.25, 2.75],
			"to": [7.75, 8.5, 3],
			"faces": {
				"north": {"uv": [0, 0, 2, 6], "texture": "#3"},
				"east": {"uv": [0, 0, 1, 6], "texture": "#3"},
				"south": {"uv": [0, 0, 2, 6], "texture": "#3"},
				"west": {"uv": [0, 0, 1, 6], "texture": "#3"},
				"up": {"uv": [0, 0, 2, 1], "texture": "#3"},
				"down": {"uv": [0, 0, 2, 1], "texture": "#3"}
			}
		},
		{
			"from": [3.75, 8.25, 13],
			"to": [5.5, 8.5, 13.25],
			"faces": {
				"north": {"uv": [0, 0, 2, 6], "texture": "#3"},
				"east": {"uv": [0, 0, 1, 6], "texture": "#3"},
				"south": {"uv": [0, 0, 2, 6], "texture": "#3"},
				"west": {"uv": [0, 0, 1, 6], "texture": "#3"},
				"up": {"uv": [0, 0, 2, 1], "texture": "#3"},
				"down": {"uv": [0, 0, 2, 1], "texture": "#3"}
			}
		},
		{
			"from": [5.25, 8.5, 13],
			"to": [5.5, 8.75, 13.25],
			"faces": {
				"north": {"uv": [0, 0, 2, 6], "texture": "#3"},
				"east": {"uv": [0, 0, 1, 6], "texture": "#3"},
				"south": {"uv": [0, 0, 2, 6], "texture": "#3"},
				"west": {"uv": [0, 0, 1, 6], "texture": "#3"},
				"up": {"uv": [0, 0, 2, 1], "texture": "#3"},
				"down": {"uv": [0, 0, 2, 1], "texture": "#3"}
			}
		},
		{
			"from": [5.25, 8.5, 2.75],
			"to": [5.5, 8.75, 3],
			"faces": {
				"north": {"uv": [0, 0, 2, 6], "texture": "#3"},
				"east": {"uv": [0, 0, 1, 6], "texture": "#3"},
				"south": {"uv": [0, 0, 2, 6], "texture": "#3"},
				"west": {"uv": [0, 0, 1, 6], "texture": "#3"},
				"up": {"uv": [0, 0, 2, 1], "texture": "#3"},
				"down": {"uv": [0, 0, 2, 1], "texture": "#3"}
			}
		},
		{
			"from": [3.25, 8.25, 13.25],
			"to": [4, 8.5, 13.5],
			"faces": {
				"north": {"uv": [0, 0, 2, 6], "texture": "#3"},
				"east": {"uv": [0, 0, 1, 6], "texture": "#3"},
				"south": {"uv": [0, 0, 2, 6], "texture": "#3"},
				"west": {"uv": [0, 0, 1, 6], "texture": "#3"},
				"up": {"uv": [0, 0, 2, 1], "texture": "#3"},
				"down": {"uv": [0, 0, 2, 1], "texture": "#3"}
			}
		},
		{
			"from": [1.5, 8.25, 13.5],
			"to": [3.25, 8.5, 13.75],
			"faces": {
				"north": {"uv": [0, 0, 2, 6], "texture": "#3"},
				"east": {"uv": [0, 0, 1, 6], "texture": "#3"},
				"south": {"uv": [0, 0, 2, 6], "texture": "#3"},
				"west": {"uv": [0, 0, 1, 6], "texture": "#3"},
				"up": {"uv": [0, 0, 2, 1], "texture": "#3"},
				"down": {"uv": [0, 0, 2, 1], "texture": "#3"}
			}
		},
		{
			"from": [7.5, 8.25, 3],
			"to": [7.75, 8.5, 4],
			"faces": {
				"north": {"uv": [0, 0, 2, 6], "texture": "#3"},
				"east": {"uv": [0, 0, 1, 6], "texture": "#3"},
				"south": {"uv": [0, 0, 2, 6], "texture": "#3"},
				"west": {"uv": [0, 0, 1, 6], "texture": "#3"},
				"up": {"uv": [0, 0, 2, 1], "texture": "#3"},
				"down": {"uv": [0, 0, 2, 1], "texture": "#3"}
			}
		},
		{
			"from": [8.5, 8, 3.75],
			"to": [8.75, 8.25, 4.5],
			"faces": {
				"north": {"uv": [0, 0, 2, 6], "texture": "#3"},
				"east": {"uv": [0, 0, 1, 6], "texture": "#3"},
				"south": {"uv": [0, 0, 2, 6], "texture": "#3"},
				"west": {"uv": [0, 0, 1, 6], "texture": "#3"},
				"up": {"uv": [0, 0, 2, 1], "texture": "#3"},
				"down": {"uv": [0, 0, 2, 1], "texture": "#3"}
			}
		},
		{
			"from": [9.5, 8, 4.25],
			"to": [9.75, 8.25, 5],
			"faces": {
				"north": {"uv": [0, 0, 2, 6], "texture": "#3"},
				"east": {"uv": [0, 0, 1, 6], "texture": "#3"},
				"south": {"uv": [0, 0, 2, 6], "texture": "#3"},
				"west": {"uv": [0, 0, 1, 6], "texture": "#3"},
				"up": {"uv": [0, 0, 2, 1], "texture": "#3"},
				"down": {"uv": [0, 0, 2, 1], "texture": "#3"}
			}
		},
		{
			"from": [7.5, 8, 3.75],
			"to": [8.5, 8.25, 4],
			"faces": {
				"north": {"uv": [0, 0, 2, 6], "texture": "#3"},
				"east": {"uv": [0, 0, 1, 6], "texture": "#3"},
				"south": {"uv": [0, 0, 2, 6], "texture": "#3"},
				"west": {"uv": [0, 0, 1, 6], "texture": "#3"},
				"up": {"uv": [0, 0, 2, 1], "texture": "#3"},
				"down": {"uv": [0, 0, 2, 1], "texture": "#3"}
			}
		},
		{
			"from": [8.75, 8, 4.25],
			"to": [9.5, 8.25, 4.5],
			"faces": {
				"north": {"uv": [0, 0, 2, 6], "texture": "#3"},
				"east": {"uv": [0, 0, 1, 6], "texture": "#3"},
				"south": {"uv": [0, 0, 2, 6], "texture": "#3"},
				"west": {"uv": [0, 0, 1, 6], "texture": "#3"},
				"up": {"uv": [0, 0, 2, 1], "texture": "#3"},
				"down": {"uv": [0, 0, 2, 1], "texture": "#3"}
			}
		},
		{
			"from": [9.75, 8, 4.75],
			"to": [11, 8.25, 5],
			"faces": {
				"north": {"uv": [0, 0, 2, 6], "texture": "#3"},
				"east": {"uv": [0, 0, 1, 6], "texture": "#3"},
				"south": {"uv": [0, 0, 2, 6], "texture": "#3"},
				"west": {"uv": [0, 0, 1, 6], "texture": "#3"},
				"up": {"uv": [0, 0, 2, 1], "texture": "#3"},
				"down": {"uv": [0, 0, 2, 1], "texture": "#3"}
			}
		},
		{
			"from": [3.25, 8.25, 2.5],
			"to": [4, 8.5, 2.75],
			"faces": {
				"north": {"uv": [0, 0, 2, 6], "texture": "#3"},
				"east": {"uv": [0, 0, 1, 6], "texture": "#3"},
				"south": {"uv": [0, 0, 2, 6], "texture": "#3"},
				"west": {"uv": [0, 0, 1, 6], "texture": "#3"},
				"up": {"uv": [0, 0, 2, 1], "texture": "#3"},
				"down": {"uv": [0, 0, 2, 1], "texture": "#3"}
			}
		},
		{
			"from": [1.5, 8.25, 2.25],
			"to": [3.25, 8.5, 2.5],
			"faces": {
				"north": {"uv": [0, 0, 2, 6], "texture": "#3"},
				"east": {"uv": [0, 0, 1, 6], "texture": "#3"},
				"south": {"uv": [0, 0, 2, 6], "texture": "#3"},
				"west": {"uv": [0, 0, 1, 6], "texture": "#3"},
				"up": {"uv": [0, 0, 2, 1], "texture": "#3"},
				"down": {"uv": [0, 0, 2, 1], "texture": "#3"}
			}
		},
		{
			"from": [4.5, 8, 3],
			"to": [7, 8.75, 3.25],
			"faces": {
				"north": {"uv": [0, 0, 2, 6], "texture": "#1"},
				"east": {"uv": [0, 0, 1, 6], "texture": "#1"},
				"south": {"uv": [0, 0, 2, 6], "texture": "#1"},
				"west": {"uv": [0, 0, 1, 6], "texture": "#1"},
				"up": {"uv": [0, 0, 2, 1], "texture": "#1"},
				"down": {"uv": [0, 0, 2, 1], "texture": "#1"}
			}
		},
		{
			"from": [4.5, 8, 12.75],
			"to": [5.75, 8.75, 13],
			"faces": {
				"north": {"uv": [0, 0, 2, 6], "texture": "#1"},
				"east": {"uv": [0, 0, 1, 6], "texture": "#1"},
				"south": {"uv": [0, 0, 2, 6], "texture": "#1"},
				"west": {"uv": [0, 0, 1, 6], "texture": "#1"},
				"up": {"uv": [0, 0, 2, 1], "texture": "#1"},
				"down": {"uv": [0, 0, 2, 1], "texture": "#1"}
			}
		},
		{
			"from": [5, 8.75, 3],
			"to": [5.75, 10.5, 3.25],
			"faces": {
				"north": {"uv": [0, 0, 2, 6], "texture": "#1"},
				"east": {"uv": [0, 0, 1, 6], "texture": "#1"},
				"south": {"uv": [0, 0, 2, 6], "texture": "#1"},
				"west": {"uv": [0, 0, 1, 6], "texture": "#1"},
				"up": {"uv": [0, 0, 2, 1], "texture": "#1"},
				"down": {"uv": [0, 0, 2, 1], "texture": "#1"}
			}
		},
		{
			"from": [5, 8.75, 12.75],
			"to": [5.75, 10.5, 13],
			"faces": {
				"north": {"uv": [0, 0, 2, 6], "texture": "#1"},
				"east": {"uv": [0, 0, 1, 6], "texture": "#1"},
				"south": {"uv": [0, 0, 2, 6], "texture": "#1"},
				"west": {"uv": [0, 0, 1, 6], "texture": "#1"},
				"up": {"uv": [0, 0, 2, 1], "texture": "#1"},
				"down": {"uv": [0, 0, 2, 1], "texture": "#1"}
			}
		},
		{
			"from": [5, 10.5, 3.25],
			"to": [5.75, 11.25, 3.5],
			"faces": {
				"north": {"uv": [0, 0, 2, 6], "texture": "#1"},
				"east": {"uv": [0, 0, 1, 6], "texture": "#1"},
				"south": {"uv": [0, 0, 2, 6], "texture": "#1"},
				"west": {"uv": [0, 0, 1, 6], "texture": "#1"},
				"up": {"uv": [0, 0, 2, 1], "texture": "#1"},
				"down": {"uv": [0, 0, 2, 1], "texture": "#1"}
			}
		},
		{
			"from": [5, 10.5, 12.5],
			"to": [5.75, 11.25, 12.75],
			"faces": {
				"north": {"uv": [0, 0, 2, 6], "texture": "#1"},
				"east": {"uv": [0, 0, 1, 6], "texture": "#1"},
				"south": {"uv": [0, 0, 2, 6], "texture": "#1"},
				"west": {"uv": [0, 0, 1, 6], "texture": "#1"},
				"up": {"uv": [0, 0, 2, 1], "texture": "#1"},
				"down": {"uv": [0, 0, 2, 1], "texture": "#1"}
			}
		},
		{
			"from": [5, 11.25, 3.75],
			"to": [5.75, 12, 4],
			"faces": {
				"north": {"uv": [0, 0, 2, 6], "texture": "#1"},
				"east": {"uv": [0, 0, 1, 6], "texture": "#1"},
				"south": {"uv": [0, 0, 2, 6], "texture": "#1"},
				"west": {"uv": [0, 0, 1, 6], "texture": "#1"},
				"up": {"uv": [0, 0, 2, 1], "texture": "#1"},
				"down": {"uv": [0, 0, 2, 1], "texture": "#1"}
			}
		},
		{
			"from": [5, 11.25, 12],
			"to": [5.75, 12, 12.25],
			"faces": {
				"north": {"uv": [0, 0, 2, 6], "texture": "#1"},
				"east": {"uv": [0, 0, 1, 6], "texture": "#1"},
				"south": {"uv": [0, 0, 2, 6], "texture": "#1"},
				"west": {"uv": [0, 0, 1, 6], "texture": "#1"},
				"up": {"uv": [0, 0, 2, 1], "texture": "#1"},
				"down": {"uv": [0, 0, 2, 1], "texture": "#1"}
			}
		},
		{
			"from": [5, 11.25, 12.25],
			"to": [5.75, 11.5, 12.5],
			"faces": {
				"north": {"uv": [0, 0, 2, 6], "texture": "#1"},
				"east": {"uv": [0, 0, 1, 6], "texture": "#1"},
				"south": {"uv": [0, 0, 2, 6], "texture": "#1"},
				"west": {"uv": [0, 0, 1, 6], "texture": "#1"},
				"up": {"uv": [0, 0, 2, 1], "texture": "#1"},
				"down": {"uv": [0, 0, 2, 1], "texture": "#1"}
			}
		},
		{
			"from": [5, 11.25, 3.5],
			"to": [5.75, 11.5, 3.75],
			"faces": {
				"north": {"uv": [0, 0, 2, 6], "texture": "#1"},
				"east": {"uv": [0, 0, 1, 6], "texture": "#1"},
				"south": {"uv": [0, 0, 2, 6], "texture": "#1"},
				"west": {"uv": [0, 0, 1, 6], "texture": "#1"},
				"up": {"uv": [0, 0, 2, 1], "texture": "#1"},
				"down": {"uv": [0, 0, 2, 1], "texture": "#1"}
			}
		},
		{
			"from": [5, 11.75, 4],
			"to": [5.75, 12.25, 5],
			"faces": {
				"north": {"uv": [0, 0, 2, 6], "texture": "#1"},
				"east": {"uv": [0, 0, 1, 6], "texture": "#1"},
				"south": {"uv": [0, 0, 2, 6], "texture": "#1"},
				"west": {"uv": [0, 0, 1, 6], "texture": "#1"},
				"up": {"uv": [0, 0, 2, 1], "texture": "#1"},
				"down": {"uv": [0, 0, 2, 1], "texture": "#1"}
			}
		},
		{
			"from": [5, 11.75, 11],
			"to": [5.75, 12.25, 12],
			"faces": {
				"north": {"uv": [0, 0, 2, 6], "texture": "#1"},
				"east": {"uv": [0, 0, 1, 6], "texture": "#1"},
				"south": {"uv": [0, 0, 2, 6], "texture": "#1"},
				"west": {"uv": [0, 0, 1, 6], "texture": "#1"},
				"up": {"uv": [0, 0, 2, 1], "texture": "#1"},
				"down": {"uv": [0, 0, 2, 1], "texture": "#1"}
			}
		},
		{
			"from": [5, 12.5, 5],
			"to": [5.75, 12.75, 5.75],
			"faces": {
				"north": {"uv": [0, 0, 2, 6], "texture": "#1"},
				"east": {"uv": [0, 0, 1, 6], "texture": "#1"},
				"south": {"uv": [0, 0, 2, 6], "texture": "#1"},
				"west": {"uv": [0, 0, 1, 6], "texture": "#1"},
				"up": {"uv": [0, 0, 2, 1], "texture": "#1"},
				"down": {"uv": [0, 0, 2, 1], "texture": "#1"}
			}
		},
		{
			"from": [5, 12.5, 10.25],
			"to": [5.75, 12.75, 11],
			"faces": {
				"north": {"uv": [0, 0, 2, 6], "texture": "#1"},
				"east": {"uv": [0, 0, 1, 6], "texture": "#1"},
				"south": {"uv": [0, 0, 2, 6], "texture": "#1"},
				"west": {"uv": [0, 0, 1, 6], "texture": "#1"},
				"up": {"uv": [0, 0, 2, 1], "texture": "#1"},
				"down": {"uv": [0, 0, 2, 1], "texture": "#1"}
			}
		},
		{
			"from": [5, 12.75, 5.75],
			"to": [5.75, 13, 7.75],
			"faces": {
				"north": {"uv": [0, 0, 2, 6], "texture": "#1"},
				"east": {"uv": [0, 0, 1, 6], "texture": "#1"},
				"south": {"uv": [0, 0, 2, 6], "texture": "#1"},
				"west": {"uv": [0, 0, 1, 6], "texture": "#1"},
				"up": {"uv": [0, 0, 2, 1], "texture": "#1"},
				"down": {"uv": [0, 0, 2, 1], "texture": "#1"}
			}
		},
		{
			"from": [5, 12.75, 8.5],
			"to": [5.75, 13, 10.25],
			"faces": {
				"north": {"uv": [0, 0, 2, 6], "texture": "#1"},
				"east": {"uv": [0, 0, 1, 6], "texture": "#1"},
				"south": {"uv": [0, 0, 2, 6], "texture": "#1"},
				"west": {"uv": [0, 0, 1, 6], "texture": "#1"},
				"up": {"uv": [0, 0, 2, 1], "texture": "#1"},
				"down": {"uv": [0, 0, 2, 1], "texture": "#1"}
			}
		},
		{
			"from": [5, 12.25, 4.75],
			"to": [5.75, 12.75, 5],
			"faces": {
				"north": {"uv": [0, 0, 2, 6], "texture": "#1"},
				"east": {"uv": [0, 0, 1, 6], "texture": "#1"},
				"south": {"uv": [0, 0, 2, 6], "texture": "#1"},
				"west": {"uv": [0, 0, 1, 6], "texture": "#1"},
				"up": {"uv": [0, 0, 2, 1], "texture": "#1"},
				"down": {"uv": [0, 0, 2, 1], "texture": "#1"}
			}
		},
		{
			"from": [5, 12.25, 11],
			"to": [5.75, 12.75, 11.25],
			"faces": {
				"north": {"uv": [0, 0, 2, 6], "texture": "#1"},
				"east": {"uv": [0, 0, 1, 6], "texture": "#1"},
				"south": {"uv": [0, 0, 2, 6], "texture": "#1"},
				"west": {"uv": [0, 0, 1, 6], "texture": "#1"},
				"up": {"uv": [0, 0, 2, 1], "texture": "#1"},
				"down": {"uv": [0, 0, 2, 1], "texture": "#1"}
			}
		},
		{
			"from": [7, 8, 3],
			"to": [7.5, 8.5, 4],
			"faces": {
				"north": {"uv": [0, 0, 2, 6], "texture": "#1"},
				"east": {"uv": [0, 0, 1, 6], "texture": "#1"},
				"south": {"uv": [0, 0, 2, 6], "texture": "#1"},
				"west": {"uv": [0, 0, 1, 6], "texture": "#1"},
				"up": {"uv": [0, 0, 2, 1], "texture": "#1"},
				"down": {"uv": [0, 0, 2, 1], "texture": "#1"}
			}
		},
		{
			"from": [7, 5.5, 4.5],
			"to": [8.25, 10.75, 5],
			"faces": {
				"north": {"uv": [0, 0, 1.25, 5.25], "texture": "#0"},
				"east": {"uv": [0, 0, 0.5, 5.25], "texture": "#0"},
				"south": {"uv": [0, 0, 1.25, 5.25], "texture": "#0"},
				"west": {"uv": [0, 0, 0.5, 5.25], "texture": "#0"},
				"up": {"uv": [0, 0, 1.25, 0.5], "texture": "#0"},
				"down": {"uv": [0, 0, 1.25, 0.5], "texture": "#0"}
			}
		},
		{
			"from": [7, 5.5, 11],
			"to": [8.25, 10.75, 11.5],
			"faces": {
				"north": {"uv": [0, 0, 1.25, 5.25], "texture": "#0"},
				"east": {"uv": [0, 0, 0.5, 5.25], "texture": "#0"},
				"south": {"uv": [0, 0, 1.25, 5.25], "texture": "#0"},
				"west": {"uv": [0, 0, 0.5, 5.25], "texture": "#0"},
				"up": {"uv": [0, 0, 1.25, 0.5], "texture": "#0"},
				"down": {"uv": [0, 0, 1.25, 0.5], "texture": "#0"}
			}
		},
		{
			"from": [7, 10, 6],
			"to": [9, 11, 10],
			"faces": {
				"north": {"uv": [0, 0, 2, 1], "texture": "#0"},
				"east": {"uv": [0, 0, 4, 1], "texture": "#0"},
				"south": {"uv": [0, 0, 2, 1], "texture": "#0"},
				"west": {"uv": [0, 0, 4, 1], "texture": "#0"},
				"up": {"uv": [0, 0, 2, 4], "texture": "#0"},
				"down": {"uv": [0, 0, 2, 4], "texture": "#0"}
			}
		},
		{
			"from": [7, 11, 6],
			"to": [8.25, 11.5, 10],
			"faces": {
				"north": {"uv": [0, 0, 1.25, 0.5], "texture": "#0"},
				"east": {"uv": [0, 0, 4, 0.5], "texture": "#0"},
				"south": {"uv": [0, 0, 1.25, 0.5], "texture": "#0"},
				"west": {"uv": [0, 0, 4, 0.5], "texture": "#0"},
				"up": {"uv": [0, 0, 1.25, 4], "texture": "#0"},
				"down": {"uv": [0, 0, 1.25, 4], "texture": "#0"}
			}
		},
		{
			"from": [7, 4.5, 6],
			"to": [8.25, 5, 10],
			"faces": {
				"north": {"uv": [0, 0, 1.25, 0.5], "texture": "#0"},
				"east": {"uv": [0, 0, 4, 0.5], "texture": "#0"},
				"south": {"uv": [0, 0, 1.25, 0.5], "texture": "#0"},
				"west": {"uv": [0, 0, 4, 0.5], "texture": "#0"},
				"up": {"uv": [0, 0, 1.25, 4], "texture": "#0"},
				"down": {"uv": [0, 0, 1.25, 4], "texture": "#0"}
			}
		},
		{
			"from": [7, 5, 6],
			"to": [9, 6, 10],
			"faces": {
				"north": {"uv": [0, 0, 2, 1], "texture": "#0"},
				"east": {"uv": [0, 0, 4, 1], "texture": "#0"},
				"south": {"uv": [0, 0, 2, 1], "texture": "#0"},
				"west": {"uv": [0, 0, 4, 1], "texture": "#0"},
				"up": {"uv": [0, 0, 2, 4], "texture": "#0"},
				"down": {"uv": [0, 0, 2, 4], "texture": "#0"}
			}
		},
		{
			"from": [2, 4, 5],
			"to": [7, 5, 11],
			"faces": {
				"north": {"uv": [0, 0, 5, 1], "texture": "#0"},
				"east": {"uv": [0, 0, 6, 1], "texture": "#0"},
				"south": {"uv": [0, 0, 5, 1], "texture": "#0"},
				"west": {"uv": [0, 0, 6, 1], "texture": "#0"},
				"up": {"uv": [0, 0, 5, 6], "texture": "#0"},
				"down": {"uv": [0, 0, 5, 6], "texture": "#0"}
			}
		},
		{
			"from": [2, 11, 5],
			"to": [7, 12, 11],
			"faces": {
				"north": {"uv": [0, 0, 5, 1], "texture": "#0"},
				"east": {"uv": [0, 0, 6, 1], "texture": "#0"},
				"south": {"uv": [0, 0, 5, 1], "texture": "#0"},
				"west": {"uv": [0, 0, 6, 1], "texture": "#0"},
				"up": {"uv": [0, 0, 5, 6], "texture": "#0"},
				"down": {"uv": [0, 0, 5, 6], "texture": "#0"}
			}
		},
		{
			"from": [1.5, 11, 5],
			"to": [2, 11.5, 11],
			"faces": {
				"north": {"uv": [0, 0, 0.5, 0.5], "texture": "#0"},
				"east": {"uv": [0, 0, 6, 0.5], "texture": "#0"},
				"south": {"uv": [0, 0, 0.5, 0.5], "texture": "#0"},
				"west": {"uv": [0, 0, 6, 0.5], "texture": "#0"},
				"up": {"uv": [0, 0, 0.5, 6], "texture": "#0"},
				"down": {"uv": [0, 0, 0.5, 6], "texture": "#0"}
			}
		},
		{
			"from": [1.5, 11.5, 5.25],
			"to": [2, 11.75, 10.75],
			"faces": {
				"north": {"uv": [0, 0, 0.5, 0.25], "texture": "#0"},
				"east": {"uv": [0, 0, 5.5, 0.25], "texture": "#0"},
				"south": {"uv": [0, 0, 0.5, 0.25], "texture": "#0"},
				"west": {"uv": [0, 0, 5.5, 0.25], "texture": "#0"},
				"up": {"uv": [0, 0, 0.5, 5.5], "texture": "#0"},
				"down": {"uv": [0, 0, 0.5, 5.5], "texture": "#0"}
			}
		},
		{
			"from": [1.5, 4.25, 5.25],
			"to": [2, 4.5, 10.75],
			"faces": {
				"north": {"uv": [0, 0, 0.5, 0.25], "texture": "#0"},
				"east": {"uv": [0, 0, 5.5, 0.25], "texture": "#0"},
				"south": {"uv": [0, 0, 0.5, 0.25], "texture": "#0"},
				"west": {"uv": [0, 0, 5.5, 0.25], "texture": "#0"},
				"up": {"uv": [0, 0, 0.5, 5.5], "texture": "#0"},
				"down": {"uv": [0, 0, 0.5, 5.5], "texture": "#0"}
			}
		},
		{
			"from": [1.5, 11.75, 5.75],
			"to": [2, 12, 10.25],
			"faces": {
				"north": {"uv": [0, 0, 0.5, 0.25], "texture": "#0"},
				"east": {"uv": [0, 0, 4.5, 0.25], "texture": "#0"},
				"south": {"uv": [0, 0, 0.5, 0.25], "texture": "#0"},
				"west": {"uv": [0, 0, 4.5, 0.25], "texture": "#0"},
				"up": {"uv": [0, 0, 0.5, 4.5], "texture": "#0"},
				"down": {"uv": [0, 0, 0.5, 4.5], "texture": "#0"}
			}
		},
		{
			"from": [1.5, 4, 5.75],
			"to": [2, 4.25, 10.25],
			"faces": {
				"north": {"uv": [0, 0, 0.5, 0.25], "texture": "#0"},
				"east": {"uv": [0, 0, 4.5, 0.25], "texture": "#0"},
				"south": {"uv": [0, 0, 0.5, 0.25], "texture": "#0"},
				"west": {"uv": [0, 0, 4.5, 0.25], "texture": "#0"},
				"up": {"uv": [0, 0, 0.5, 4.5], "texture": "#0"},
				"down": {"uv": [0, 0, 0.5, 4.5], "texture": "#0"}
			}
		},
		{
			"from": [1.5, 4.5, 5],
			"to": [2, 5, 11],
			"faces": {
				"north": {"uv": [0, 0, 0.5, 0.5], "texture": "#0"},
				"east": {"uv": [0, 0, 6, 0.5], "texture": "#0"},
				"south": {"uv": [0, 0, 0.5, 0.5], "texture": "#0"},
				"west": {"uv": [0, 0, 6, 0.5], "texture": "#0"},
				"up": {"uv": [0, 0, 0.5, 6], "texture": "#0"},
				"down": {"uv": [0, 0, 0.5, 6], "texture": "#0"}
			}
		},
		{
			"from": [2, 12, 5],
			"to": [7, 12.5, 11],
			"faces": {
				"north": {"uv": [0, 0, 5, 0.5], "texture": "#0"},
				"east": {"uv": [0, 0, 6, 0.5], "texture": "#0"},
				"south": {"uv": [0, 0, 5, 0.5], "texture": "#0"},
				"west": {"uv": [0, 0, 6, 0.5], "texture": "#0"},
				"up": {"uv": [0, 0, 5, 6], "texture": "#0"},
				"down": {"uv": [0, 0, 5, 6], "texture": "#0"}
			}
		},
		{
			"from": [2, 12.5, 5.75],
			"to": [6.25, 12.75, 10.25],
			"faces": {
				"north": {"uv": [0, 0, 4.25, 0.25], "texture": "#0"},
				"east": {"uv": [0, 0, 4.5, 0.25], "texture": "#0"},
				"south": {"uv": [0, 0, 4.25, 0.25], "texture": "#0"},
				"west": {"uv": [0, 0, 4.5, 0.25], "texture": "#0"},
				"up": {"uv": [0, 0, 4.25, 4.5], "texture": "#0"},
				"down": {"uv": [0, 0, 4.25, 4.5], "texture": "#0"}
			}
		},
		{
			"from": [2, 12.5, 5.75],
			"to": [6.25, 12.75, 10.25],
			"color": 1,
			"faces": {
				"north": {"uv": [0, 0, 4.25, 0.25], "texture": "#missing"},
				"east": {"uv": [0, 0, 4.5, 0.25], "texture": "#missing"},
				"south": {"uv": [0, 0, 4.25, 0.25], "texture": "#missing"},
				"west": {"uv": [0, 0, 4.5, 0.25], "texture": "#missing"},
				"up": {"uv": [0, 0, 4.25, 4.5], "texture": "#missing"},
				"down": {"uv": [0, 0, 4.25, 4.5], "texture": "#missing"}
			}
		},
		{
			"from": [2, 12.75, 7.25],
			"to": [4.5, 13, 8.5],
			"faces": {
				"north": {"uv": [0, 0, 2.5, 0.25], "texture": "#1"},
				"east": {"uv": [0, 0, 1.25, 0.25], "texture": "#1"},
				"south": {"uv": [0, 0, 2.5, 0.25], "texture": "#1"},
				"west": {"uv": [0, 0, 1.25, 0.25], "texture": "#1"},
				"up": {"uv": [0, 0, 2.5, 1.25], "texture": "#1"},
				"down": {"uv": [0, 0, 2.5, 1.25], "texture": "#1"}
			}
		},
		{
			"from": [2, 3, 7.25],
			"to": [4.5, 3.25, 8.5],
			"faces": {
				"north": {"uv": [0, 0, 2.5, 0.25], "texture": "#1"},
				"east": {"uv": [0, 0, 1.25, 0.25], "texture": "#1"},
				"south": {"uv": [0, 0, 2.5, 0.25], "texture": "#1"},
				"west": {"uv": [0, 0, 1.25, 0.25], "texture": "#1"},
				"up": {"uv": [0, 0, 2.5, 1.25], "texture": "#1"},
				"down": {"uv": [0, 0, 2.5, 1.25], "texture": "#1"}
			}
		},
		{
			"from": [2, 13, 7.25],
			"to": [3.75, 13.25, 8.5],
			"faces": {
				"north": {"uv": [0, 0, 1.75, 0.25], "texture": "#1"},
				"east": {"uv": [0, 0, 1.25, 0.25], "texture": "#1"},
				"south": {"uv": [0, 0, 1.75, 0.25], "texture": "#1"},
				"west": {"uv": [0, 0, 1.25, 0.25], "texture": "#1"},
				"up": {"uv": [0, 0, 1.75, 1.25], "texture": "#1"},
				"down": {"uv": [0, 0, 1.75, 1.25], "texture": "#1"}
			}
		},
		{
			"from": [2, 2.75, 7.25],
			"to": [3.75, 3, 8.5],
			"faces": {
				"north": {"uv": [0, 0, 1.75, 0.25], "texture": "#1"},
				"east": {"uv": [0, 0, 1.25, 0.25], "texture": "#1"},
				"south": {"uv": [0, 0, 1.75, 0.25], "texture": "#1"},
				"west": {"uv": [0, 0, 1.25, 0.25], "texture": "#1"},
				"up": {"uv": [0, 0, 1.75, 1.25], "texture": "#1"},
				"down": {"uv": [0, 0, 1.75, 1.25], "texture": "#1"}
			}
		},
		{
			"from": [1.5, 13.25, 7.25],
			"to": [3, 13.5, 8.5],
			"faces": {
				"north": {"uv": [0, 0, 1.5, 0.25], "texture": "#1"},
				"east": {"uv": [0, 0, 1.25, 0.25], "texture": "#1"},
				"south": {"uv": [0, 0, 1.5, 0.25], "texture": "#1"},
				"west": {"uv": [0, 0, 1.25, 0.25], "texture": "#1"},
				"up": {"uv": [0, 0, 1.5, 1.25], "texture": "#1"},
				"down": {"uv": [0, 0, 1.5, 1.25], "texture": "#1"}
			}
		},
		{
			"from": [1.5, 2.5, 7.25],
			"to": [3, 2.75, 8.5],
			"faces": {
				"north": {"uv": [0, 0, 1.5, 0.25], "texture": "#1"},
				"east": {"uv": [0, 0, 1.25, 0.25], "texture": "#1"},
				"south": {"uv": [0, 0, 1.5, 0.25], "texture": "#1"},
				"west": {"uv": [0, 0, 1.25, 0.25], "texture": "#1"},
				"up": {"uv": [0, 0, 1.5, 1.25], "texture": "#1"},
				"down": {"uv": [0, 0, 1.5, 1.25], "texture": "#1"}
			}
		},
		{
			"from": [0.5, 12.75, 7.75],
			"to": [2, 13, 8],
			"faces": {
				"north": {"uv": [0, 0, 1.5, 0.25], "texture": "#2"},
				"east": {"uv": [0, 0, 0.25, 0.25], "texture": "#2"},
				"south": {"uv": [0, 0, 1.5, 0.25], "texture": "#2"},
				"west": {"uv": [0, 0, 0.25, 0.25], "texture": "#2"},
				"up": {"uv": [0, 0, 1.5, 0.25], "texture": "#2"},
				"down": {"uv": [0, 0, 1.5, 0.25], "texture": "#2"}
			}
		},
		{
			"from": [4.75, 12.75, 7.75],
			"to": [6.25, 13, 8],
			"faces": {
				"north": {"uv": [0, 0, 1.5, 0.25], "texture": "#1"},
				"east": {"uv": [0, 0, 0.25, 0.25], "texture": "#1"},
				"south": {"uv": [0, 0, 1.5, 0.25], "texture": "#1"},
				"west": {"uv": [0, 0, 0.25, 0.25], "texture": "#1"},
				"up": {"uv": [0, 0, 1.5, 0.25], "texture": "#1"},
				"down": {"uv": [0, 0, 1.5, 0.25], "texture": "#1"}
			}
		},
		{
			"from": [4.75, 12.75, 8.25],
			"to": [6.25, 13, 8.5],
			"faces": {
				"north": {"uv": [0, 0, 1.5, 0.25], "texture": "#1"},
				"east": {"uv": [0, 0, 0.25, 0.25], "texture": "#1"},
				"south": {"uv": [0, 0, 1.5, 0.25], "texture": "#1"},
				"west": {"uv": [0, 0, 0.25, 0.25], "texture": "#1"},
				"up": {"uv": [0, 0, 1.5, 0.25], "texture": "#1"},
				"down": {"uv": [0, 0, 1.5, 0.25], "texture": "#1"}
			}
		},
		{
			"from": [4.75, 12.75, 8],
			"to": [5, 13, 8.25],
			"faces": {
				"north": {"uv": [0, 0, 0.25, 0.25], "texture": "#1"},
				"east": {"uv": [0, 0, 0.25, 0.25], "texture": "#1"},
				"south": {"uv": [0, 0, 0.25, 0.25], "texture": "#1"},
				"west": {"uv": [0, 0, 0.25, 0.25], "texture": "#1"},
				"up": {"uv": [0, 0, 0.25, 0.25], "texture": "#1"},
				"down": {"uv": [0, 0, 0.25, 0.25], "texture": "#1"}
			}
		},
		{
			"from": [6, 12.75, 8],
			"to": [6.25, 13, 8.25],
			"faces": {
				"north": {"uv": [0, 0, 0.25, 0.25], "texture": "#1"},
				"east": {"uv": [0, 0, 0.25, 0.25], "texture": "#1"},
				"south": {"uv": [0, 0, 0.25, 0.25], "texture": "#1"},
				"west": {"uv": [0, 0, 0.25, 0.25], "texture": "#1"},
				"up": {"uv": [0, 0, 0.25, 0.25], "texture": "#1"},
				"down": {"uv": [0, 0, 0.25, 0.25], "texture": "#1"}
			}
		},
		{
			"from": [0.5, 8.25, 3],
			"to": [2, 8.5, 3.25],
			"faces": {
				"north": {"uv": [0, 0, 1.5, 0.25], "texture": "#2"},
				"east": {"uv": [0, 0, 0.25, 0.25], "texture": "#2"},
				"south": {"uv": [0, 0, 1.5, 0.25], "texture": "#2"},
				"west": {"uv": [0, 0, 0.25, 0.25], "texture": "#2"},
				"up": {"uv": [0, 0, 1.5, 0.25], "texture": "#2"},
				"down": {"uv": [0, 0, 1.5, 0.25], "texture": "#2"}
			}
		},
		{
			"from": [0.5, 8.25, 12.75],
			"to": [2, 8.5, 13],
			"faces": {
				"north": {"uv": [0, 0, 1.5, 0.25], "texture": "#2"},
				"east": {"uv": [0, 0, 0.25, 0.25], "texture": "#2"},
				"south": {"uv": [0, 0, 1.5, 0.25], "texture": "#2"},
				"west": {"uv": [0, 0, 0.25, 0.25], "texture": "#2"},
				"up": {"uv": [0, 0, 1.5, 0.25], "texture": "#2"},
				"down": {"uv": [0, 0, 1.5, 0.25], "texture": "#2"}
			}
		},
		{
			"from": [2, 10.75, 10.75],
			"to": [6.95, 11, 11],
			"faces": {
				"north": {"uv": [0, 0, 5.25, 0.25], "texture": "#1"},
				"east": {"uv": [0, 0, 0.25, 0.25], "texture": "#1"},
				"south": {"uv": [0, 0, 5.25, 0.25], "texture": "#1"},
				"west": {"uv": [0, 0, 0.25, 0.25], "texture": "#1"},
				"up": {"uv": [0, 0, 5.25, 0.25], "texture": "#1"},
				"down": {"uv": [0, 0, 5.25, 0.25], "texture": "#1"}
			}
		},
		{
			"from": [2, 10.75, 5],
			"to": [6.95, 11, 5.25],
			"faces": {
				"north": {"uv": [0, 0, 5.25, 0.25], "texture": "#1"},
				"east": {"uv": [0, 0, 0.25, 0.25], "texture": "#1"},
				"south": {"uv": [0, 0, 5.25, 0.25], "texture": "#1"},
				"west": {"uv": [0, 0, 0.25, 0.25], "texture": "#1"},
				"up": {"uv": [0, 0, 5.25, 0.25], "texture": "#1"},
				"down": {"uv": [0, 0, 5.25, 0.25], "texture": "#1"}
			}
		},
		{
			"from": [2, 5, 5],
			"to": [6.95, 5.25, 5.25],
			"faces": {
				"north": {"uv": [0, 0, 5.25, 0.25], "texture": "#1"},
				"east": {"uv": [0, 0, 0.25, 0.25], "texture": "#1"},
				"south": {"uv": [0, 0, 5.25, 0.25], "texture": "#1"},
				"west": {"uv": [0, 0, 0.25, 0.25], "texture": "#1"},
				"up": {"uv": [0, 0, 5.25, 0.25], "texture": "#1"},
				"down": {"uv": [0, 0, 5.25, 0.25], "texture": "#1"}
			}
		},
		{
			"from": [2, 5, 10.75],
			"to": [6.95, 5.25, 11],
			"faces": {
				"north": {"uv": [0, 0, 5.25, 0.25], "texture": "#1"},
				"east": {"uv": [0, 0, 0.25, 0.25], "texture": "#1"},
				"south": {"uv": [0, 0, 5.25, 0.25], "texture": "#1"},
				"west": {"uv": [0, 0, 0.25, 0.25], "texture": "#1"},
				"up": {"uv": [0, 0, 5.25, 0.25], "texture": "#1"},
				"down": {"uv": [0, 0, 5.25, 0.25], "texture": "#1"}
			}
		},
		{
			"from": [0.5, 3, 7.75],
			"to": [2, 3.25, 8],
			"faces": {
				"north": {"uv": [0, 0, 1.5, 0.25], "texture": "#2"},
				"east": {"uv": [0, 0, 0.25, 0.25], "texture": "#2"},
				"south": {"uv": [0, 0, 1.5, 0.25], "texture": "#2"},
				"west": {"uv": [0, 0, 0.25, 0.25], "texture": "#2"},
				"up": {"uv": [0, 0, 1.5, 0.25], "texture": "#2"},
				"down": {"uv": [0, 0, 1.5, 0.25], "texture": "#2"}
			}
		},
		{
			"from": [0.25, 2.75, 7.75],
			"to": [0.5, 3.25, 8],
			"faces": {
				"north": {"uv": [0, 0, 0.25, 0.5], "texture": "#2"},
				"east": {"uv": [0, 0, 0.25, 0.5], "texture": "#2"},
				"south": {"uv": [0, 0, 0.25, 0.5], "texture": "#2"},
				"west": {"uv": [0, 0, 0.25, 0.5], "texture": "#2"},
				"up": {"uv": [0, 0, 0.25, 0.25], "texture": "#2"},
				"down": {"uv": [0, 0, 0.25, 0.25], "texture": "#2"}
			}
		},
		{
			"from": [0.25, 12.75, 7.75],
			"to": [0.5, 13.25, 8],
			"faces": {
				"north": {"uv": [0, 0, 0.25, 0.5], "texture": "#2"},
				"east": {"uv": [0, 0, 0.25, 0.5], "texture": "#2"},
				"south": {"uv": [0, 0, 0.25, 0.5], "texture": "#2"},
				"west": {"uv": [0, 0, 0.25, 0.5], "texture": "#2"},
				"up": {"uv": [0, 0, 0.25, 0.25], "texture": "#2"},
				"down": {"uv": [0, 0, 0.25, 0.25], "texture": "#2"}
			}
		},
		{
			"from": [5, 12.75, 8],
			"to": [5.25, 13.25, 8.25],
			"faces": {
				"north": {"uv": [0, 0, 0.25, 0.5], "texture": "#2"},
				"east": {"uv": [0, 0, 0.25, 0.5], "texture": "#2"},
				"south": {"uv": [0, 0, 0.25, 0.5], "texture": "#2"},
				"west": {"uv": [0, 0, 0.25, 0.5], "texture": "#2"},
				"up": {"uv": [0, 0, 0.25, 0.25], "texture": "#2"},
				"down": {"uv": [0, 0, 0.25, 0.25], "texture": "#2"}
			}
		},
		{
			"from": [0.25, 8.25, 2.75],
			"to": [0.5, 8.5, 3.25],
			"faces": {
				"north": {"uv": [0, 0, 0.25, 0.25], "texture": "#2"},
				"east": {"uv": [0, 0, 0.5, 0.25], "texture": "#2"},
				"south": {"uv": [0, 0, 0.25, 0.25], "texture": "#2"},
				"west": {"uv": [0, 0, 0.5, 0.25], "texture": "#2"},
				"up": {"uv": [0, 0, 0.25, 0.5], "texture": "#2"},
				"down": {"uv": [0, 0, 0.25, 0.5], "texture": "#2"}
			}
		},
		{
			"from": [0.25, 8.25, 12.75],
			"to": [0.5, 8.5, 13.25],
			"faces": {
				"north": {"uv": [0, 0, 0.25, 0.25], "texture": "#2"},
				"east": {"uv": [0, 0, 0.5, 0.25], "texture": "#2"},
				"south": {"uv": [0, 0, 0.25, 0.25], "texture": "#2"},
				"west": {"uv": [0, 0, 0.5, 0.25], "texture": "#2"},
				"up": {"uv": [0, 0, 0.25, 0.5], "texture": "#2"},
				"down": {"uv": [0, 0, 0.25, 0.5], "texture": "#2"}
			}
		},
		{
			"from": [2, 12.5, 5.75],
			"to": [6.25, 12.75, 10.25],
			"color": 1,
			"faces": {
				"north": {"uv": [0, 0, 4.25, 0.25], "texture": "#missing"},
				"east": {"uv": [0, 0, 4.5, 0.25], "texture": "#missing"},
				"south": {"uv": [0, 0, 4.25, 0.25], "texture": "#missing"},
				"west": {"uv": [0, 0, 4.5, 0.25], "texture": "#missing"},
				"up": {"uv": [0, 0, 4.25, 4.5], "texture": "#missing"},
				"down": {"uv": [0, 0, 4.25, 4.5], "texture": "#missing"}
			}
		},
		{
			"from": [2, 3.25, 5.75],
			"to": [7, 3.5, 10.25],
			"faces": {
				"north": {"uv": [0, 0, 5, 0.25], "texture": "#0"},
				"east": {"uv": [0, 0, 4.5, 0.25], "texture": "#0"},
				"south": {"uv": [0, 0, 5, 0.25], "texture": "#0"},
				"west": {"uv": [0, 0, 4.5, 0.25], "texture": "#0"},
				"up": {"uv": [0, 0, 5, 4.5], "texture": "#0"},
				"down": {"uv": [0, 0, 5, 4.5], "texture": "#0"}
			}
		},
		{
			"from": [2, 3.5, 5],
			"to": [7, 4, 11],
			"faces": {
				"north": {"uv": [0, 0, 5, 0.5], "texture": "#0"},
				"east": {"uv": [0, 0, 6, 0.5], "texture": "#0"},
				"south": {"uv": [0, 0, 5, 0.5], "texture": "#0"},
				"west": {"uv": [0, 0, 6, 0.5], "texture": "#0"},
				"up": {"uv": [0, 0, 5, 6], "texture": "#0"},
				"down": {"uv": [0, 0, 5, 6], "texture": "#0"}
			}
		},
		{
			"from": [7, 5, 10],
			"to": [9, 11, 11],
			"faces": {
				"north": {"uv": [0, 0, 2, 6], "texture": "#0"},
				"east": {"uv": [0, 0, 1, 6], "texture": "#0"},
				"south": {"uv": [0, 0, 2, 6], "texture": "#0"},
				"west": {"uv": [0, 0, 1, 6], "texture": "#0"},
				"up": {"uv": [0, 0, 2, 1], "texture": "#0"},
				"down": {"uv": [0, 0, 2, 1], "texture": "#0"}
			}
		},
		{
			"from": [2, 4, 4],
			"to": [7, 12, 5],
			"faces": {
				"north": {"uv": [0, 0, 5, 8], "texture": "#0"},
				"east": {"uv": [0, 0, 1, 8], "texture": "#0"},
				"south": {"uv": [0, 0, 5, 8], "texture": "#0"},
				"west": {"uv": [0, 0, 1, 8], "texture": "#0"},
				"up": {"uv": [0, 0, 5, 1], "texture": "#0"},
				"down": {"uv": [0, 0, 5, 1], "texture": "#0"}
			}
		},
		{
			"from": [1.5, 4.5, 11],
			"to": [2, 11.5, 11.5],
			"faces": {
				"north": {"uv": [0, 0, 0.5, 7], "texture": "#0"},
				"east": {"uv": [0, 0, 0.5, 7], "texture": "#0"},
				"south": {"uv": [0, 0, 0.5, 7], "texture": "#0"},
				"west": {"uv": [0, 0, 0.5, 7], "texture": "#0"},
				"up": {"uv": [0, 0, 0.5, 0.5], "texture": "#0"},
				"down": {"uv": [0, 0, 0.5, 0.5], "texture": "#0"}
			}
		},
		{
			"from": [1.5, 4.5, 4.5],
			"to": [2, 11.5, 5],
			"faces": {
				"north": {"uv": [0, 0, 0.5, 7], "texture": "#0"},
				"east": {"uv": [0, 0, 0.5, 7], "texture": "#0"},
				"south": {"uv": [0, 0, 0.5, 7], "texture": "#0"},
				"west": {"uv": [0, 0, 0.5, 7], "texture": "#0"},
				"up": {"uv": [0, 0, 0.5, 0.5], "texture": "#0"},
				"down": {"uv": [0, 0, 0.5, 0.5], "texture": "#0"}
			}
		},
		{
			"from": [1.5, 5, 4.25],
			"to": [2, 11, 4.5],
			"faces": {
				"north": {"uv": [0, 0, 0.5, 6], "texture": "#0"},
				"east": {"uv": [0, 0, 0.25, 6], "texture": "#0"},
				"south": {"uv": [0, 0, 0.5, 6], "texture": "#0"},
				"west": {"uv": [0, 0, 0.25, 6], "texture": "#0"},
				"up": {"uv": [0, 0, 0.5, 0.25], "texture": "#0"},
				"down": {"uv": [0, 0, 0.5, 0.25], "texture": "#0"}
			}
		},
		{
			"from": [1.5, 5, 11.5],
			"to": [2, 11, 11.75],
			"faces": {
				"north": {"uv": [0, 0, 0.5, 6], "texture": "#0"},
				"east": {"uv": [0, 0, 0.25, 6], "texture": "#0"},
				"south": {"uv": [0, 0, 0.5, 6], "texture": "#0"},
				"west": {"uv": [0, 0, 0.25, 6], "texture": "#0"},
				"up": {"uv": [0, 0, 0.5, 0.25], "texture": "#0"},
				"down": {"uv": [0, 0, 0.5, 0.25], "texture": "#0"}
			}
		},
		{
			"from": [1.75, 6, 4],
			"to": [2, 10.5, 4.25],
			"faces": {
				"north": {"uv": [0, 0, 0.25, 4.5], "texture": "#0"},
				"east": {"uv": [0, 0, 0.25, 4.5], "texture": "#0"},
				"south": {"uv": [0, 0, 0.25, 4.5], "texture": "#0"},
				"west": {"uv": [0, 0, 0.25, 4.5], "texture": "#0"},
				"up": {"uv": [0, 0, 0.25, 0.25], "texture": "#0"},
				"down": {"uv": [0, 0, 0.25, 0.25], "texture": "#0"}
			}
		},
		{
			"from": [1.75, 6, 12],
			"to": [2, 10.5, 12.25],
			"faces": {
				"north": {"uv": [0, 0, 0.25, 4.5], "texture": "#0"},
				"east": {"uv": [0, 0, 0.25, 4.5], "texture": "#0"},
				"south": {"uv": [0, 0, 0.25, 4.5], "texture": "#0"},
				"west": {"uv": [0, 0, 0.25, 4.5], "texture": "#0"},
				"up": {"uv": [0, 0, 0.25, 0.25], "texture": "#0"},
				"down": {"uv": [0, 0, 0.25, 0.25], "texture": "#0"}
			}
		},
		{
			"from": [2, 5.5, 3.5],
			"to": [7, 11.25, 4],
			"faces": {
				"north": {"uv": [0, 0, 5, 5.75], "texture": "#0"},
				"east": {"uv": [0, 0, 0.5, 5.75], "texture": "#0"},
				"south": {"uv": [0, 0, 5, 5.75], "texture": "#0"},
				"west": {"uv": [0, 0, 0.5, 5.75], "texture": "#0"},
				"up": {"uv": [0, 0, 5, 0.5], "texture": "#0"},
				"down": {"uv": [0, 0, 5, 0.5], "texture": "#0"}
			}
		},
		{
			"from": [2, 6.25, 3.25],
			"to": [7, 10.5, 3.5],
			"faces": {
				"north": {"uv": [0, 0, 5, 4], "texture": "#0"},
				"east": {"uv": [0, 0, 0.25, 4.25], "texture": "#0"},
				"south": {"uv": [0, 0, 5, 4.25], "texture": "#0"},
				"west": {"uv": [0, 0, 0.25, 4.25], "texture": "#0"},
				"up": {"uv": [0, 0, 5, 0.25], "texture": "#0"},
				"down": {"uv": [0, 0, 5, 0.25], "texture": "#0"}
			}
		},
		{
			"from": [2, 7.75, 3],
			"to": [4.5, 9, 3.25],
			"faces": {
				"north": {"uv": [0, 0, 2.5, 1.25], "texture": "#1"},
				"east": {"uv": [0, 0, 0.25, 1.25], "texture": "#1"},
				"south": {"uv": [0, 0, 2.5, 1.25], "texture": "#1"},
				"west": {"uv": [0, 0, 0.25, 1.25], "texture": "#1"},
				"up": {"uv": [0, 0, 2.5, 0.25], "texture": "#1"},
				"down": {"uv": [0, 0, 2.5, 0.25], "texture": "#1"}
			}
		},
		{
			"from": [2, 7.75, 12.75],
			"to": [4.5, 9, 13],
			"faces": {
				"north": {"uv": [0, 0, 2.5, 1.25], "texture": "#1"},
				"east": {"uv": [0, 0, 0.25, 1.25], "texture": "#1"},
				"south": {"uv": [0, 0, 2.5, 1.25], "texture": "#1"},
				"west": {"uv": [0, 0, 0.25, 1.25], "texture": "#1"},
				"up": {"uv": [0, 0, 2.5, 0.25], "texture": "#1"},
				"down": {"uv": [0, 0, 2.5, 0.25], "texture": "#1"}
			}
		},
		{
			"from": [2, 7.75, 2.75],
			"to": [3.75, 9, 3],
			"faces": {
				"north": {"uv": [0, 0, 1.75, 1.25], "texture": "#1"},
				"east": {"uv": [0, 0, 0.25, 1.25], "texture": "#1"},
				"south": {"uv": [0, 0, 1.75, 1.25], "texture": "#1"},
				"west": {"uv": [0, 0, 0.25, 1.25], "texture": "#1"},
				"up": {"uv": [0, 0, 1.75, 0.25], "texture": "#1"},
				"down": {"uv": [0, 0, 1.75, 0.25], "texture": "#1"}
			}
		},
		{
			"from": [2, 7.75, 13],
			"to": [3.75, 9, 13.25],
			"faces": {
				"north": {"uv": [0, 0, 1.75, 1.25], "texture": "#1"},
				"east": {"uv": [0, 0, 0.25, 1.25], "texture": "#1"},
				"south": {"uv": [0, 0, 1.75, 1.25], "texture": "#1"},
				"west": {"uv": [0, 0, 0.25, 1.25], "texture": "#1"},
				"up": {"uv": [0, 0, 1.75, 0.25], "texture": "#1"},
				"down": {"uv": [0, 0, 1.75, 0.25], "texture": "#1"}
			}
		},
		{
			"from": [1.5, 7.75, 2.5],
			"to": [3.25, 9, 2.75],
			"faces": {
				"north": {"uv": [0, 0, 1.75, 1.25], "texture": "#1"},
				"east": {"uv": [0, 0, 0.25, 1.25], "texture": "#1"},
				"south": {"uv": [0, 0, 1.75, 1.25], "texture": "#1"},
				"west": {"uv": [0, 0, 0.25, 1.25], "texture": "#1"},
				"up": {"uv": [0, 0, 1.75, 0.25], "texture": "#1"},
				"down": {"uv": [0, 0, 1.75, 0.25], "texture": "#1"}
			}
		},
		{
			"from": [1.5, 7.75, 13.25],
			"to": [3.25, 9, 13.5],
			"faces": {
				"north": {"uv": [0, 0, 1.75, 1.25], "texture": "#1"},
				"east": {"uv": [0, 0, 0.25, 1.25], "texture": "#1"},
				"south": {"uv": [0, 0, 1.75, 1.25], "texture": "#1"},
				"west": {"uv": [0, 0, 0.25, 1.25], "texture": "#1"},
				"up": {"uv": [0, 0, 1.75, 0.25], "texture": "#1"},
				"down": {"uv": [0, 0, 1.75, 0.25], "texture": "#1"}
			}
		},
		{
			"from": [2, 6.25, 12.5],
			"to": [7, 10.5, 12.75],
			"faces": {
				"north": {"uv": [0, 0, 5, 4.25], "texture": "#0"},
				"east": {"uv": [0, 0, 0.25, 4.25], "texture": "#0"},
				"south": {"uv": [0, 0, 5, 4.25], "texture": "#0"},
				"west": {"uv": [0, 0, 0.25, 4.25], "texture": "#0"},
				"up": {"uv": [0, 0, 5, 0.25], "texture": "#0"},
				"down": {"uv": [0, 0, 5, 0.25], "texture": "#0"}
			}
		},
		{
			"from": [2, 5.5, 12],
			"to": [7, 11.25, 12.5],
			"faces": {
				"north": {"uv": [0, 0, 5, 5.75], "texture": "#0"},
				"east": {"uv": [0, 0, 0.5, 5.75], "texture": "#0"},
				"south": {"uv": [0, 0, 5, 5.75], "texture": "#0"},
				"west": {"uv": [0, 0, 0.5, 5.75], "texture": "#0"},
				"up": {"uv": [0, 0, 5, 0.5], "texture": "#0"},
				"down": {"uv": [0, 0, 5, 0.5], "texture": "#0"}
			}
		},
		{
			"from": [2, 4, 11],
			"to": [7, 12, 12],
			"faces": {
				"north": {"uv": [0, 0, 5, 8], "texture": "#0"},
				"east": {"uv": [0, 0, 1, 8], "texture": "#0"},
				"south": {"uv": [0, 0, 5, 8], "texture": "#0"},
				"west": {"uv": [0, 0, 1, 8], "texture": "#0"},
				"up": {"uv": [0, 0, 5, 1], "texture": "#0"},
				"down": {"uv": [0, 0, 5, 1], "texture": "#0"}
			}
		}
	],
	"display": {
		"thirdperson_righthand": {
			"rotation": [-90, -90, -90],
			"translation": [0, -2, 0.25]
		},
		"thirdperson_lefthand": {
			"rotation": [-90, -90, 90],
			"translation": [0, -2, 0.25]
		},
		"firstperson_righthand": {
			"rotation": [121, -90, 90],
			"translation": [7.25, 3, 2.75]
		},
		"firstperson_lefthand": {
			"rotation": [121, 90, -90],
			"translation": [7.25, 3, 2.75]
		},
		"ground": {
			"translation": [2.5, 0, 0]
		},
		"gui": {
			"rotation": [-180, 0, -180]
		},
		"head": {
			"rotation": [-1, -90, 90],
			"translation": [0, 8.25, 0],
			"scale": [2.25, 2.25, 2.25]
		}
	}
}