{
    "type": "minecraft:crafting_shaped",
    "pattern": [
        "G G",
        "I I",
        "III"
    ],
    "key": {
        "I": {
            "item": "minecraft:copper_ingot"
        },
        "G": {
            "item": "minecraft:iron_ingot"
        }
    },
    "result": {
        "id": "minecraft:paper",
        "components": {
        "minecraft:custom_model_data": 100,
        "minecraft:lore": ["[\"\",{\"text\":\"Radius : \",\"italic\":false,\"color\":\"gray\"},{\"text\":\"4\",\"italic\":false,\"color\":\"green\"}]"],
        "minecraft:item_name": "{\"text\":\"Item Magnet\",\"italic\":false}"
        },
        "count": 1
    }
}