{
    "type": "minecraft:crafting_shaped",
    "pattern": [
        "XXX",
        "XOX",
        "XXX"
    ],
    "key": {
        "X": [
            {
                "item": "minecraft:acacia_leaves"
            },
            {
                "item": "minecraft:azalea_leaves"
            },
            {
                "item": "minecraft:birch_leaves"
            },
            {
                "item": "minecraft:cherry_leaves"
            },
            {
                "item": "minecraft:dark_oak_leaves"
            },
            {
                "item": "minecraft:flowering_azalea_leaves"
            },
            {
                "item": "minecraft:jungle_leaves"
            },
            {
                "item": "minecraft:mangrove_leaves"
            },
            {
                "item": "minecraft:oak_leaves"
            },
            {
                "item": "minecraft:spruce_leaves"
            }
        ],
        "O": {
            "item": "minecraft:ender_pearl"
        }
    },
    "result": {
        "id": "minecraft:knowledge_book",
        "count": 1
    }
}