{
	"credit": "Made with Blockbench",
	"textures": {
		"1": "item/tnt/toxic_bottom",
		"2": "item/tnt/toxic_side",
		"5": "item/tnt/tools",
		"particle": "item/tnt/toxic_bottom"
	},
	"elements": [
		{
			"from": [0, 0, 0],
			"to": [4.25, 4.25, 14],
			"faces": {
				"north": {"uv": [0, 0, 4, 4], "rotation": 180, "texture": "#1"},
				"east": {"uv": [8, 0, 12, 16], "rotation": 90, "texture": "#2"},
				"south": {"uv": [0, 0, 4, 4], "texture": "#1"},
				"west": {"uv": [6, 0, 10, 16], "rotation": 270, "texture": "#2"},
				"up": {"uv": [10.0625, 0, 14.0625, 16], "texture": "#2"},
				"down": {"uv": [12, 0, 16, 16], "rotation": 180, "texture": "#2"}
			}
		},
		{
			"from": [4.25, 0, -0.25],
			"to": [8.5, 4.25, 14.25],
			"faces": {
				"north": {"uv": [0, 0, 4, 4], "rotation": 180, "texture": "#1"},
				"east": {"uv": [8, 0, 12, 16], "rotation": 90, "texture": "#2"},
				"south": {"uv": [0, 0, 4, 4], "texture": "#1"},
				"west": {"uv": [0, 0, 4, 16], "rotation": 270, "texture": "#2"},
				"up": {"uv": [4, 0, 8, 16], "texture": "#2"},
				"down": {"uv": [8, 0, 12, 16], "rotation": 180, "texture": "#2"}
			}
		},
		{
			"from": [8.5, 0, 0.25],
			"to": [12.75, 4.25, 14],
			"faces": {
				"north": {"uv": [0, 0, 4, 4], "rotation": 180, "texture": "#1"},
				"east": {"uv": [0, 0, 4, 16], "rotation": 90, "texture": "#2"},
				"south": {"uv": [0, 0, 4, 4], "texture": "#1"},
				"west": {"uv": [0, 0, 4, 16], "rotation": 270, "texture": "#2"},
				"up": {"uv": [10, 0, 14, 16], "texture": "#2"},
				"down": {"uv": [4, 0, 8, 16], "rotation": 180, "texture": "#2"}
			}
		},
		{
			"from": [6.25, 4.25, 0],
			"to": [10.5, 8.5, 14.5],
			"faces": {
				"north": {"uv": [0, 0, 4, 4], "rotation": 180, "texture": "#1"},
				"east": {"uv": [8, 0, 12, 16], "rotation": 90, "texture": "#2"},
				"south": {"uv": [0, 0, 4, 4], "texture": "#1"},
				"west": {"uv": [0, 0, 4, 16], "rotation": 270, "texture": "#2"},
				"up": {"uv": [4, 0, 8, 16], "texture": "#2"},
				"down": {"uv": [12, 0, 16, 16], "rotation": 180, "texture": "#2"}
			}
		},
		{
			"from": [2, 4.25, -0.25],
			"to": [6.25, 8.5, 13.75],
			"faces": {
				"north": {"uv": [0, 0, 4, 4], "rotation": 180, "texture": "#1"},
				"east": {"uv": [8, 0, 12, 16], "rotation": 90, "texture": "#2"},
				"south": {"uv": [0, 0, 4, 4], "texture": "#1"},
				"west": {"uv": [12, 0, 16, 16], "rotation": 270, "texture": "#2"},
				"up": {"uv": [0, 0, 4, 16], "texture": "#2"},
				"down": {"uv": [12, 0, 16, 16], "rotation": 180, "texture": "#2"}
			}
		},
		{
			"from": [2, 8.5, 1.75],
			"to": [10.7, 9, 2.75],
			"faces": {
				"north": {"uv": [9.125, 0, 9.75, 0.75], "texture": "#5"},
				"east": {"uv": [9.125, 0, 9.75, 0.625], "texture": "#5"},
				"south": {"uv": [9.125, 0, 9.75, 0.75], "texture": "#5"},
				"west": {"uv": [9.125, 0, 9.75, 0.625], "texture": "#5"},
				"up": {"uv": [9.125, 0, 9.75, 0.625], "texture": "#5"},
				"down": {"uv": [9.125, 0, 9.75, 0.75], "texture": "#5"}
			}
		},
		{
			"from": [2, 8.5, 11.25],
			"to": [10.7, 9, 12.25],
			"faces": {
				"north": {"uv": [9.125, 0, 9.75, 0.75], "texture": "#5"},
				"east": {"uv": [9.125, 0, 9.75, 0.625], "texture": "#5"},
				"south": {"uv": [9.125, 0, 9.75, 0.75], "texture": "#5"},
				"west": {"uv": [9.125, 0, 9.75, 0.625], "texture": "#5"},
				"up": {"uv": [9.125, 0, 9.75, 0.625], "texture": "#5"},
				"down": {"uv": [9.125, 0, 9.75, 0.75], "texture": "#5"}
			}
		},
		{
			"from": [-0.5, -0.5, 11.25],
			"to": [13.25, 0, 12.25],
			"faces": {
				"north": {"uv": [9.125, 0, 9.75, 0.75], "texture": "#5"},
				"east": {"uv": [9.125, 0, 9.75, 0.625], "texture": "#5"},
				"south": {"uv": [9.125, 0, 9.75, 0.75], "texture": "#5"},
				"west": {"uv": [9.125, 0, 9.75, 0.625], "texture": "#5"},
				"up": {"uv": [9.125, 0, 9.75, 0.625], "texture": "#5"},
				"down": {"uv": [9.125, 0, 9.75, 0.75], "texture": "#5"}
			}
		},
		{
			"from": [-0.5, -0.5, 1.75],
			"to": [13.25, 0, 2.75],
			"faces": {
				"north": {"uv": [9.125, 0, 9.75, 0.75], "texture": "#5"},
				"east": {"uv": [9.125, 0, 9.75, 0.625], "texture": "#5"},
				"south": {"uv": [9.125, 0, 9.75, 0.75], "texture": "#5"},
				"west": {"uv": [9.125, 0, 9.75, 0.625], "texture": "#5"},
				"up": {"uv": [9.125, 0, 9.75, 0.625], "texture": "#5"},
				"down": {"uv": [9.125, 0, 9.75, 0.75], "texture": "#5"}
			}
		},
		{
			"from": [-1.75, 3, 1.75],
			"to": [-1.25, 9, 2.75],
			"rotation": {"angle": -22.5, "axis": "z", "origin": [0, 0, 0]},
			"faces": {
				"north": {"uv": [9.125, 0, 9.75, 0.75], "rotation": 90, "texture": "#5"},
				"east": {"uv": [9.125, 0, 9.75, 0.75], "rotation": 270, "texture": "#5"},
				"south": {"uv": [9.125, 0, 9.75, 0.75], "rotation": 270, "texture": "#5"},
				"west": {"uv": [9.125, 0, 9.75, 0.625], "rotation": 270, "texture": "#5"},
				"up": {"uv": [9.125, 0, 9.75, 0.625], "rotation": 270, "texture": "#5"},
				"down": {"uv": [9.125, 0, 9.75, 0.625], "rotation": 270, "texture": "#5"}
			}
		},
		{
			"from": [-1.75, 3, 11.25],
			"to": [-1.25, 9, 12.25],
			"rotation": {"angle": -22.5, "axis": "z", "origin": [0, 0, 0]},
			"faces": {
				"north": {"uv": [9.125, 0, 9.75, 0.75], "rotation": 90, "texture": "#5"},
				"east": {"uv": [9.125, 0, 9.75, 0.75], "rotation": 270, "texture": "#5"},
				"south": {"uv": [9.125, 0, 9.75, 0.75], "rotation": 270, "texture": "#5"},
				"west": {"uv": [9.125, 0, 9.75, 0.625], "rotation": 270, "texture": "#5"},
				"up": {"uv": [9.125, 0, 9.75, 0.625], "rotation": 270, "texture": "#5"},
				"down": {"uv": [9.125, 0, 9.75, 0.625], "rotation": 270, "texture": "#5"}
			}
		},
		{
			"from": [-0.5, 0, 1.75],
			"to": [0, 3.5, 2.75],
			"faces": {
				"north": {"uv": [9.125, 0, 9.75, 0.75], "rotation": 90, "texture": "#5"},
				"east": {"uv": [9.125, 0, 9.75, 0.75], "rotation": 270, "texture": "#5"},
				"south": {"uv": [9.125, 0, 9.75, 0.75], "rotation": 270, "texture": "#5"},
				"west": {"uv": [9.125, 0, 9.75, 0.625], "rotation": 270, "texture": "#5"},
				"up": {"uv": [9.125, 0, 9.75, 0.625], "rotation": 270, "texture": "#5"},
				"down": {"uv": [9.125, 0, 9.75, 0.625], "rotation": 270, "texture": "#5"}
			}
		},
		{
			"from": [-0.5, 0, 11.25],
			"to": [0, 3.5, 12.25],
			"faces": {
				"north": {"uv": [9.125, 0, 9.75, 0.75], "rotation": 90, "texture": "#5"},
				"east": {"uv": [9.125, 0, 9.75, 0.75], "rotation": 270, "texture": "#5"},
				"south": {"uv": [9.125, 0, 9.75, 0.75], "rotation": 270, "texture": "#5"},
				"west": {"uv": [9.125, 0, 9.75, 0.625], "rotation": 270, "texture": "#5"},
				"up": {"uv": [9.125, 0, 9.75, 0.625], "rotation": 270, "texture": "#5"},
				"down": {"uv": [9.125, 0, 9.75, 0.625], "rotation": 270, "texture": "#5"}
			}
		},
		{
			"from": [12.75, 0, 1.75],
			"to": [13.25, 3.5, 2.75],
			"faces": {
				"north": {"uv": [9.125, 0, 9.75, 0.75], "rotation": 270, "texture": "#5"},
				"east": {"uv": [9.125, 0, 9.75, 0.625], "rotation": 270, "texture": "#5"},
				"south": {"uv": [9.125, 0, 9.75, 0.75], "rotation": 90, "texture": "#5"},
				"west": {"uv": [9.125, 0, 9.75, 0.75], "rotation": 270, "texture": "#5"},
				"up": {"uv": [9.125, 0, 9.75, 0.625], "rotation": 90, "texture": "#5"},
				"down": {"uv": [9.125, 0, 9.75, 0.625], "rotation": 90, "texture": "#5"}
			}
		},
		{
			"from": [13, -1.8, 1.75],
			"to": [13.5, 4.2, 2.75],
			"rotation": {"angle": 22.5, "axis": "z", "origin": [0, 0, 0]},
			"faces": {
				"north": {"uv": [9.125, 0, 9.75, 0.75], "rotation": 270, "texture": "#5"},
				"east": {"uv": [9.125, 0, 9.75, 0.625], "rotation": 270, "texture": "#5"},
				"south": {"uv": [9.125, 0, 9.75, 0.75], "rotation": 90, "texture": "#5"},
				"west": {"uv": [9.125, 0, 9.75, 0.75], "rotation": 270, "texture": "#5"},
				"up": {"uv": [9.125, 0, 9.75, 0.625], "rotation": 90, "texture": "#5"},
				"down": {"uv": [9.125, 0, 9.75, 0.625], "rotation": 90, "texture": "#5"}
			}
		},
		{
			"from": [13, -1.8, 11.25],
			"to": [13.5, 4.2, 12.25],
			"rotation": {"angle": 22.5, "axis": "z", "origin": [0, 0, 0]},
			"faces": {
				"north": {"uv": [9.125, 0, 9.75, 0.75], "rotation": 270, "texture": "#5"},
				"east": {"uv": [9.125, 0, 9.75, 0.625], "rotation": 270, "texture": "#5"},
				"south": {"uv": [9.125, 0, 9.75, 0.75], "rotation": 90, "texture": "#5"},
				"west": {"uv": [9.125, 0, 9.75, 0.75], "rotation": 270, "texture": "#5"},
				"up": {"uv": [9.125, 0, 9.75, 0.625], "rotation": 90, "texture": "#5"},
				"down": {"uv": [9.125, 0, 9.75, 0.625], "rotation": 90, "texture": "#5"}
			}
		},
		{
			"from": [12.75, 0, 11.25],
			"to": [13.25, 3.5, 12.25],
			"faces": {
				"north": {"uv": [9.125, 0, 9.75, 0.75], "rotation": 270, "texture": "#5"},
				"east": {"uv": [9.125, 0, 9.75, 0.625], "rotation": 270, "texture": "#5"},
				"south": {"uv": [9.125, 0, 9.75, 0.75], "rotation": 90, "texture": "#5"},
				"west": {"uv": [9.125, 0, 9.75, 0.75], "rotation": 270, "texture": "#5"},
				"up": {"uv": [9.125, 0, 9.75, 0.625], "rotation": 90, "texture": "#5"},
				"down": {"uv": [9.125, 0, 9.75, 0.625], "rotation": 90, "texture": "#5"}
			}
		},
		{
			"from": [10.5, 9.5, 3.5],
			"to": [11.5, 16.5, 10.5],
			"faces": {
				"north": {"uv": [4.375, 7.5, 4.875, 13.875], "texture": "#5"},
				"east": {"uv": [0, 7.5, 6, 13.875], "texture": "#5"},
				"south": {"uv": [4.375, 7.5, 4.875, 13.875], "texture": "#5"},
				"west": {"uv": [0, 7.5, 6, 13.875], "texture": "#5"},
				"up": {"uv": [4.375, 7.5, 4.875, 13.875], "texture": "#5"},
				"down": {"uv": [4.375, 7.5, 4.875, 13.875], "texture": "#5"}
			}
		},
		{
			"from": [3.5, 9.5, 10.5],
			"to": [10.5, 16.5, 11.5],
			"faces": {
				"north": {"uv": [0, 7.5, 6, 13.875], "texture": "#5"},
				"east": {"uv": [4.375, 7.5, 4.875, 13.875], "texture": "#5"},
				"south": {"uv": [0, 7.5, 6, 13.875], "texture": "#5"},
				"west": {"uv": [4.375, 7.5, 4.875, 13.875], "texture": "#5"},
				"up": {"uv": [4.375, 7.5, 4.875, 13.875], "rotation": 90, "texture": "#5"},
				"down": {"uv": [4.375, 7.5, 4.875, 13.875], "rotation": 270, "texture": "#5"}
			}
		},
		{
			"from": [3.5, 9.5, 2.5],
			"to": [10.5, 16.5, 3.5],
			"faces": {
				"north": {"uv": [0, 7.5, 6, 13.875], "texture": "#5"},
				"east": {"uv": [4.375, 7.5, 4.875, 13.875], "texture": "#5"},
				"south": {"uv": [0, 7.5, 6, 13.875], "texture": "#5"},
				"west": {"uv": [4.375, 7.5, 4.875, 13.875], "texture": "#5"},
				"up": {"uv": [4.375, 7.5, 4.875, 13.875], "rotation": 90, "texture": "#5"},
				"down": {"uv": [4.375, 7.5, 4.875, 13.875], "rotation": 270, "texture": "#5"}
			}
		},
		{
			"from": [2.5, 9.5, 3.5],
			"to": [3.5, 16.5, 10.5],
			"faces": {
				"north": {"uv": [4.375, 7.5, 4.875, 13.875], "texture": "#5"},
				"east": {"uv": [0, 7.5, 6, 13.875], "texture": "#5"},
				"south": {"uv": [4.375, 7.5, 4.875, 13.875], "texture": "#5"},
				"west": {"uv": [0, 7.5, 6, 13.875], "texture": "#5"},
				"up": {"uv": [4.375, 7.5, 4.875, 13.875], "texture": "#5"},
				"down": {"uv": [4.375, 7.5, 4.875, 13.875], "texture": "#5"}
			}
		},
		{
			"from": [3.5, 8.5, 3.5],
			"to": [10.5, 9.5, 10.5],
			"faces": {
				"north": {"uv": [4.375, 7.5, 4.875, 13.875], "rotation": 270, "texture": "#5"},
				"east": {"uv": [4.375, 7.5, 4.875, 13.875], "rotation": 90, "texture": "#5"},
				"south": {"uv": [4.375, 7.5, 4.875, 13.875], "rotation": 90, "texture": "#5"},
				"west": {"uv": [4.375, 7.5, 4.875, 13.875], "rotation": 90, "texture": "#5"},
				"up": {"uv": [0, 7.5, 6, 13.875], "rotation": 90, "texture": "#5"},
				"down": {"uv": [0, 7.5, 6, 13.875], "rotation": 90, "texture": "#5"}
			}
		},
		{
			"from": [3.5, 16.5, 3.5],
			"to": [10.5, 17.5, 10.5],
			"faces": {
				"north": {"uv": [4.375, 7.5, 4.875, 13.875], "rotation": 270, "texture": "#5"},
				"east": {"uv": [4.375, 7.5, 4.875, 13.875], "rotation": 90, "texture": "#5"},
				"south": {"uv": [4.375, 7.5, 4.875, 13.875], "rotation": 90, "texture": "#5"},
				"west": {"uv": [4.375, 7.5, 4.875, 13.875], "rotation": 90, "texture": "#5"},
				"up": {"uv": [0, 7.5, 6, 13.875], "rotation": 90, "texture": "#5"},
				"down": {"uv": [0, 7.5, 6, 13.875], "rotation": 90, "texture": "#5"}
			}
		},
		{
			"from": [5.75, 17.5, 5.75],
			"to": [8.25, 18.5, 8.25],
			"faces": {
				"north": {"uv": [4.375, 7.5, 4.875, 13.875], "rotation": 270, "texture": "#5"},
				"east": {"uv": [4.375, 7.5, 4.875, 13.875], "rotation": 90, "texture": "#5"},
				"south": {"uv": [4.375, 7.5, 4.875, 13.875], "rotation": 90, "texture": "#5"},
				"west": {"uv": [4.375, 7.5, 4.875, 13.875], "rotation": 90, "texture": "#5"},
				"up": {"uv": [0, 7.5, 6, 13.875], "rotation": 90, "texture": "#5"},
				"down": {"uv": [0, 7.5, 6, 13.875], "rotation": 90, "texture": "#5"}
			}
		},
		{
			"from": [6, 18.75, 6],
			"to": [8, 19.75, 8],
			"faces": {
				"north": {"uv": [11.125, 0, 11.875, 0.875], "rotation": 270, "texture": "#5"},
				"east": {"uv": [11.125, 0, 11.875, 0.875], "rotation": 90, "texture": "#5"},
				"south": {"uv": [11.125, 0, 11.875, 0.875], "rotation": 90, "texture": "#5"},
				"west": {"uv": [11.125, 0, 11.875, 0.875], "rotation": 90, "texture": "#5"},
				"up": {"uv": [11.125, 0, 11.875, 0.875], "rotation": 90, "texture": "#5"},
				"down": {"uv": [11.125, 0, 11.875, 0.875], "rotation": 90, "texture": "#5"}
			}
		},
		{
			"from": [3.5, 9.5, 3.5],
			"to": [10.5, 14.25, 10.5],
			"faces": {
				"north": {"uv": [6.125, 7.625, 8.375, 11.375], "rotation": 270, "texture": "#5"},
				"east": {"uv": [6.125, 7.625, 8.375, 11.375], "rotation": 90, "texture": "#5"},
				"south": {"uv": [6.125, 7.625, 8.375, 11.375], "rotation": 90, "texture": "#5"},
				"west": {"uv": [6.125, 7.625, 8.375, 11.375], "rotation": 90, "texture": "#5"},
				"up": {"uv": [6.125, 7.625, 8.375, 11.375], "rotation": 90, "texture": "#5"},
				"down": {"uv": [6.125, 7.625, 8.375, 11.375], "rotation": 90, "texture": "#5"}
			}
		},
		{
			"from": [5.5, 18.5, 5.5],
			"to": [8.5, 19.5, 8.5],
			"faces": {
				"north": {"uv": [4.375, 7.5, 4.875, 13.875], "rotation": 270, "texture": "#5"},
				"east": {"uv": [4.375, 7.5, 4.875, 13.875], "rotation": 90, "texture": "#5"},
				"south": {"uv": [4.375, 7.5, 4.875, 13.875], "rotation": 90, "texture": "#5"},
				"west": {"uv": [4.375, 7.5, 4.875, 13.875], "rotation": 90, "texture": "#5"},
				"up": {"uv": [0, 7.5, 6, 13.875], "rotation": 90, "texture": "#5"},
				"down": {"uv": [0, 7.5, 6, 13.875], "rotation": 90, "texture": "#5"}
			}
		},
		{
			"from": [16.25, 0.5, 3.75],
			"to": [16.75, 5.5, 6.75],
			"faces": {
				"north": {"uv": [4.375, 7.5, 4.875, 13.875], "texture": "#5"},
				"east": {"uv": [0, 7.5, 6, 13.875], "texture": "#5"},
				"south": {"uv": [4.375, 7.5, 4.875, 13.875], "texture": "#5"},
				"west": {"uv": [0, 7.5, 6, 13.875], "texture": "#5"},
				"up": {"uv": [4.375, 7.5, 4.875, 13.875], "texture": "#5"},
				"down": {"uv": [4.375, 7.5, 4.875, 13.875], "texture": "#5"}
			}
		},
		{
			"from": [13.25, 5.5, 3.75],
			"to": [16.25, 6, 6.75],
			"faces": {
				"north": {"uv": [4.375, 7.5, 4.875, 13.875], "rotation": 270, "texture": "#5"},
				"east": {"uv": [4.375, 7.5, 4.875, 13.875], "rotation": 90, "texture": "#5"},
				"south": {"uv": [4.375, 7.5, 4.875, 13.875], "rotation": 90, "texture": "#5"},
				"west": {"uv": [4.375, 7.5, 4.875, 13.875], "rotation": 90, "texture": "#5"},
				"up": {"uv": [0, 7.5, 6, 13.875], "rotation": 90, "texture": "#5"},
				"down": {"uv": [0, 7.5, 6, 13.875], "rotation": 90, "texture": "#5"}
			}
		},
		{
			"from": [13.25, 0.5, 6.75],
			"to": [16.25, 5.5, 7.25],
			"faces": {
				"north": {"uv": [0, 7.5, 6, 13.875], "texture": "#5"},
				"east": {"uv": [4.375, 7.5, 4.875, 13.875], "texture": "#5"},
				"south": {"uv": [0, 7.5, 6, 13.875], "texture": "#5"},
				"west": {"uv": [4.375, 7.5, 4.875, 13.875], "texture": "#5"},
				"up": {"uv": [4.375, 7.5, 4.875, 13.875], "rotation": 90, "texture": "#5"},
				"down": {"uv": [4.375, 7.5, 4.875, 13.875], "rotation": 270, "texture": "#5"}
			}
		},
		{
			"from": [12.75, 0.5, 3.75],
			"to": [13.25, 5.5, 6.75],
			"faces": {
				"north": {"uv": [4.375, 7.5, 4.875, 13.875], "texture": "#5"},
				"east": {"uv": [0, 7.5, 6, 13.875], "texture": "#5"},
				"south": {"uv": [4.375, 7.5, 4.875, 13.875], "texture": "#5"},
				"west": {"uv": [0, 7.5, 6, 13.875], "texture": "#5"},
				"up": {"uv": [4.375, 7.5, 4.875, 13.875], "texture": "#5"},
				"down": {"uv": [4.375, 7.5, 4.875, 13.875], "texture": "#5"}
			}
		},
		{
			"from": [13.25, 0.5, 3.25],
			"to": [16.25, 5.5, 3.75],
			"faces": {
				"north": {"uv": [0, 7.5, 6, 13.875], "texture": "#5"},
				"east": {"uv": [4.375, 7.5, 4.875, 13.875], "texture": "#5"},
				"south": {"uv": [0, 7.5, 6, 13.875], "texture": "#5"},
				"west": {"uv": [4.375, 7.5, 4.875, 13.875], "texture": "#5"},
				"up": {"uv": [4.375, 7.5, 4.875, 13.875], "rotation": 90, "texture": "#5"},
				"down": {"uv": [4.375, 7.5, 4.875, 13.875], "rotation": 270, "texture": "#5"}
			}
		},
		{
			"from": [14, 6, 4.5],
			"to": [15.5, 7, 6],
			"faces": {
				"north": {"uv": [4.375, 7.5, 4.875, 13.875], "rotation": 270, "texture": "#5"},
				"east": {"uv": [4.375, 7.5, 4.875, 13.875], "rotation": 90, "texture": "#5"},
				"south": {"uv": [4.375, 7.5, 4.875, 13.875], "rotation": 90, "texture": "#5"},
				"west": {"uv": [4.375, 7.5, 4.875, 13.875], "rotation": 90, "texture": "#5"},
				"up": {"uv": [0, 7.5, 6, 13.875], "rotation": 90, "texture": "#5"},
				"down": {"uv": [0, 7.5, 6, 13.875], "rotation": 90, "texture": "#5"}
			}
		},
		{
			"from": [14.25, 6.75, 4.75],
			"to": [15.25, 7.5, 5.75],
			"faces": {
				"north": {"uv": [11.125, 0, 11.875, 0.875], "rotation": 270, "texture": "#5"},
				"east": {"uv": [11.125, 0, 11.875, 0.875], "rotation": 90, "texture": "#5"},
				"south": {"uv": [11.125, 0, 11.875, 0.875], "rotation": 90, "texture": "#5"},
				"west": {"uv": [11.125, 0, 11.875, 0.875], "rotation": 90, "texture": "#5"},
				"up": {"uv": [11.125, 0, 11.875, 0.875], "rotation": 90, "texture": "#5"},
				"down": {"uv": [11.125, 0, 11.875, 0.875], "rotation": 90, "texture": "#5"}
			}
		},
		{
			"from": [13.25, 0.5, 3.75],
			"to": [16.25, 4, 6.75],
			"faces": {
				"north": {"uv": [8.625, 7.625, 10.875, 11.375], "rotation": 270, "texture": "#5"},
				"east": {"uv": [8.625, 7.625, 10.875, 11.375], "rotation": 90, "texture": "#5"},
				"south": {"uv": [8.625, 7.625, 10.875, 11.375], "rotation": 90, "texture": "#5"},
				"west": {"uv": [8.625, 7.625, 10.875, 11.375], "rotation": 90, "texture": "#5"},
				"up": {"uv": [8.625, 7.625, 10.875, 11.375], "rotation": 90, "texture": "#5"},
				"down": {"uv": [8.625, 7.625, 10.875, 11.375], "rotation": 90, "texture": "#5"}
			}
		},
		{
			"from": [13.25, 0, 3.75],
			"to": [16.25, 0.5, 6.75],
			"faces": {
				"north": {"uv": [4.375, 7.5, 4.875, 13.875], "rotation": 270, "texture": "#5"},
				"east": {"uv": [4.375, 7.5, 4.875, 13.875], "rotation": 90, "texture": "#5"},
				"south": {"uv": [4.375, 7.5, 4.875, 13.875], "rotation": 90, "texture": "#5"},
				"west": {"uv": [4.375, 7.5, 4.875, 13.875], "rotation": 90, "texture": "#5"},
				"up": {"uv": [0, 7.5, 6, 13.875], "rotation": 90, "texture": "#5"},
				"down": {"uv": [0, 7.5, 6, 13.875], "rotation": 90, "texture": "#5"}
			}
		},
		{
			"from": [17, 0.5, 8.25],
			"to": [17.5, 5.5, 11.25],
			"faces": {
				"north": {"uv": [4.375, 7.5, 4.875, 13.875], "texture": "#5"},
				"east": {"uv": [0, 7.5, 6, 13.875], "texture": "#5"},
				"south": {"uv": [4.375, 7.5, 4.875, 13.875], "texture": "#5"},
				"west": {"uv": [0, 7.5, 6, 13.875], "texture": "#5"},
				"up": {"uv": [4.375, 7.5, 4.875, 13.875], "texture": "#5"},
				"down": {"uv": [4.375, 7.5, 4.875, 13.875], "texture": "#5"}
			}
		},
		{
			"from": [14, 5.5, 8.25],
			"to": [17, 6, 11.25],
			"faces": {
				"north": {"uv": [4.375, 7.5, 4.875, 13.875], "rotation": 270, "texture": "#5"},
				"east": {"uv": [4.375, 7.5, 4.875, 13.875], "rotation": 90, "texture": "#5"},
				"south": {"uv": [4.375, 7.5, 4.875, 13.875], "rotation": 90, "texture": "#5"},
				"west": {"uv": [4.375, 7.5, 4.875, 13.875], "rotation": 90, "texture": "#5"},
				"up": {"uv": [0, 7.5, 6, 13.875], "rotation": 90, "texture": "#5"},
				"down": {"uv": [0, 7.5, 6, 13.875], "rotation": 90, "texture": "#5"}
			}
		},
		{
			"from": [14, 0.5, 11.25],
			"to": [17, 5.5, 11.75],
			"faces": {
				"north": {"uv": [0, 7.5, 6, 13.875], "texture": "#5"},
				"east": {"uv": [4.375, 7.5, 4.875, 13.875], "texture": "#5"},
				"south": {"uv": [0, 7.5, 6, 13.875], "texture": "#5"},
				"west": {"uv": [4.375, 7.5, 4.875, 13.875], "texture": "#5"},
				"up": {"uv": [4.375, 7.5, 4.875, 13.875], "rotation": 90, "texture": "#5"},
				"down": {"uv": [4.375, 7.5, 4.875, 13.875], "rotation": 270, "texture": "#5"}
			}
		},
		{
			"from": [13.5, 0.5, 8.25],
			"to": [14, 5.5, 11.25],
			"faces": {
				"north": {"uv": [4.375, 7.5, 4.875, 13.875], "texture": "#5"},
				"east": {"uv": [0, 7.5, 6, 13.875], "texture": "#5"},
				"south": {"uv": [4.375, 7.5, 4.875, 13.875], "texture": "#5"},
				"west": {"uv": [0, 7.5, 6, 13.875], "texture": "#5"},
				"up": {"uv": [4.375, 7.5, 4.875, 13.875], "texture": "#5"},
				"down": {"uv": [4.375, 7.5, 4.875, 13.875], "texture": "#5"}
			}
		},
		{
			"from": [14, 0.5, 7.75],
			"to": [17, 5.5, 8.25],
			"faces": {
				"north": {"uv": [0, 7.5, 6, 13.875], "texture": "#5"},
				"east": {"uv": [4.375, 7.5, 4.875, 13.875], "texture": "#5"},
				"south": {"uv": [0, 7.5, 6, 13.875], "texture": "#5"},
				"west": {"uv": [4.375, 7.5, 4.875, 13.875], "texture": "#5"},
				"up": {"uv": [4.375, 7.5, 4.875, 13.875], "rotation": 90, "texture": "#5"},
				"down": {"uv": [4.375, 7.5, 4.875, 13.875], "rotation": 270, "texture": "#5"}
			}
		},
		{
			"from": [14.75, 6, 9],
			"to": [16.25, 7, 10.5],
			"faces": {
				"north": {"uv": [4.375, 7.5, 4.875, 13.875], "rotation": 270, "texture": "#5"},
				"east": {"uv": [4.375, 7.5, 4.875, 13.875], "rotation": 90, "texture": "#5"},
				"south": {"uv": [4.375, 7.5, 4.875, 13.875], "rotation": 90, "texture": "#5"},
				"west": {"uv": [4.375, 7.5, 4.875, 13.875], "rotation": 90, "texture": "#5"},
				"up": {"uv": [0, 7.5, 6, 13.875], "rotation": 90, "texture": "#5"},
				"down": {"uv": [0, 7.5, 6, 13.875], "rotation": 90, "texture": "#5"}
			}
		},
		{
			"from": [15, 6.75, 9.25],
			"to": [16, 7.5, 10.25],
			"faces": {
				"north": {"uv": [11.125, 0, 11.875, 0.875], "rotation": 270, "texture": "#5"},
				"east": {"uv": [11.125, 0, 11.875, 0.875], "rotation": 90, "texture": "#5"},
				"south": {"uv": [11.125, 0, 11.875, 0.875], "rotation": 90, "texture": "#5"},
				"west": {"uv": [11.125, 0, 11.875, 0.875], "rotation": 90, "texture": "#5"},
				"up": {"uv": [11.125, 0, 11.875, 0.875], "rotation": 90, "texture": "#5"},
				"down": {"uv": [11.125, 0, 11.875, 0.875], "rotation": 90, "texture": "#5"}
			}
		},
		{
			"from": [14, 0.5, 8.25],
			"to": [17, 4, 11.25],
			"faces": {
				"north": {"uv": [11.125, 7.625, 13.375, 11.375], "rotation": 270, "texture": "#5"},
				"east": {"uv": [11.125, 7.625, 13.375, 11.375], "rotation": 90, "texture": "#5"},
				"south": {"uv": [11.125, 7.625, 13.375, 11.375], "rotation": 90, "texture": "#5"},
				"west": {"uv": [11.125, 7.625, 13.375, 11.375], "rotation": 90, "texture": "#5"},
				"up": {"uv": [11.125, 7.625, 13.375, 11.375], "rotation": 90, "texture": "#5"},
				"down": {"uv": [11.125, 7.625, 13.375, 11.375], "rotation": 90, "texture": "#5"}
			}
		},
		{
			"from": [14, 0, 8.25],
			"to": [17, 0.5, 11.25],
			"faces": {
				"north": {"uv": [4.375, 7.5, 4.875, 13.875], "rotation": 270, "texture": "#5"},
				"east": {"uv": [4.375, 7.5, 4.875, 13.875], "rotation": 90, "texture": "#5"},
				"south": {"uv": [4.375, 7.5, 4.875, 13.875], "rotation": 90, "texture": "#5"},
				"west": {"uv": [4.375, 7.5, 4.875, 13.875], "rotation": 90, "texture": "#5"},
				"up": {"uv": [0, 7.5, 6, 13.875], "rotation": 90, "texture": "#5"},
				"down": {"uv": [0, 7.5, 6, 13.875], "rotation": 90, "texture": "#5"}
			}
		},
		{
			"from": [6, 0.5, 14.5],
			"to": [11, 3.5, 15],
			"faces": {
				"north": {"uv": [0, 7.5, 6, 13.875], "rotation": 270, "texture": "#5"},
				"east": {"uv": [4.375, 7.5, 4.875, 13.875], "texture": "#5"},
				"south": {"uv": [0, 7.5, 6, 13.875], "rotation": 90, "texture": "#5"},
				"west": {"uv": [4.375, 7.5, 4.875, 13.875], "rotation": 180, "texture": "#5"},
				"up": {"uv": [4.375, 7.5, 4.875, 13.875], "rotation": 90, "texture": "#5"},
				"down": {"uv": [4.375, 7.5, 4.875, 13.875], "rotation": 90, "texture": "#5"}
			}
		},
		{
			"from": [11, 0.5, 15],
			"to": [11.5, 3.5, 18],
			"faces": {
				"north": {"uv": [4.375, 7.5, 4.875, 13.875], "texture": "#5"},
				"east": {"uv": [0, 7.5, 6, 13.875], "rotation": 90, "texture": "#5"},
				"south": {"uv": [4.375, 7.5, 4.875, 13.875], "rotation": 180, "texture": "#5"},
				"west": {"uv": [0, 7.5, 6, 13.875], "rotation": 270, "texture": "#5"},
				"up": {"uv": [4.375, 7.5, 4.875, 13.875], "texture": "#5"},
				"down": {"uv": [4.375, 7.5, 4.875, 13.875], "rotation": 180, "texture": "#5"}
			}
		},
		{
			"from": [6, 0, 15],
			"to": [11, 0.5, 18],
			"faces": {
				"north": {"uv": [4.375, 7.5, 4.875, 13.875], "rotation": 270, "texture": "#5"},
				"east": {"uv": [4.375, 7.5, 4.875, 13.875], "rotation": 90, "texture": "#5"},
				"south": {"uv": [4.375, 7.5, 4.875, 13.875], "rotation": 90, "texture": "#5"},
				"west": {"uv": [4.375, 7.5, 4.875, 13.875], "rotation": 90, "texture": "#5"},
				"up": {"uv": [0, 7.5, 6, 13.875], "rotation": 90, "texture": "#5"},
				"down": {"uv": [0, 7.5, 6, 13.875], "rotation": 90, "texture": "#5"}
			}
		},
		{
			"from": [6, 0.5, 18],
			"to": [11, 3.5, 18.5],
			"faces": {
				"north": {"uv": [0, 7.5, 6, 13.875], "rotation": 270, "texture": "#5"},
				"east": {"uv": [4.375, 7.5, 4.875, 13.875], "texture": "#5"},
				"south": {"uv": [0, 7.5, 6, 13.875], "rotation": 90, "texture": "#5"},
				"west": {"uv": [4.375, 7.5, 4.875, 13.875], "rotation": 180, "texture": "#5"},
				"up": {"uv": [4.375, 7.5, 4.875, 13.875], "rotation": 90, "texture": "#5"},
				"down": {"uv": [4.375, 7.5, 4.875, 13.875], "rotation": 90, "texture": "#5"}
			}
		},
		{
			"from": [6, 3.5, 15],
			"to": [11, 4, 18],
			"faces": {
				"north": {"uv": [4.375, 7.5, 4.875, 13.875], "rotation": 270, "texture": "#5"},
				"east": {"uv": [4.375, 7.5, 4.875, 13.875], "rotation": 90, "texture": "#5"},
				"south": {"uv": [4.375, 7.5, 4.875, 13.875], "rotation": 90, "texture": "#5"},
				"west": {"uv": [4.375, 7.5, 4.875, 13.875], "rotation": 90, "texture": "#5"},
				"up": {"uv": [0, 7.5, 6, 13.875], "rotation": 90, "texture": "#5"},
				"down": {"uv": [0, 7.5, 6, 13.875], "rotation": 90, "texture": "#5"}
			}
		},
		{
			"from": [11.5, 1.25, 15.75],
			"to": [12.5, 2.75, 17.25],
			"faces": {
				"north": {"uv": [4.375, 7.5, 4.875, 13.875], "texture": "#5"},
				"east": {"uv": [0, 7.5, 6, 13.875], "rotation": 90, "texture": "#5"},
				"south": {"uv": [4.375, 7.5, 4.875, 13.875], "rotation": 180, "texture": "#5"},
				"west": {"uv": [0, 7.5, 6, 13.875], "rotation": 270, "texture": "#5"},
				"up": {"uv": [4.375, 7.5, 4.875, 13.875], "texture": "#5"},
				"down": {"uv": [4.375, 7.5, 4.875, 13.875], "rotation": 180, "texture": "#5"}
			}
		},
		{
			"from": [6, 0.5, 15],
			"to": [11, 1.5, 18],
			"faces": {
				"north": {"uv": [11.125, 3.625, 13.375, 7.375], "texture": "#5"},
				"east": {"uv": [11.125, 3.625, 13.375, 7.375], "rotation": 90, "texture": "#5"},
				"south": {"uv": [11.125, 3.625, 13.375, 7.375], "rotation": 180, "texture": "#5"},
				"west": {"uv": [11.125, 3.625, 13.375, 7.375], "rotation": 270, "texture": "#5"},
				"up": {"uv": [11.125, 3.625, 13.375, 7.375], "texture": "#5"},
				"down": {"uv": [11.125, 3.625, 13.375, 7.375], "rotation": 180, "texture": "#5"}
			}
		},
		{
			"from": [5.5, 0.5, 15],
			"to": [6, 3.5, 18],
			"faces": {
				"north": {"uv": [4.375, 7.5, 4.875, 13.875], "texture": "#5"},
				"east": {"uv": [0, 7.5, 6, 13.875], "rotation": 90, "texture": "#5"},
				"south": {"uv": [4.375, 7.5, 4.875, 13.875], "rotation": 180, "texture": "#5"},
				"west": {"uv": [0, 7.5, 6, 13.875], "rotation": 270, "texture": "#5"},
				"up": {"uv": [4.375, 7.5, 4.875, 13.875], "texture": "#5"},
				"down": {"uv": [4.375, 7.5, 4.875, 13.875], "rotation": 180, "texture": "#5"}
			}
		}
	],
	"display": {
		"thirdperson_righthand": {
			"rotation": [4, -180, 0],
			"translation": [0, 3, 0.5],
			"scale": [0.35, 0.35, 0.35]
		},
		"thirdperson_lefthand": {
			"rotation": [4, -180, 0],
			"translation": [0, 3, 0.5],
			"scale": [0.35, 0.35, 0.35]
		},
		"firstperson_righthand": {
			"rotation": [0, -180, 0],
			"translation": [0, 3, 0.5],
			"scale": [0.4, 0.4, 0.4]
		},
		"firstperson_lefthand": {
			"rotation": [0, -180, 0],
			"translation": [0, 3, 0.5],
			"scale": [0.4, 0.4, 0.4]
		},
		"ground": {
			"rotation": [0, -180, 0],
			"translation": [0, 2.25, 0.5],
			"scale": [0.45, 0.45, 0.45]
		},
		"gui": {
			"rotation": [37, -135, 0],
			"translation": [-0.75, 0.5, 1.25],
			"scale": [0.73, 0.73, 0.73]
		},
		"head": {
			"rotation": [0, -180, 0],
			"translation": [0, -13, 0.5],
			"scale": [2.5, 2.5, 2.5]
		},
		"fixed": {
			"rotation": [0, -180, 0],
			"translation": [0, -0.5, 0.5],
			"scale": [0.4, 0.4, 0.4]
		}
	},
	"groups": [
		{
			"name": "group",
			"origin": [0, 0, 0],
			"color": 0,
			"children": []
		},
		{
			"name": "group",
			"origin": [0, 0, 0],
			"color": 0,
			"children": []
		},
		{
			"name": "group",
			"origin": [0, 0, 0],
			"color": 0,
			"children": []
		},
		0,
		1,
		2,
		3,
		4,
		5,
		6,
		7,
		8,
		9,
		10,
		11,
		12,
		13,
		14,
		15,
		16,
		17,
		18,
		19,
		20,
		21,
		22,
		23,
		24,
		25,
		26,
		{
			"name": "group",
			"origin": [0, 0, 0],
			"color": 0,
			"children": [27, 28, 29, 30, 31, 32, 33, 34, 35]
		},
		{
			"name": "group",
			"origin": [0, 0, 0],
			"color": 0,
			"children": [36, 37, 38, 39, 40, 41, 42, 43, 44]
		},
		{
			"name": "group",
			"origin": [0, 0, 0],
			"color": 0,
			"children": [45, 46, 47, 48, 49, 50, 51, 52]
		}
	]
}