{
	"credit": "Made with Blockbench",
	"texture_size": [32, 32],
	"textures": {
		"0": "item/special_items/turret",
		"particle": "item/special_items/turret"
	},
	"elements": [
		{
			"from": [5, -1, 7],
			"to": [11, 16, 13],
			"rotation": {"angle": 0, "axis": "y", "origin": [17, 0, 1]},
			"faces": {
				"north": {"uv": [13.625, 4.28125, 15.40625, 5.84375], "texture": "#0"},
				"east": {"uv": [13.625, 4.28125, 15.40625, 5.84375], "texture": "#0"},
				"south": {"uv": [13.625, 4.28125, 15.40625, 5.84375], "texture": "#0"},
				"west": {"uv": [13.625, 4.28125, 15.40625, 5.84375], "texture": "#0"},
				"up": {"uv": [13.625, 2.4375, 15.40625, 4], "texture": "#0"},
				"down": {"uv": [0, 0, 3, 3], "rotation": 270, "texture": "#0"}
			}
		},
		{
			"from": [4, -1, 9],
			"to": [9, 6, 14],
			"rotation": {"angle": 0, "axis": "y", "origin": [17, 0, 1]},
			"faces": {
				"north": {"uv": [13.625, 4.28125, 15.40625, 5.84375], "texture": "#0"},
				"east": {"uv": [13.625, 4.28125, 15.40625, 5.84375], "texture": "#0"},
				"south": {"uv": [13.625, 4.28125, 15.40625, 5.84375], "texture": "#0"},
				"west": {"uv": [13.625, 4.28125, 15.40625, 5.84375], "texture": "#0"},
				"up": {"uv": [13.625, 2.4375, 15.40625, 4], "texture": "#0"},
				"down": {"uv": [0, 0, 3, 3], "rotation": 270, "texture": "#0"}
			}
		},
		{
			"from": [5, -1, 6],
			"to": [9, 10, 7],
			"rotation": {"angle": 0, "axis": "y", "origin": [17, 0, 1]},
			"faces": {
				"north": {"uv": [13.625, 4.28125, 15.40625, 5.84375], "texture": "#0"},
				"east": {"uv": [13.625, 4.28125, 15.40625, 5.84375], "texture": "#0"},
				"south": {"uv": [13.625, 4.28125, 15.40625, 5.84375], "texture": "#0"},
				"west": {"uv": [13.625, 4.28125, 15.40625, 5.84375], "texture": "#0"},
				"up": {"uv": [13.625, 2.4375, 15.40625, 4], "texture": "#0"},
				"down": {"uv": [0, 0, 3, 3], "rotation": 270, "texture": "#0"}
			}
		},
		{
			"from": [11, -1, 9],
			"to": [12, 10, 13],
			"rotation": {"angle": 0, "axis": "y", "origin": [17, 0, 1]},
			"faces": {
				"north": {"uv": [13.625, 4.28125, 15.40625, 5.84375], "texture": "#0"},
				"east": {"uv": [13.625, 4.28125, 15.40625, 5.84375], "texture": "#0"},
				"south": {"uv": [13.625, 4.28125, 15.40625, 5.84375], "texture": "#0"},
				"west": {"uv": [13.625, 4.28125, 15.40625, 5.84375], "texture": "#0"},
				"up": {"uv": [13.625, 2.4375, 15.40625, 4], "rotation": 270, "texture": "#0"},
				"down": {"uv": [0, 0, 3, 3], "texture": "#0"}
			}
		},
		{
			"from": [6, 16, 8],
			"to": [10, 25, 12],
			"rotation": {"angle": 0, "axis": "y", "origin": [17, 0, 1]},
			"faces": {
				"north": {"uv": [13.625, 4.28125, 15.40625, 5.84375], "texture": "#0"},
				"east": {"uv": [13.625, 4.28125, 15.40625, 5.84375], "texture": "#0"},
				"south": {"uv": [13.625, 4.28125, 15.40625, 5.84375], "texture": "#0"},
				"west": {"uv": [13.625, 4.28125, 15.40625, 5.84375], "texture": "#0"},
				"up": {"uv": [0, 0, 2, 2], "rotation": 90, "texture": "#0"},
				"down": {"uv": [0, 0, 2, 2], "rotation": 270, "texture": "#0"}
			}
		},
		{
			"from": [18, 27.25, -9],
			"to": [19, 28.25, 10],
			"rotation": {"angle": -45, "axis": "y", "origin": [17, 0, 1]},
			"faces": {
				"north": {"uv": [11.59375, 6.25, 13.375, 7.8125], "texture": "#0"},
				"east": {"uv": [13.75, 2.25, 15.53125, 3.8125], "texture": "#0"},
				"south": {"uv": [11.59375, 6.25, 13.375, 7.8125], "texture": "#0"},
				"west": {"uv": [13.75, 2.25, 15.53125, 3.8125], "texture": "#0"},
				"up": {"uv": [13.75, 2.25, 15.53125, 3.8125], "texture": "#0"},
				"down": {"uv": [13.75, 6.1875, 15.53125, 7.75], "texture": "#0"}
			}
		},
		{
			"from": [16.5, 27.25, -9],
			"to": [17.5, 28.25, 10],
			"rotation": {"angle": -45, "axis": "y", "origin": [17, 0, 1]},
			"faces": {
				"north": {"uv": [11.59375, 6.25, 13.375, 7.8125], "texture": "#0"},
				"east": {"uv": [13.75, 2.25, 15.53125, 3.8125], "texture": "#0"},
				"south": {"uv": [11.59375, 6.25, 13.375, 7.8125], "texture": "#0"},
				"west": {"uv": [13.75, 2.25, 15.53125, 3.8125], "texture": "#0"},
				"up": {"uv": [13.75, 2.25, 15.53125, 3.8125], "texture": "#0"},
				"down": {"uv": [13.75, 6.1875, 15.53125, 7.75], "texture": "#0"}
			}
		},
		{
			"from": [15, 27.25, -9],
			"to": [16, 28.25, 10],
			"rotation": {"angle": -45, "axis": "y", "origin": [17, 0, 1]},
			"faces": {
				"north": {"uv": [11.59375, 6.25, 13.375, 7.8125], "texture": "#0"},
				"east": {"uv": [13.75, 2.25, 15.53125, 3.8125], "texture": "#0"},
				"south": {"uv": [11.59375, 6.25, 13.375, 7.8125], "texture": "#0"},
				"west": {"uv": [13.75, 2.25, 15.53125, 3.8125], "texture": "#0"},
				"up": {"uv": [13.75, 2.25, 15.53125, 3.8125], "texture": "#0"},
				"down": {"uv": [13.75, 6.1875, 15.53125, 7.75], "texture": "#0"}
			}
		},
		{
			"from": [14.5, 26.75, -5],
			"to": [19.5, 28.75, -4.5],
			"rotation": {"angle": -45, "axis": "y", "origin": [17, 0, 1]},
			"faces": {
				"north": {"uv": [11.78125, 4.34375, 13.5625, 5.90625], "texture": "#0"},
				"east": {"uv": [11.78125, 4.34375, 13.5625, 5.90625], "texture": "#0"},
				"south": {"uv": [11.78125, 4.34375, 13.5625, 5.90625], "texture": "#0"},
				"west": {"uv": [11.78125, 4.34375, 13.5625, 5.90625], "texture": "#0"},
				"up": {"uv": [11.78125, 4.34375, 13.5625, 5.90625], "texture": "#0"},
				"down": {"uv": [13.75, 6.1875, 15.53125, 7.75], "texture": "#0"}
			}
		},
		{
			"from": [15.25, 25.25, -5],
			"to": [18.75, 30.25, -4.5],
			"rotation": {"angle": -45, "axis": "y", "origin": [17, 0, 1]},
			"faces": {
				"north": {"uv": [11.78125, 4.34375, 13.5625, 5.90625], "texture": "#0"},
				"east": {"uv": [11.78125, 4.34375, 13.5625, 5.90625], "texture": "#0"},
				"south": {"uv": [11.78125, 4.34375, 13.5625, 5.90625], "texture": "#0"},
				"west": {"uv": [11.78125, 4.34375, 13.5625, 5.90625], "texture": "#0"},
				"up": {"uv": [11.78125, 4.34375, 13.5625, 5.90625], "texture": "#0"},
				"down": {"uv": [13.75, 6.1875, 15.53125, 7.75], "texture": "#0"}
			}
		},
		{
			"from": [15.25, 25.25, -6],
			"to": [18.75, 30.25, -5.5],
			"rotation": {"angle": -45, "axis": "y", "origin": [17, 0, 1]},
			"faces": {
				"north": {"uv": [11.78125, 4.34375, 13.5625, 5.90625], "texture": "#0"},
				"east": {"uv": [11.78125, 4.34375, 13.5625, 5.90625], "texture": "#0"},
				"south": {"uv": [11.78125, 4.34375, 13.5625, 5.90625], "texture": "#0"},
				"west": {"uv": [11.78125, 4.34375, 13.5625, 5.90625], "texture": "#0"},
				"up": {"uv": [11.78125, 4.34375, 13.5625, 5.90625], "texture": "#0"},
				"down": {"uv": [13.75, 6.1875, 15.53125, 7.75], "texture": "#0"}
			}
		},
		{
			"from": [14.5, 26.75, -6],
			"to": [19.5, 28.75, -5.5],
			"rotation": {"angle": -45, "axis": "y", "origin": [17, 0, 1]},
			"faces": {
				"north": {"uv": [11.78125, 4.34375, 13.5625, 5.90625], "texture": "#0"},
				"east": {"uv": [11.78125, 4.34375, 13.5625, 5.90625], "texture": "#0"},
				"south": {"uv": [11.78125, 4.34375, 13.5625, 5.90625], "texture": "#0"},
				"west": {"uv": [11.78125, 4.34375, 13.5625, 5.90625], "texture": "#0"},
				"up": {"uv": [11.78125, 4.34375, 13.5625, 5.90625], "texture": "#0"},
				"down": {"uv": [13.75, 6.1875, 15.53125, 7.75], "texture": "#0"}
			}
		},
		{
			"from": [14.5, 26.75, 5],
			"to": [19.5, 28.75, 6],
			"rotation": {"angle": -45, "axis": "y", "origin": [17, 0, 1]},
			"faces": {
				"north": {"uv": [11.78125, 4.34375, 13.5625, 5.90625], "texture": "#0"},
				"east": {"uv": [11.78125, 4.34375, 13.5625, 5.90625], "texture": "#0"},
				"south": {"uv": [11.78125, 4.34375, 13.5625, 5.90625], "texture": "#0"},
				"west": {"uv": [11.78125, 4.34375, 13.5625, 5.90625], "texture": "#0"},
				"up": {"uv": [11.78125, 4.34375, 13.5625, 5.90625], "texture": "#0"},
				"down": {"uv": [13.75, 6.1875, 15.53125, 7.75], "texture": "#0"}
			}
		},
		{
			"from": [15.25, 25.25, 5],
			"to": [18.75, 30.25, 6],
			"rotation": {"angle": -45, "axis": "y", "origin": [17, 0, 1]},
			"faces": {
				"north": {"uv": [11.78125, 4.34375, 13.5625, 5.90625], "texture": "#0"},
				"east": {"uv": [11.78125, 4.34375, 13.5625, 5.90625], "texture": "#0"},
				"south": {"uv": [11.78125, 4.34375, 13.5625, 5.90625], "texture": "#0"},
				"west": {"uv": [11.78125, 4.34375, 13.5625, 5.90625], "texture": "#0"},
				"up": {"uv": [11.78125, 4.34375, 13.5625, 5.90625], "texture": "#0"},
				"down": {"uv": [13.75, 6.1875, 15.53125, 7.75], "texture": "#0"}
			}
		},
		{
			"from": [15.75, 28.75, -9],
			"to": [16.75, 29.75, 10],
			"rotation": {"angle": -45, "axis": "y", "origin": [17, 0, 1]},
			"faces": {
				"north": {"uv": [11.59375, 6.25, 13.375, 7.8125], "texture": "#0"},
				"east": {"uv": [13.75, 2.25, 15.53125, 3.8125], "texture": "#0"},
				"south": {"uv": [11.59375, 6.25, 13.375, 7.8125], "texture": "#0"},
				"west": {"uv": [13.75, 2.25, 15.53125, 3.8125], "texture": "#0"},
				"up": {"uv": [13.75, 2.25, 15.53125, 3.8125], "texture": "#0"},
				"down": {"uv": [13.75, 6.1875, 15.53125, 7.75], "texture": "#0"}
			}
		},
		{
			"from": [17.25, 28.75, -9],
			"to": [18.25, 29.75, 10],
			"rotation": {"angle": -45, "axis": "y", "origin": [17, 0, 1]},
			"faces": {
				"north": {"uv": [11.59375, 6.25, 13.375, 7.8125], "texture": "#0"},
				"east": {"uv": [13.75, 2.25, 15.53125, 3.8125], "texture": "#0"},
				"south": {"uv": [11.59375, 6.25, 13.375, 7.8125], "texture": "#0"},
				"west": {"uv": [13.75, 2.25, 15.53125, 3.8125], "texture": "#0"},
				"up": {"uv": [13.75, 2.25, 15.53125, 3.8125], "texture": "#0"},
				"down": {"uv": [13.75, 6.1875, 15.53125, 7.75], "texture": "#0"}
			}
		},
		{
			"from": [14, 24.75, 10],
			"to": [20, 30.75, 17],
			"rotation": {"angle": -45, "axis": "y", "origin": [17, 0, 1]},
			"faces": {
				"north": {"uv": [11.59375, 2.1875, 13.375, 3.75], "texture": "#0"},
				"east": {"uv": [13.5625, 2.1875, 15.34375, 3.75], "texture": "#0"},
				"south": {"uv": [0, 0, 3, 3], "texture": "#0"},
				"west": {"uv": [13.5625, 2.1875, 15.34375, 3.75], "texture": "#0"},
				"up": {"uv": [11.59375, 0.21875, 13.375, 1.78125], "texture": "#0"},
				"down": {"uv": [13.75, 6.1875, 15.53125, 7.75], "texture": "#0"}
			}
		},
		{
			"from": [13, 24.75, 16.5],
			"to": [21, 31.75, 22],
			"rotation": {"angle": -45, "axis": "y", "origin": [17, 0, 1]},
			"faces": {
				"north": {"uv": [11.59375, 2.1875, 13.375, 3.75], "texture": "#0"},
				"east": {"uv": [13.5625, 2.1875, 15.34375, 3.75], "texture": "#0"},
				"south": {"uv": [11.59375, 2.1875, 13.375, 3.75], "texture": "#0"},
				"west": {"uv": [13.5625, 2.1875, 15.34375, 3.75], "texture": "#0"},
				"up": {"uv": [11.59375, 0.21875, 13.375, 1.78125], "texture": "#0"},
				"down": {"uv": [13.75, 6.1875, 15.53125, 7.75], "texture": "#0"}
			}
		},
		{
			"from": [15.5, 18.75, 18],
			"to": [18.5, 30.75, 21],
			"rotation": {"angle": -45, "axis": "y", "origin": [17, 0, 1]},
			"faces": {
				"north": {"uv": [11.59375, 2.1875, 13.375, 3.75], "texture": "#0"},
				"east": {"uv": [13.5625, 2.1875, 15.34375, 3.75], "texture": "#0"},
				"south": {"uv": [11.59375, 2.1875, 13.375, 3.75], "texture": "#0"},
				"west": {"uv": [13.5625, 2.1875, 15.34375, 3.75], "texture": "#0"},
				"up": {"uv": [0, 0, 1.5, 1.5], "rotation": 90, "texture": "#0"},
				"down": {"uv": [13.75, 6.1875, 15.53125, 7.75], "texture": "#0"}
			}
		},
		{
			"from": [15.5, 17.75, 14],
			"to": [18.5, 20.75, 20],
			"rotation": {"angle": -45, "axis": "y", "origin": [17, 0, 1]},
			"faces": {
				"north": {"uv": [0, 0, 1.5, 1.5], "texture": "#0"},
				"east": {"uv": [13.5625, 2.1875, 15.34375, 3.75], "texture": "#0"},
				"south": {"uv": [11.59375, 2.1875, 13.375, 3.75], "texture": "#0"},
				"west": {"uv": [13.5625, 2.1875, 15.34375, 3.75], "texture": "#0"},
				"up": {"uv": [0, 0, 3, 1.5], "rotation": 90, "texture": "#0"},
				"down": {"uv": [13.75, 6.1875, 15.53125, 7.75], "texture": "#0"}
			}
		},
		{
			"from": [15.75, 25.75, -9],
			"to": [16.75, 26.75, 10],
			"rotation": {"angle": -45, "axis": "y", "origin": [17, 0, 1]},
			"faces": {
				"north": {"uv": [11.59375, 6.25, 13.375, 7.8125], "texture": "#0"},
				"east": {"uv": [13.75, 2.25, 15.53125, 3.8125], "texture": "#0"},
				"south": {"uv": [11.59375, 6.25, 13.375, 7.8125], "texture": "#0"},
				"west": {"uv": [13.75, 2.25, 15.53125, 3.8125], "texture": "#0"},
				"up": {"uv": [13.75, 2.25, 15.53125, 3.8125], "texture": "#0"},
				"down": {"uv": [13.75, 6.1875, 15.53125, 7.75], "texture": "#0"}
			}
		},
		{
			"from": [17.25, 25.75, -9],
			"to": [18.25, 26.75, 10],
			"rotation": {"angle": -45, "axis": "y", "origin": [17, 0, 1]},
			"faces": {
				"north": {"uv": [11.59375, 6.25, 13.375, 7.8125], "texture": "#0"},
				"east": {"uv": [13.75, 2.25, 15.53125, 3.8125], "texture": "#0"},
				"south": {"uv": [11.59375, 6.25, 13.375, 7.8125], "texture": "#0"},
				"west": {"uv": [13.75, 2.25, 15.53125, 3.8125], "texture": "#0"},
				"up": {"uv": [13.75, 2.25, 15.53125, 3.8125], "texture": "#0"},
				"down": {"uv": [13.75, 6.1875, 15.53125, 7.75], "texture": "#0"}
			}
		},
		{
			"from": [12, 24.25, -9],
			"to": [13, 25.25, 10],
			"rotation": {"angle": -45, "axis": "y", "origin": [17, 0, 1]},
			"faces": {
				"north": {"uv": [11.59375, 6.25, 13.375, 7.8125], "texture": "#0"},
				"east": {"uv": [13.75, 2.25, 15.53125, 3.8125], "texture": "#0"},
				"south": {"uv": [11.59375, 6.25, 13.375, 7.8125], "texture": "#0"},
				"west": {"uv": [13.75, 2.25, 15.53125, 3.8125], "texture": "#0"},
				"up": {"uv": [13.75, 2.25, 15.53125, 3.8125], "texture": "#0"},
				"down": {"uv": [13.75, 6.1875, 15.53125, 7.75], "texture": "#0"}
			}
		},
		{
			"from": [10.5, 24.25, -9],
			"to": [11.5, 25.25, 10],
			"rotation": {"angle": -45, "axis": "y", "origin": [17, 0, 1]},
			"faces": {
				"north": {"uv": [11.59375, 6.25, 13.375, 7.8125], "texture": "#0"},
				"east": {"uv": [13.75, 2.25, 15.53125, 3.8125], "texture": "#0"},
				"south": {"uv": [11.59375, 6.25, 13.375, 7.8125], "texture": "#0"},
				"west": {"uv": [13.75, 2.25, 15.53125, 3.8125], "texture": "#0"},
				"up": {"uv": [13.75, 2.25, 15.53125, 3.8125], "texture": "#0"},
				"down": {"uv": [13.75, 6.1875, 15.53125, 7.75], "texture": "#0"}
			}
		},
		{
			"from": [9, 24.25, -9],
			"to": [10, 25.25, 10],
			"rotation": {"angle": -45, "axis": "y", "origin": [17, 0, 1]},
			"faces": {
				"north": {"uv": [11.59375, 6.25, 13.375, 7.8125], "texture": "#0"},
				"east": {"uv": [13.75, 2.25, 15.53125, 3.8125], "texture": "#0"},
				"south": {"uv": [11.59375, 6.25, 13.375, 7.8125], "texture": "#0"},
				"west": {"uv": [13.75, 2.25, 15.53125, 3.8125], "texture": "#0"},
				"up": {"uv": [13.75, 2.25, 15.53125, 3.8125], "texture": "#0"},
				"down": {"uv": [13.75, 6.1875, 15.53125, 7.75], "texture": "#0"}
			}
		},
		{
			"from": [8.5, 23.75, -5],
			"to": [13.5, 25.75, -4.5],
			"rotation": {"angle": -45, "axis": "y", "origin": [17, 0, 1]},
			"faces": {
				"north": {"uv": [11.78125, 4.34375, 13.5625, 5.90625], "texture": "#0"},
				"east": {"uv": [11.78125, 4.34375, 13.5625, 5.90625], "texture": "#0"},
				"south": {"uv": [11.78125, 4.34375, 13.5625, 5.90625], "texture": "#0"},
				"west": {"uv": [11.78125, 4.34375, 13.5625, 5.90625], "texture": "#0"},
				"up": {"uv": [11.78125, 4.34375, 13.5625, 5.90625], "texture": "#0"},
				"down": {"uv": [13.75, 6.1875, 15.53125, 7.75], "texture": "#0"}
			}
		},
		{
			"from": [9.25, 22.25, -5],
			"to": [12.75, 27.25, -4.5],
			"rotation": {"angle": -45, "axis": "y", "origin": [17, 0, 1]},
			"faces": {
				"north": {"uv": [11.78125, 4.34375, 13.5625, 5.90625], "texture": "#0"},
				"east": {"uv": [11.78125, 4.34375, 13.5625, 5.90625], "texture": "#0"},
				"south": {"uv": [11.78125, 4.34375, 13.5625, 5.90625], "texture": "#0"},
				"west": {"uv": [11.78125, 4.34375, 13.5625, 5.90625], "texture": "#0"},
				"up": {"uv": [11.78125, 4.34375, 13.5625, 5.90625], "texture": "#0"},
				"down": {"uv": [13.75, 6.1875, 15.53125, 7.75], "texture": "#0"}
			}
		},
		{
			"from": [9.25, 22.25, -6],
			"to": [12.75, 27.25, -5.5],
			"rotation": {"angle": -45, "axis": "y", "origin": [17, 0, 1]},
			"faces": {
				"north": {"uv": [11.78125, 4.34375, 13.5625, 5.90625], "texture": "#0"},
				"east": {"uv": [11.78125, 4.34375, 13.5625, 5.90625], "texture": "#0"},
				"south": {"uv": [11.78125, 4.34375, 13.5625, 5.90625], "texture": "#0"},
				"west": {"uv": [11.78125, 4.34375, 13.5625, 5.90625], "texture": "#0"},
				"up": {"uv": [11.78125, 4.34375, 13.5625, 5.90625], "texture": "#0"},
				"down": {"uv": [13.75, 6.1875, 15.53125, 7.75], "texture": "#0"}
			}
		},
		{
			"from": [8.5, 23.75, -6],
			"to": [13.5, 25.75, -5.5],
			"rotation": {"angle": -45, "axis": "y", "origin": [17, 0, 1]},
			"faces": {
				"north": {"uv": [11.78125, 4.34375, 13.5625, 5.90625], "texture": "#0"},
				"east": {"uv": [11.78125, 4.34375, 13.5625, 5.90625], "texture": "#0"},
				"south": {"uv": [11.78125, 4.34375, 13.5625, 5.90625], "texture": "#0"},
				"west": {"uv": [11.78125, 4.34375, 13.5625, 5.90625], "texture": "#0"},
				"up": {"uv": [11.78125, 4.34375, 13.5625, 5.90625], "texture": "#0"},
				"down": {"uv": [13.75, 6.1875, 15.53125, 7.75], "texture": "#0"}
			}
		},
		{
			"from": [8.5, 23.75, 5],
			"to": [13.5, 25.75, 6],
			"rotation": {"angle": -45, "axis": "y", "origin": [17, 0, 1]},
			"faces": {
				"north": {"uv": [11.78125, 4.34375, 13.5625, 5.90625], "texture": "#0"},
				"east": {"uv": [11.78125, 4.34375, 13.5625, 5.90625], "texture": "#0"},
				"south": {"uv": [11.78125, 4.34375, 13.5625, 5.90625], "texture": "#0"},
				"west": {"uv": [11.78125, 4.34375, 13.5625, 5.90625], "texture": "#0"},
				"up": {"uv": [11.78125, 4.34375, 13.5625, 5.90625], "texture": "#0"},
				"down": {"uv": [13.75, 6.1875, 15.53125, 7.75], "texture": "#0"}
			}
		},
		{
			"from": [9.25, 22.25, 5],
			"to": [12.75, 27.25, 6],
			"rotation": {"angle": -45, "axis": "y", "origin": [17, 0, 1]},
			"faces": {
				"north": {"uv": [11.78125, 4.34375, 13.5625, 5.90625], "texture": "#0"},
				"east": {"uv": [11.78125, 4.34375, 13.5625, 5.90625], "texture": "#0"},
				"south": {"uv": [11.78125, 4.34375, 13.5625, 5.90625], "texture": "#0"},
				"west": {"uv": [11.78125, 4.34375, 13.5625, 5.90625], "texture": "#0"},
				"up": {"uv": [11.78125, 4.34375, 13.5625, 5.90625], "texture": "#0"},
				"down": {"uv": [13.75, 6.1875, 15.53125, 7.75], "texture": "#0"}
			}
		},
		{
			"from": [9.75, 25.75, -9],
			"to": [10.75, 26.75, 10],
			"rotation": {"angle": -45, "axis": "y", "origin": [17, 0, 1]},
			"faces": {
				"north": {"uv": [11.59375, 6.25, 13.375, 7.8125], "texture": "#0"},
				"east": {"uv": [13.75, 2.25, 15.53125, 3.8125], "texture": "#0"},
				"south": {"uv": [11.59375, 6.25, 13.375, 7.8125], "texture": "#0"},
				"west": {"uv": [13.75, 2.25, 15.53125, 3.8125], "texture": "#0"},
				"up": {"uv": [13.75, 2.25, 15.53125, 3.8125], "texture": "#0"},
				"down": {"uv": [13.75, 6.1875, 15.53125, 7.75], "texture": "#0"}
			}
		},
		{
			"from": [11.25, 25.75, -9],
			"to": [12.25, 26.75, 10],
			"rotation": {"angle": -45, "axis": "y", "origin": [17, 0, 1]},
			"faces": {
				"north": {"uv": [11.59375, 6.25, 13.375, 7.8125], "texture": "#0"},
				"east": {"uv": [13.75, 2.25, 15.53125, 3.8125], "texture": "#0"},
				"south": {"uv": [11.59375, 6.25, 13.375, 7.8125], "texture": "#0"},
				"west": {"uv": [13.75, 2.25, 15.53125, 3.8125], "texture": "#0"},
				"up": {"uv": [13.75, 2.25, 15.53125, 3.8125], "texture": "#0"},
				"down": {"uv": [13.75, 6.1875, 15.53125, 7.75], "texture": "#0"}
			}
		},
		{
			"from": [8, 21.75, 10],
			"to": [14, 27.75, 17],
			"rotation": {"angle": -45, "axis": "y", "origin": [17, 0, 1]},
			"faces": {
				"north": {"uv": [11.59375, 2.1875, 13.375, 3.75], "texture": "#0"},
				"east": {"uv": [13.5625, 2.1875, 15.34375, 3.75], "texture": "#0"},
				"south": {"uv": [0, 0, 3, 3], "texture": "#0"},
				"west": {"uv": [13.5625, 2.1875, 15.34375, 3.75], "texture": "#0"},
				"up": {"uv": [11.59375, 0.21875, 13.375, 1.78125], "texture": "#0"},
				"down": {"uv": [13.75, 6.1875, 15.53125, 7.75], "texture": "#0"}
			}
		},
		{
			"from": [7, 21.75, 17],
			"to": [15, 28.75, 22.25],
			"rotation": {"angle": -45, "axis": "y", "origin": [17, 0, 1]},
			"faces": {
				"north": {"uv": [11.59375, 2.1875, 13.375, 3.75], "texture": "#0"},
				"east": {"uv": [13.5625, 2.1875, 15.34375, 3.75], "texture": "#0"},
				"south": {"uv": [11.59375, 2.1875, 13.375, 3.75], "texture": "#0"},
				"west": {"uv": [13.5625, 2.1875, 15.34375, 3.75], "texture": "#0"},
				"up": {"uv": [11.59375, 0.21875, 13.375, 1.78125], "texture": "#0"},
				"down": {"uv": [13.75, 6.1875, 15.53125, 7.75], "texture": "#0"}
			}
		},
		{
			"from": [9.5, 15.75, 18],
			"to": [12.5, 27.75, 21],
			"rotation": {"angle": -45, "axis": "y", "origin": [17, 0, 1]},
			"faces": {
				"north": {"uv": [11.59375, 2.1875, 13.375, 3.75], "texture": "#0"},
				"east": {"uv": [13.5625, 2.1875, 15.34375, 3.75], "texture": "#0"},
				"south": {"uv": [11.59375, 2.1875, 13.375, 3.75], "texture": "#0"},
				"west": {"uv": [13.5625, 2.1875, 15.34375, 3.75], "texture": "#0"},
				"up": {"uv": [0, 0, 1.5, 1.5], "rotation": 90, "texture": "#0"},
				"down": {"uv": [13.75, 6.1875, 15.53125, 7.75], "texture": "#0"}
			}
		},
		{
			"from": [-0.5, 14.75, 8.5],
			"to": [7, 17.75, 11.5],
			"rotation": {"angle": 0, "axis": "y", "origin": [17, 0, 1]},
			"faces": {
				"north": {"uv": [13.5625, 2.1875, 15.34375, 3.75], "texture": "#0"},
				"east": {"uv": [0, 0, 1.5, 1.5], "texture": "#0"},
				"south": {"uv": [13.5625, 2.1875, 15.34375, 3.75], "texture": "#0"},
				"west": {"uv": [11.59375, 2.1875, 13.375, 3.75], "texture": "#0"},
				"up": {"uv": [0, 0, 3, 1.5], "rotation": 180, "texture": "#0"},
				"down": {"uv": [13.75, 6.1875, 15.53125, 7.75], "rotation": 270, "texture": "#0"}
			}
		},
		{
			"from": [9.75, 22.75, -9],
			"to": [10.75, 23.75, 10],
			"rotation": {"angle": -45, "axis": "y", "origin": [17, 0, 1]},
			"faces": {
				"north": {"uv": [11.59375, 6.25, 13.375, 7.8125], "texture": "#0"},
				"east": {"uv": [13.75, 2.25, 15.53125, 3.8125], "texture": "#0"},
				"south": {"uv": [11.59375, 6.25, 13.375, 7.8125], "texture": "#0"},
				"west": {"uv": [13.75, 2.25, 15.53125, 3.8125], "texture": "#0"},
				"up": {"uv": [13.75, 2.25, 15.53125, 3.8125], "texture": "#0"},
				"down": {"uv": [13.75, 6.1875, 15.53125, 7.75], "texture": "#0"}
			}
		},
		{
			"from": [11.25, 22.75, -9],
			"to": [12.25, 23.75, 10],
			"rotation": {"angle": -45, "axis": "y", "origin": [17, 0, 1]},
			"faces": {
				"north": {"uv": [11.59375, 6.25, 13.375, 7.8125], "texture": "#0"},
				"east": {"uv": [13.75, 2.25, 15.53125, 3.8125], "texture": "#0"},
				"south": {"uv": [11.59375, 6.25, 13.375, 7.8125], "texture": "#0"},
				"west": {"uv": [13.75, 2.25, 15.53125, 3.8125], "texture": "#0"},
				"up": {"uv": [13.75, 2.25, 15.53125, 3.8125], "texture": "#0"},
				"down": {"uv": [13.75, 6.1875, 15.53125, 7.75], "texture": "#0"}
			}
		},
		{
			"from": [24, 24.25, -9],
			"to": [25, 25.25, 10],
			"rotation": {"angle": -45, "axis": "y", "origin": [17, 0, 1]},
			"faces": {
				"north": {"uv": [11.59375, 6.25, 13.375, 7.8125], "texture": "#0"},
				"east": {"uv": [13.75, 2.25, 15.53125, 3.8125], "texture": "#0"},
				"south": {"uv": [11.59375, 6.25, 13.375, 7.8125], "texture": "#0"},
				"west": {"uv": [13.75, 2.25, 15.53125, 3.8125], "texture": "#0"},
				"up": {"uv": [13.75, 2.25, 15.53125, 3.8125], "texture": "#0"},
				"down": {"uv": [13.75, 6.1875, 15.53125, 7.75], "texture": "#0"}
			}
		},
		{
			"from": [22.5, 24.25, -9],
			"to": [23.5, 25.25, 10],
			"rotation": {"angle": -45, "axis": "y", "origin": [17, 0, 1]},
			"faces": {
				"north": {"uv": [11.59375, 6.25, 13.375, 7.8125], "texture": "#0"},
				"east": {"uv": [13.75, 2.25, 15.53125, 3.8125], "texture": "#0"},
				"south": {"uv": [11.59375, 6.25, 13.375, 7.8125], "texture": "#0"},
				"west": {"uv": [13.75, 2.25, 15.53125, 3.8125], "texture": "#0"},
				"up": {"uv": [13.75, 2.25, 15.53125, 3.8125], "texture": "#0"},
				"down": {"uv": [13.75, 6.1875, 15.53125, 7.75], "texture": "#0"}
			}
		},
		{
			"from": [21, 24.25, -9],
			"to": [22, 25.25, 10],
			"rotation": {"angle": -45, "axis": "y", "origin": [17, 0, 1]},
			"faces": {
				"north": {"uv": [11.59375, 6.25, 13.375, 7.8125], "texture": "#0"},
				"east": {"uv": [13.75, 2.25, 15.53125, 3.8125], "texture": "#0"},
				"south": {"uv": [11.59375, 6.25, 13.375, 7.8125], "texture": "#0"},
				"west": {"uv": [13.75, 2.25, 15.53125, 3.8125], "texture": "#0"},
				"up": {"uv": [13.75, 2.25, 15.53125, 3.8125], "texture": "#0"},
				"down": {"uv": [13.75, 6.1875, 15.53125, 7.75], "texture": "#0"}
			}
		},
		{
			"from": [20.5, 23.75, -5],
			"to": [25.5, 25.75, -4.5],
			"rotation": {"angle": -45, "axis": "y", "origin": [17, 0, 1]},
			"faces": {
				"north": {"uv": [11.78125, 4.34375, 13.5625, 5.90625], "texture": "#0"},
				"east": {"uv": [11.78125, 4.34375, 13.5625, 5.90625], "texture": "#0"},
				"south": {"uv": [11.78125, 4.34375, 13.5625, 5.90625], "texture": "#0"},
				"west": {"uv": [11.78125, 4.34375, 13.5625, 5.90625], "texture": "#0"},
				"up": {"uv": [11.78125, 4.34375, 13.5625, 5.90625], "texture": "#0"},
				"down": {"uv": [13.75, 6.1875, 15.53125, 7.75], "texture": "#0"}
			}
		},
		{
			"from": [21.25, 22.25, -5],
			"to": [24.75, 27.25, -4.5],
			"rotation": {"angle": -45, "axis": "y", "origin": [17, 0, 1]},
			"faces": {
				"north": {"uv": [11.78125, 4.34375, 13.5625, 5.90625], "texture": "#0"},
				"east": {"uv": [11.78125, 4.34375, 13.5625, 5.90625], "texture": "#0"},
				"south": {"uv": [11.78125, 4.34375, 13.5625, 5.90625], "texture": "#0"},
				"west": {"uv": [11.78125, 4.34375, 13.5625, 5.90625], "texture": "#0"},
				"up": {"uv": [11.78125, 4.34375, 13.5625, 5.90625], "texture": "#0"},
				"down": {"uv": [13.75, 6.1875, 15.53125, 7.75], "texture": "#0"}
			}
		},
		{
			"from": [21.25, 22.25, -6],
			"to": [24.75, 27.25, -5.5],
			"rotation": {"angle": -45, "axis": "y", "origin": [17, 0, 1]},
			"faces": {
				"north": {"uv": [11.78125, 4.34375, 13.5625, 5.90625], "texture": "#0"},
				"east": {"uv": [11.78125, 4.34375, 13.5625, 5.90625], "texture": "#0"},
				"south": {"uv": [11.78125, 4.34375, 13.5625, 5.90625], "texture": "#0"},
				"west": {"uv": [11.78125, 4.34375, 13.5625, 5.90625], "texture": "#0"},
				"up": {"uv": [11.78125, 4.34375, 13.5625, 5.90625], "texture": "#0"},
				"down": {"uv": [13.75, 6.1875, 15.53125, 7.75], "texture": "#0"}
			}
		},
		{
			"from": [20.5, 23.75, -6],
			"to": [25.5, 25.75, -5.5],
			"rotation": {"angle": -45, "axis": "y", "origin": [17, 0, 1]},
			"faces": {
				"north": {"uv": [11.78125, 4.34375, 13.5625, 5.90625], "texture": "#0"},
				"east": {"uv": [11.78125, 4.34375, 13.5625, 5.90625], "texture": "#0"},
				"south": {"uv": [11.78125, 4.34375, 13.5625, 5.90625], "texture": "#0"},
				"west": {"uv": [11.78125, 4.34375, 13.5625, 5.90625], "texture": "#0"},
				"up": {"uv": [11.78125, 4.34375, 13.5625, 5.90625], "texture": "#0"},
				"down": {"uv": [13.75, 6.1875, 15.53125, 7.75], "texture": "#0"}
			}
		},
		{
			"from": [20.5, 23.75, 5],
			"to": [25.5, 25.75, 6],
			"rotation": {"angle": -45, "axis": "y", "origin": [17, 0, 1]},
			"faces": {
				"north": {"uv": [11.78125, 4.34375, 13.5625, 5.90625], "texture": "#0"},
				"east": {"uv": [11.78125, 4.34375, 13.5625, 5.90625], "texture": "#0"},
				"south": {"uv": [11.78125, 4.34375, 13.5625, 5.90625], "texture": "#0"},
				"west": {"uv": [11.78125, 4.34375, 13.5625, 5.90625], "texture": "#0"},
				"up": {"uv": [11.78125, 4.34375, 13.5625, 5.90625], "texture": "#0"},
				"down": {"uv": [13.75, 6.1875, 15.53125, 7.75], "texture": "#0"}
			}
		},
		{
			"from": [21.25, 22.25, 5],
			"to": [24.75, 27.25, 6],
			"rotation": {"angle": -45, "axis": "y", "origin": [17, 0, 1]},
			"faces": {
				"north": {"uv": [11.78125, 4.34375, 13.5625, 5.90625], "texture": "#0"},
				"east": {"uv": [11.78125, 4.34375, 13.5625, 5.90625], "texture": "#0"},
				"south": {"uv": [11.78125, 4.34375, 13.5625, 5.90625], "texture": "#0"},
				"west": {"uv": [11.78125, 4.34375, 13.5625, 5.90625], "texture": "#0"},
				"up": {"uv": [11.78125, 4.34375, 13.5625, 5.90625], "texture": "#0"},
				"down": {"uv": [13.75, 6.1875, 15.53125, 7.75], "texture": "#0"}
			}
		},
		{
			"from": [21.75, 25.75, -9],
			"to": [22.75, 26.75, 10],
			"rotation": {"angle": -45, "axis": "y", "origin": [17, 0, 1]},
			"faces": {
				"north": {"uv": [11.59375, 6.25, 13.375, 7.8125], "texture": "#0"},
				"east": {"uv": [13.75, 2.25, 15.53125, 3.8125], "texture": "#0"},
				"south": {"uv": [11.59375, 6.25, 13.375, 7.8125], "texture": "#0"},
				"west": {"uv": [13.75, 2.25, 15.53125, 3.8125], "texture": "#0"},
				"up": {"uv": [13.75, 2.25, 15.53125, 3.8125], "texture": "#0"},
				"down": {"uv": [13.75, 6.1875, 15.53125, 7.75], "texture": "#0"}
			}
		},
		{
			"from": [23.25, 25.75, -9],
			"to": [24.25, 26.75, 10],
			"rotation": {"angle": -45, "axis": "y", "origin": [17, 0, 1]},
			"faces": {
				"north": {"uv": [11.59375, 6.25, 13.375, 7.8125], "texture": "#0"},
				"east": {"uv": [13.75, 2.25, 15.53125, 3.8125], "texture": "#0"},
				"south": {"uv": [11.59375, 6.25, 13.375, 7.8125], "texture": "#0"},
				"west": {"uv": [13.75, 2.25, 15.53125, 3.8125], "texture": "#0"},
				"up": {"uv": [13.75, 2.25, 15.53125, 3.8125], "texture": "#0"},
				"down": {"uv": [13.75, 6.1875, 15.53125, 7.75], "texture": "#0"}
			}
		},
		{
			"from": [20, 21.75, 10],
			"to": [26, 27.75, 17],
			"rotation": {"angle": -45, "axis": "y", "origin": [17, 0, 1]},
			"faces": {
				"north": {"uv": [11.59375, 2.1875, 13.375, 3.75], "texture": "#0"},
				"east": {"uv": [13.5625, 2.1875, 15.34375, 3.75], "texture": "#0"},
				"south": {"uv": [0, 0, 3, 3], "texture": "#0"},
				"west": {"uv": [13.5625, 2.1875, 15.34375, 3.75], "texture": "#0"},
				"up": {"uv": [11.59375, 0.21875, 13.375, 1.78125], "texture": "#0"},
				"down": {"uv": [13.75, 6.1875, 15.53125, 7.75], "texture": "#0"}
			}
		},
		{
			"from": [19, 21.75, 17],
			"to": [27, 28.75, 22.25],
			"rotation": {"angle": -45, "axis": "y", "origin": [17, 0, 1]},
			"faces": {
				"north": {"uv": [11.59375, 2.1875, 13.375, 3.75], "texture": "#0"},
				"east": {"uv": [13.5625, 2.1875, 15.34375, 3.75], "texture": "#0"},
				"south": {"uv": [11.59375, 2.1875, 13.375, 3.75], "texture": "#0"},
				"west": {"uv": [13.5625, 2.1875, 15.34375, 3.75], "texture": "#0"},
				"up": {"uv": [11.59375, 0.21875, 13.375, 1.78125], "texture": "#0"},
				"down": {"uv": [13.75, 6.1875, 15.53125, 7.75], "texture": "#0"}
			}
		},
		{
			"from": [21.5, 15.75, 18],
			"to": [24.5, 27.75, 21],
			"rotation": {"angle": -45, "axis": "y", "origin": [17, 0, 1]},
			"faces": {
				"north": {"uv": [11.59375, 2.1875, 13.375, 3.75], "texture": "#0"},
				"east": {"uv": [13.5625, 2.1875, 15.34375, 3.75], "texture": "#0"},
				"south": {"uv": [11.59375, 2.1875, 13.375, 3.75], "texture": "#0"},
				"west": {"uv": [13.5625, 2.1875, 15.34375, 3.75], "texture": "#0"},
				"up": {"uv": [0, 0, 1.5, 1.5], "rotation": 90, "texture": "#0"},
				"down": {"uv": [13.75, 6.1875, 15.53125, 7.75], "texture": "#0"}
			}
		},
		{
			"from": [6.5, 14.75, 10],
			"to": [9.5, 17.75, 18.5],
			"rotation": {"angle": 0, "axis": "y", "origin": [17, 0, 1]},
			"faces": {
				"north": {"uv": [0, 0, 1.5, 1.5], "texture": "#0"},
				"east": {"uv": [13.5625, 2.1875, 15.34375, 3.75], "texture": "#0"},
				"south": {"uv": [11.59375, 2.1875, 13.375, 3.75], "texture": "#0"},
				"west": {"uv": [13.5625, 2.1875, 15.34375, 3.75], "texture": "#0"},
				"up": {"uv": [0, 0, 3, 1.5], "rotation": 90, "texture": "#0"},
				"down": {"uv": [13.75, 6.1875, 15.53125, 7.75], "texture": "#0"}
			}
		},
		{
			"from": [21.75, 22.75, -9],
			"to": [22.75, 23.75, 10],
			"rotation": {"angle": -45, "axis": "y", "origin": [17, 0, 1]},
			"faces": {
				"north": {"uv": [11.59375, 6.25, 13.375, 7.8125], "texture": "#0"},
				"east": {"uv": [13.75, 2.25, 15.53125, 3.8125], "texture": "#0"},
				"south": {"uv": [11.59375, 6.25, 13.375, 7.8125], "texture": "#0"},
				"west": {"uv": [13.75, 2.25, 15.53125, 3.8125], "texture": "#0"},
				"up": {"uv": [13.75, 2.25, 15.53125, 3.8125], "texture": "#0"},
				"down": {"uv": [13.75, 6.1875, 15.53125, 7.75], "texture": "#0"}
			}
		},
		{
			"from": [23.25, 22.75, -9],
			"to": [24.25, 23.75, 10],
			"rotation": {"angle": -45, "axis": "y", "origin": [17, 0, 1]},
			"faces": {
				"north": {"uv": [11.59375, 6.25, 13.375, 7.8125], "texture": "#0"},
				"east": {"uv": [13.75, 2.25, 15.53125, 3.8125], "texture": "#0"},
				"south": {"uv": [11.59375, 6.25, 13.375, 7.8125], "texture": "#0"},
				"west": {"uv": [13.75, 2.25, 15.53125, 3.8125], "texture": "#0"},
				"up": {"uv": [13.75, 2.25, 15.53125, 3.8125], "texture": "#0"},
				"down": {"uv": [13.75, 6.1875, 15.53125, 7.75], "texture": "#0"}
			}
		}
	],
	"display": {
		"thirdperson_righthand": {
			"rotation": [4, -180, 0],
			"translation": [0, 3, 0.5],
			"scale": [0.35, 0.35, 0.35]
		},
		"thirdperson_lefthand": {
			"rotation": [4, -180, 0],
			"translation": [0, 3, 0.5],
			"scale": [0.35, 0.35, 0.35]
		},
		"firstperson_righthand": {
			"rotation": [0, -180, 0],
			"translation": [0, 3, 0.5],
			"scale": [0.4, 0.4, 0.4]
		},
		"firstperson_lefthand": {
			"rotation": [0, -180, 0],
			"translation": [0, 3, 0.5],
			"scale": [0.4, 0.4, 0.4]
		},
		"ground": {
			"rotation": [0, -180, 0],
			"translation": [0, 2.25, 0.5],
			"scale": [0.4, 0.4, 0.4]
		},
		"gui": {
			"rotation": [30, 45, 0],
			"translation": [0, 1, 1.25],
			"scale": [0.7, 0.7, 0.7]
		},
		"head": {
			"rotation": [0, -180, 0],
			"translation": [1.5, -33, 2.25],
			"scale": [1.6, 1.6, 1.6]
		},
		"fixed": {
			"rotation": [0, -180, 0],
			"translation": [0, -0.5, 0.5],
			"scale": [0.4, 0.4, 0.4]
		}
	},
	"groups": [
		0,
		1,
		2,
		3,
		4,
		{
			"name": "group",
			"origin": [0, 0, 0],
			"color": 0,
			"children": []
		},
		{
			"name": "group",
			"origin": [0, 0, 0],
			"color": 0,
			"children": []
		},
		{
			"name": "group",
			"origin": [0, 0, 0],
			"color": 0,
			"children": [5, 6, 7, 8, 9, 10, 11, 12, 13, 14, 15, 16, 17, 18, 19, 20, 21]
		},
		{
			"name": "group",
			"origin": [0, 0, 0],
			"color": 0,
			"children": [22, 23, 24, 25, 26, 27, 28, 29, 30, 31, 32, 33, 34, 35, 36, 37, 38]
		},
		{
			"name": "group",
			"origin": [0, 0, 0],
			"color": 0,
			"children": [39, 40, 41, 42, 43, 44, 45, 46, 47, 48, 49, 50, 51, 52, 53, 54, 55]
		}
	]
}