{
	"format_version": "1.21.6",
	"credit": "Made with Blockbench",
	"textures": {
		"0": "juix_resources:item/tnt/toxic_bomb",
		"1": "juix_resources:item/tnt/toxic_icon",
		"particle": "juix_resources:item/tnt/toxic_bomb"
	},
	"elements": [
		{
			"from": [6, 18, 6],
			"to": [10, 19, 10],
			"rotation": {"angle": 0, "axis": "y", "origin": [-5, 17, 5]},
			"faces": {
				"north": {"uv": [8, 8, 7.5, 0.5], "rotation": 270, "texture": "#0"},
				"east": {"uv": [8, 0, 7.5, 8], "rotation": 270, "texture": "#0"},
				"south": {"uv": [0.5, 7.5, 0, 0], "rotation": 90, "texture": "#0"},
				"west": {"uv": [0.5, 0, 0, 8], "rotation": 90, "texture": "#0"},
				"up": {"uv": [8, 0, 0, 8], "rotation": 180, "texture": "#0"},
				"down": {"uv": [8, 0, 0, 8], "rotation": 180, "texture": "#0"}
			}
		},
		{
			"from": [5, 16, 6],
			"to": [11, 18, 10],
			"rotation": {"angle": 0, "axis": "y", "origin": [-5, 17, 5]},
			"faces": {
				"north": {"uv": [8, 8, 7.5, 0.5], "rotation": 270, "texture": "#0"},
				"east": {"uv": [8, 0, 7.5, 8], "rotation": 270, "texture": "#0"},
				"south": {"uv": [0.5, 7.5, 0, 0], "rotation": 90, "texture": "#0"},
				"west": {"uv": [0.5, 0, 0, 8], "rotation": 90, "texture": "#0"},
				"up": {"uv": [8, 0, 0, 8], "rotation": 180, "texture": "#0"},
				"down": {"uv": [8, 0, 0, 8], "rotation": 180, "texture": "#0"}
			}
		},
		{
			"from": [6, 16, 5],
			"to": [10, 18, 11],
			"rotation": {"angle": 0, "axis": "y", "origin": [-5, 17, 5]},
			"faces": {
				"north": {"uv": [8, 8, 7.5, 0.5], "rotation": 270, "texture": "#0"},
				"east": {"uv": [8, 0, 7.5, 8], "rotation": 270, "texture": "#0"},
				"south": {"uv": [0.5, 7.5, 0, 0], "rotation": 90, "texture": "#0"},
				"west": {"uv": [0.5, 0, 0, 8], "rotation": 90, "texture": "#0"},
				"up": {"uv": [8, 0, 0, 8], "rotation": 180, "texture": "#0"},
				"down": {"uv": [8, 0, 0, 8], "rotation": 180, "texture": "#0"}
			}
		},
		{
			"from": [5, 2, 11],
			"to": [11, 7, 12],
			"rotation": {"angle": 0, "axis": "y", "origin": [-5, 3, 5]},
			"faces": {
				"north": {"uv": [8, 0, 0, 8], "rotation": 270, "texture": "#0"},
				"east": {"uv": [0.5, 7.5, 0, 8], "rotation": 90, "texture": "#0"},
				"south": {"uv": [8, 0, 0, 8], "rotation": 270, "texture": "#0"},
				"west": {"uv": [0.5, 0, 0, 0.5], "rotation": 90, "texture": "#0"},
				"up": {"uv": [8, 0, 0, 8], "rotation": 180, "texture": "#0"},
				"down": {"uv": [8, 0, 0, 8], "rotation": 180, "texture": "#0"}
			}
		},
		{
			"from": [5, 2, 4],
			"to": [11, 7, 5],
			"rotation": {"angle": 0, "axis": "y", "origin": [-5, 3, -2]},
			"faces": {
				"north": {"uv": [8, 0, 0, 8], "rotation": 270, "texture": "#0"},
				"east": {"uv": [0.5, 0, 0, 0.5], "rotation": 90, "texture": "#0"},
				"south": {"uv": [8, 0, 0, 8], "rotation": 270, "texture": "#0"},
				"west": {"uv": [0.5, 7.5, 0, 8], "rotation": 90, "texture": "#0"},
				"up": {"uv": [8, 0, 0, 8], "rotation": 180, "texture": "#0"},
				"down": {"uv": [8, 0, 0, 8], "rotation": 180, "texture": "#0"}
			}
		},
		{
			"from": [10, 2, 5],
			"to": [12, 7, 11],
			"rotation": {"angle": 0, "axis": "y", "origin": [-5, 3, 5]},
			"faces": {
				"north": {"uv": [0.5, 7.5, 0, 8], "rotation": 90, "texture": "#0"},
				"east": {"uv": [8, 0, 0, 8], "rotation": 270, "texture": "#0"},
				"south": {"uv": [0.5, 0, 0, 0.5], "rotation": 90, "texture": "#0"},
				"west": {"uv": [8, 0, 0, 8], "rotation": 270, "texture": "#0"},
				"up": {"uv": [8, 0, 0, 8], "rotation": 180, "texture": "#0"},
				"down": {"uv": [8, 0, 0, 8], "rotation": 180, "texture": "#0"}
			}
		},
		{
			"from": [5, 7, 4],
			"to": [11, 16, 12],
			"rotation": {"angle": 0, "axis": "y", "origin": [-5, 17, 5]},
			"faces": {
				"north": {"uv": [16, 0, 8, 8], "rotation": 90, "texture": "#0"},
				"east": {"uv": [16, 0, 15.5, 8], "rotation": 270, "texture": "#0"},
				"south": {"uv": [16, 0, 8, 8], "rotation": 90, "texture": "#0"},
				"west": {"uv": [16, 0, 8, 8], "rotation": 90, "texture": "#0"},
				"up": {"uv": [8.5, 0, 8, 0.5], "rotation": 180, "texture": "#0"},
				"down": {"uv": [8.5, 7.5, 8, 8], "rotation": 180, "texture": "#0"}
			}
		},
		{
			"from": [4, 7, 5],
			"to": [12, 16, 11],
			"rotation": {"angle": 0, "axis": "y", "origin": [-5, 17, 5]},
			"faces": {
				"north": {"uv": [16, 0, 8, 8], "rotation": 90, "texture": "#0"},
				"east": {"uv": [16, 0, 8, 8], "rotation": 90, "texture": "#0"},
				"south": {"uv": [16, 0, 8, 8], "rotation": 90, "texture": "#0"},
				"west": {"uv": [16, 0, 8, 8], "rotation": 90, "texture": "#0"},
				"up": {"uv": [8.5, 0, 8, 0.5], "rotation": 180, "texture": "#0"},
				"down": {"uv": [8.5, 7.5, 8, 8], "rotation": 180, "texture": "#0"}
			}
		},
		{
			"from": [4, 0, 5],
			"to": [12, 2, 11],
			"rotation": {"angle": 0, "axis": "y", "origin": [-5, 10, 5]},
			"faces": {
				"north": {"uv": [16, 0, 8, 8], "rotation": 90, "texture": "#0"},
				"east": {"uv": [16, 0, 8, 8], "rotation": 90, "texture": "#0"},
				"south": {"uv": [16, 0, 8, 8], "rotation": 90, "texture": "#0"},
				"west": {"uv": [16, 0, 8, 8], "rotation": 90, "texture": "#0"},
				"up": {"uv": [8.5, 0, 8, 0.5], "rotation": 180, "texture": "#0"},
				"down": {"uv": [8.5, 7.5, 8, 8], "rotation": 180, "texture": "#0"}
			}
		},
		{
			"from": [5, 0, 4],
			"to": [11, 2, 12],
			"rotation": {"angle": 0, "axis": "y", "origin": [-5, 10, 5]},
			"faces": {
				"north": {"uv": [16, 0, 8, 8], "rotation": 90, "texture": "#0"},
				"east": {"uv": [16, 0, 15.5, 8], "rotation": 270, "texture": "#0"},
				"south": {"uv": [16, 0, 8, 8], "rotation": 90, "texture": "#0"},
				"west": {"uv": [16, 0, 8, 8], "rotation": 90, "texture": "#0"},
				"up": {"uv": [8.5, 0, 8, 0.5], "rotation": 180, "texture": "#0"},
				"down": {"uv": [8.5, 7.5, 8, 8], "rotation": 180, "texture": "#0"}
			}
		},
		{
			"from": [5.5, 9, 3.95],
			"to": [10.5, 14, 3.95],
			"rotation": {"angle": 0, "axis": "y", "origin": [5.5, 15, 4.95]},
			"faces": {
				"north": {"uv": [0, 0, 16, 16], "texture": "#1"},
				"east": {"uv": [0, 0, 0, 9], "texture": "#1"},
				"south": {"uv": [0, 0, 10, 9], "texture": "#missing"},
				"west": {"uv": [0, 0, 0, 9], "texture": "#missing"},
				"up": {"uv": [0, 0, 0, 10], "rotation": 270, "texture": "#missing"},
				"down": {"uv": [0, 0, 0, 10], "rotation": 90, "texture": "#missing"}
			}
		},
		{
			"from": [5.5, 9, 12.15],
			"to": [10.5, 14, 12.15],
			"rotation": {"angle": 0, "axis": "y", "origin": [5.5, 15, 11.15]},
			"faces": {
				"north": {"uv": [10, 0, 0, 9], "texture": "#missing"},
				"east": {"uv": [0, 0, 0, 9], "texture": "#1"},
				"south": {"uv": [16, 0, 0, 16], "texture": "#1"},
				"west": {"uv": [0, 0, 0, 9], "texture": "#missing"},
				"up": {"uv": [0, 0, 0, 10], "rotation": 270, "texture": "#missing"},
				"down": {"uv": [0, 0, 0, 10], "rotation": 90, "texture": "#missing"}
			}
		},
		{
			"from": [12.1, 9, 5.5],
			"to": [12.1, 14, 10.5],
			"rotation": {"angle": 0, "axis": "y", "origin": [11.1, 15, 5.5]},
			"faces": {
				"north": {"uv": [0, 0, 0, 9], "texture": "#1"},
				"east": {"uv": [0, 0, 16, 16], "texture": "#1"},
				"south": {"uv": [0, 0, 0, 9], "texture": "#missing"},
				"west": {"uv": [0, 0, 10, 9], "texture": "#missing"},
				"up": {"uv": [0, 0, 0, 10], "texture": "#missing"},
				"down": {"uv": [0, 0, 0, 10], "texture": "#missing"}
			}
		},
		{
			"from": [3.9, 9, 5.5],
			"to": [3.9, 14, 10.5],
			"rotation": {"angle": 0, "axis": "y", "origin": [4.9, 15, 5.5]},
			"faces": {
				"north": {"uv": [0, 0, 0, 9], "texture": "#1"},
				"east": {"uv": [10, 0, 0, 9], "texture": "#missing"},
				"south": {"uv": [0, 0, 0, 9], "texture": "#missing"},
				"west": {"uv": [16, 0, 0, 16], "texture": "#1"},
				"up": {"uv": [0, 0, 0, 10], "texture": "#missing"},
				"down": {"uv": [0, 0, 0, 10], "texture": "#missing"}
			}
		},
		{
			"from": [6.5, 2, 6.5],
			"to": [9.5, 5, 9.5],
			"rotation": {"angle": 0, "axis": "y", "origin": [6.5, 2, 6.5]},
			"faces": {
				"north": {"uv": [0, 8, 3.5, 11.5], "texture": "#0"},
				"east": {"uv": [0, 8, 3.5, 11.5], "texture": "#0"},
				"south": {"uv": [0, 8, 3.5, 11.5], "texture": "#0"},
				"west": {"uv": [0, 8, 3.5, 11.5], "texture": "#0"},
				"up": {"uv": [0, 8, 3.5, 11.5], "texture": "#0"},
				"down": {"uv": [0, 8, 3.5, 11.5], "texture": "#0"}
			}
		},
		{
			"from": [6.75, 2.25, 6.75],
			"to": [9.25, 4.25, 9.25],
			"rotation": {"angle": 0, "axis": "y", "origin": [6.5, 2, 6.5]},
			"faces": {
				"north": {"uv": [0, 11.5, 3.5, 15], "texture": "#0"},
				"east": {"uv": [0, 11.5, 3.5, 15], "texture": "#0"},
				"south": {"uv": [0, 11.5, 3.5, 15], "texture": "#0"},
				"west": {"uv": [0, 11.5, 3.5, 15], "texture": "#0"},
				"up": {"uv": [0, 11.5, 3.5, 15], "texture": "#0"},
				"down": {"uv": [0, 11.5, 3.5, 15], "texture": "#0"}
			}
		},
		{
			"from": [7.5, 5, 7.5],
			"to": [8.5, 5.75, 8.5],
			"rotation": {"angle": 0, "axis": "y", "origin": [6.5, 5.5, 6.5]},
			"faces": {
				"north": {"uv": [0, 8, 3.5, 11.5], "texture": "#0"},
				"east": {"uv": [0, 8, 3.5, 11.5], "texture": "#0"},
				"south": {"uv": [0, 8, 3.5, 11.5], "texture": "#0"},
				"west": {"uv": [0, 8, 3.5, 11.5], "texture": "#0"},
				"up": {"uv": [0, 8, 3.5, 11.5], "texture": "#0"},
				"down": {"uv": [0, 8, 3.5, 11.5], "texture": "#0"}
			}
		},
		{
			"from": [7.25, 5.75, 7.25],
			"to": [8.75, 6.5, 8.75],
			"rotation": {"angle": 0, "axis": "y", "origin": [6.5, 6.25, 6.5]},
			"faces": {
				"north": {"uv": [3.5, 8, 5, 9], "texture": "#0"},
				"east": {"uv": [3.5, 8, 5, 9], "texture": "#0"},
				"south": {"uv": [3.5, 8, 5, 9], "texture": "#0"},
				"west": {"uv": [3.5, 8, 5, 9], "texture": "#0"},
				"up": {"uv": [3.5, 9, 5, 10.5], "texture": "#0"},
				"down": {"uv": [3.5, 9, 5, 10.5], "texture": "#0"}
			}
		},
		{
			"from": [5.5, 2.75, 5],
			"to": [5.75, 3.25, 11],
			"rotation": {"angle": 0, "axis": "y", "origin": [5.5, 2.75, 4]},
			"faces": {
				"north": {"uv": [5, 8, 6.5, 9.5], "texture": "#0"},
				"east": {"uv": [5, 8, 6.5, 9.5], "texture": "#0"},
				"south": {"uv": [5, 8, 6.5, 9.5], "texture": "#0"},
				"west": {"uv": [5, 8, 6.5, 9.5], "texture": "#0"},
				"up": {"uv": [5, 8, 6.5, 9.5], "texture": "#0"},
				"down": {"uv": [5, 8, 6.5, 9.5], "texture": "#0"}
			}
		},
		{
			"from": [5.5, 3.75, 5],
			"to": [5.75, 4.25, 11],
			"rotation": {"angle": 0, "axis": "y", "origin": [5.5, 3.75, 4]},
			"faces": {
				"north": {"uv": [5, 8, 6.5, 9.5], "texture": "#0"},
				"east": {"uv": [5, 8, 6.5, 9.5], "texture": "#0"},
				"south": {"uv": [5, 8, 6.5, 9.5], "texture": "#0"},
				"west": {"uv": [5, 8, 6.5, 9.5], "texture": "#0"},
				"up": {"uv": [5, 8, 6.5, 9.5], "texture": "#0"},
				"down": {"uv": [5, 8, 6.5, 9.5], "texture": "#0"}
			}
		}
	],
	"display": {
		"thirdperson_righthand": {
			"rotation": [75, 45, 0],
			"translation": [0, 2, 1.25],
			"scale": [0.375, 0.375, 0.375]
		},
		"firstperson_righthand": {
			"rotation": [0, 45, 0],
			"translation": [0, 1.75, 0],
			"scale": [0.4, 0.4, 0.4]
		},
		"firstperson_lefthand": {
			"rotation": [0, -135, 0],
			"translation": [0, 1.75, 0],
			"scale": [0.4, 0.4, 0.4]
		},
		"ground": {
			"translation": [0, 3, 0],
			"scale": [0.25, 0.25, 0.25]
		},
		"gui": {
			"rotation": [30, 135, 0],
			"translation": [0, -0.5, 0],
			"scale": [0.75, 0.75, 0.75]
		},
		"head": {
			"scale": [1.6, 1.6, 1.6]
		},
		"fixed": {
			"rotation": [0, 90, 0],
			"translation": [0, -1.25, 2.25],
			"scale": [0.9, 0.9, 0.9]
		},
		"on_shelf": {
			"translation": [0, 0, -1.75]
		}
	}
}