{
    "type": "minecraft:crafting_shaped",
    "pattern": [
        "GGG",
        " I ",
        " I "
    ],
    "key": {
        "I": "minecraft:stick",
        "G": "minecraft:gold_block"
    },
    "result": {
        "id": "minecraft:golden_pickaxe",
        "components": {
        "minecraft:custom_model_data": {"floats":[100]},
        "minecraft:max_damage": 60,
        "minecraft:attribute_modifiers": {
            "modifiers": [
                {"type":"attack_speed","amount":-3,"slot":"mainhand","operation":"add_value","id":"1727808644520"},
                {"type":"attack_damage","amount":2,"slot":"mainhand","operation":"add_value","id":"1727808644520"}
            ]
        },
        "minecraft:lore": [
            "[\"\",{\"text\":\"Enlarged Mining III\",\"italic\":false,\"color\":\"gray\"}]"
        ],
        "minecraft:item_name": "{\"text\":\"Golden Hammer\",\"italic\":false}"
        },
        "count": 1
    }
}