{
	"credit": "Made with Blockbench",
	"texture_size": [48, 48],
	"textures": {
		"0": "item/platform/face",
		"1": "item/platform/side",
		"particle": "item/platform/face"
	},
	"elements": [
		{
			"from": [-16, 0, -16],
			"to": [32, 16, 32],
			"faces": {
				"north": {"uv": [0, 0, 16, 16], "texture": "#1"},
				"east": {"uv": [0, 0, 16, 16], "texture": "#1"},
				"south": {"uv": [0, 0, 16, 16], "texture": "#1"},
				"west": {"uv": [0, 0, 16, 16], "texture": "#1"},
				"up": {"uv": [0, 0, 16, 16], "texture": "#0"},
				"down": {"uv": [0, 0, 16, 16], "texture": "#0"}
			}
		}
	],
	"display": {
		"thirdperson_righthand": {
			"scale": [0.1, 0.1, 0.1]
		},
		"thirdperson_lefthand": {
			"scale": [0.1, 0.1, 0.1]
		},
		"firstperson_righthand": {
			"scale": [0.1, 0.1, 0.1]
		},
		"firstperson_lefthand": {
			"scale": [0.1, 0.1, 0.1]
		},
		"ground": {
			"translation": [0, -1.5, 0],
			"scale": [0.3, 0.3, 0.3]
		},
		"gui": {
			"rotation": [30, 46, 0],
			"translation": [0, -0.25, 0],
			"scale": [0.22, 0.22, 0.22]
		},
		"head": {
			"translation": [0, 6.75, 0],
			"scale": [0.1, 0.1, 0.1]
		},
		"fixed": {
			"translation": [0, -1.5, 0],
			"scale": [0.3, 0.3, 0.3]
		}
	}
}