{
	"credit": "Made with Blockbench",
	"textures": {
		"1": "item/crossbow/g1",
		"4": "item/crossbow/iron1",
		"5": "item/crossbow/o1"
	},
	"elements": [
		{
			"from": [0.4, 5.675, 7.3],
			"to": [0.6, 7.65, 7.7],
			"rotation": {"angle": 0, "axis": "y", "origin": [0, 0, 4]},
			"faces": {
				"north": {"uv": [0, 0, 5.5, 1], "texture": "#1"},
				"east": {"uv": [0, 0, 5.5, 1], "texture": "#1"},
				"south": {"uv": [0, 0, 5.5, 1], "texture": "#1"},
				"west": {"uv": [0, 0, 5.5, 1], "texture": "#1"},
				"up": {"uv": [0, 0, 5.5, 1], "texture": "#1"},
				"down": {"uv": [0, 0, 5.5, 1], "texture": "#1"}
			}
		},
		{
			"from": [5.95, 4.85, 7.35],
			"to": [6.5, 5.5, 7.65],
			"rotation": {"angle": 22.5, "axis": "z", "origin": [0, 0, 4]},
			"faces": {
				"north": {"uv": [0, 0, 8, 8], "texture": "#5"},
				"east": {"uv": [0, 0, 8, 8], "texture": "#5"},
				"south": {"uv": [0, 0, 8, 8], "texture": "#5"},
				"west": {"uv": [0, 0, 8, 8], "texture": "#5"},
				"up": {"uv": [0, 0, 8, 8], "texture": "#5"},
				"down": {"uv": [0, 0, 8, 8], "texture": "#5"}
			}
		},
		{
			"from": [6.025, 4.225, 7.35],
			"to": [6.575, 4.875, 7.65],
			"rotation": {"angle": 22.5, "axis": "z", "origin": [0, 0, 4]},
			"faces": {
				"north": {"uv": [0, 0, 8, 8], "texture": "#5"},
				"east": {"uv": [0, 0, 8, 8], "texture": "#5"},
				"south": {"uv": [0, 0, 8, 8], "texture": "#5"},
				"west": {"uv": [0, 0, 8, 8], "texture": "#5"},
				"up": {"uv": [0, 0, 8, 8], "texture": "#5"},
				"down": {"uv": [0, 0, 8, 8], "texture": "#5"}
			}
		},
		{
			"from": [5.7, 5, 7.35],
			"to": [6.15, 5.625, 7.65],
			"rotation": {"angle": 22.5, "axis": "z", "origin": [0, 0, 4]},
			"faces": {
				"north": {"uv": [0, 0, 8, 8], "texture": "#5"},
				"east": {"uv": [0, 0, 8, 8], "texture": "#5"},
				"south": {"uv": [0, 0, 8, 8], "texture": "#5"},
				"west": {"uv": [0, 0, 8, 8], "texture": "#5"},
				"up": {"uv": [0, 0, 8, 8], "texture": "#5"},
				"down": {"uv": [0, 0, 8, 8], "texture": "#5"}
			}
		},
		{
			"from": [2.8, 4.25, 7.35],
			"to": [5.75, 5.25, 7.65],
			"rotation": {"angle": 22.5, "axis": "z", "origin": [-2, 0, 4]},
			"faces": {
				"north": {"uv": [0, 0, 8, 8], "texture": "#5"},
				"east": {"uv": [0, 0, 8, 8], "texture": "#5"},
				"south": {"uv": [0, 0, 8, 8], "texture": "#5"},
				"west": {"uv": [0, 0, 8, 8], "texture": "#5"},
				"up": {"uv": [0, 0, 8, 8], "texture": "#5"},
				"down": {"uv": [0, 0, 8, 8], "texture": "#5"}
			}
		},
		{
			"from": [2.6, 4.25, 7.35],
			"to": [3, 4.75, 7.65],
			"rotation": {"angle": 22.5, "axis": "z", "origin": [-2, 0, 4]},
			"faces": {
				"north": {"uv": [0, 0, 8, 8], "texture": "#5"},
				"east": {"uv": [0, 0, 8, 8], "texture": "#5"},
				"south": {"uv": [0, 0, 8, 8], "texture": "#5"},
				"west": {"uv": [0, 0, 8, 8], "texture": "#5"},
				"up": {"uv": [0, 0, 8, 8], "texture": "#5"},
				"down": {"uv": [0, 0, 8, 8], "texture": "#5"}
			}
		},
		{
			"from": [3.05, 6, 7.35],
			"to": [5, 6.25, 7.65],
			"rotation": {"angle": 22.5, "axis": "z", "origin": [0, 0, 0]},
			"faces": {
				"north": {"uv": [0, 0, 8, 8], "texture": "#5"},
				"east": {"uv": [0, 0, 8, 8], "texture": "#5"},
				"south": {"uv": [0, 0, 8, 8], "texture": "#5"},
				"west": {"uv": [0, 0, 8, 8], "texture": "#5"},
				"up": {"uv": [0, 0, 8, 8], "texture": "#5"},
				"down": {"uv": [0, 0, 8, 8], "texture": "#5"}
			}
		},
		{
			"from": [3.15, 6.25, 7.375],
			"to": [4.5, 6.5, 7.625],
			"rotation": {"angle": 22.5, "axis": "z", "origin": [0, 0, 0]},
			"faces": {
				"north": {"uv": [0, 0, 8, 8], "texture": "#5"},
				"east": {"uv": [0, 0, 8, 8], "texture": "#5"},
				"south": {"uv": [0, 0, 8, 8], "texture": "#5"},
				"west": {"uv": [0, 0, 8, 8], "texture": "#5"},
				"up": {"uv": [0, 0, 8, 8], "texture": "#5"},
				"down": {"uv": [0, 0, 8, 8], "texture": "#5"}
			}
		},
		{
			"from": [3.3, 6.5, 7.4],
			"to": [4.225, 6.725, 7.6],
			"rotation": {"angle": 22.5, "axis": "z", "origin": [0, 0, 0]},
			"faces": {
				"north": {"uv": [0, 0, 8, 8], "texture": "#5"},
				"east": {"uv": [0, 0, 8, 8], "texture": "#5"},
				"south": {"uv": [0, 0, 8, 8], "texture": "#5"},
				"west": {"uv": [0, 0, 8, 8], "texture": "#5"},
				"up": {"uv": [0, 0, 8, 8], "texture": "#5"},
				"down": {"uv": [0, 0, 8, 8], "texture": "#5"}
			}
		},
		{
			"from": [1.375, 6, 7.35],
			"to": [2, 7.625, 7.65],
			"rotation": {"angle": -22.5, "axis": "z", "origin": [0, 0, 4]},
			"faces": {
				"north": {"uv": [0, 0, 8, 8], "texture": "#5"},
				"east": {"uv": [0, 0, 8, 8], "texture": "#5"},
				"south": {"uv": [0, 0, 8, 8], "texture": "#5"},
				"west": {"uv": [0, 0, 8, 8], "texture": "#5"},
				"up": {"uv": [0, 0, 8, 8], "texture": "#5"},
				"down": {"uv": [0, 0, 8, 8], "texture": "#5"}
			}
		},
		{
			"from": [1.275, 6, 7.35],
			"to": [1.375, 6.6, 7.65],
			"rotation": {"angle": -22.5, "axis": "z", "origin": [0, 0, 4]},
			"faces": {
				"north": {"uv": [0, 0, 8, 8], "texture": "#5"},
				"east": {"uv": [0, 0, 8, 8], "texture": "#5"},
				"south": {"uv": [0, 0, 8, 8], "texture": "#5"},
				"west": {"uv": [0, 0, 8, 8], "texture": "#5"},
				"up": {"uv": [0, 0, 8, 8], "texture": "#5"},
				"down": {"uv": [0, 0, 8, 8], "texture": "#5"}
			}
		},
		{
			"from": [4, 6.25, 7.325],
			"to": [5.25, 7, 7.675],
			"faces": {
				"north": {"uv": [0, 0, 8, 8], "texture": "#5"},
				"east": {"uv": [0, 0, 8, 8], "texture": "#5"},
				"south": {"uv": [0, 0, 8, 8], "texture": "#5"},
				"west": {"uv": [0, 0, 8, 8], "texture": "#5"},
				"up": {"uv": [0, 0, 8, 8], "texture": "#5"},
				"down": {"uv": [0, 0, 8, 8], "texture": "#5"}
			}
		},
		{
			"from": [7.55, 3.7, 7.45],
			"to": [7.7, 4, 7.55],
			"rotation": {"angle": 22.5, "axis": "z", "origin": [-0.1, 0, 0]},
			"faces": {
				"north": {"uv": [0, 0, 9, 9], "texture": "#4"},
				"east": {"uv": [0, 0, 9, 9], "texture": "#4"},
				"south": {"uv": [0, 0, 9, 9], "texture": "#4"},
				"west": {"uv": [0, 0, 9, 9], "texture": "#4"},
				"up": {"uv": [0, 0, 9, 9], "texture": "#4"},
				"down": {"uv": [0, 0, 9, 9], "texture": "#4"}
			}
		},
		{
			"from": [5.45, 6.6, 7.45],
			"to": [5.6, 6.9, 7.55],
			"rotation": {"angle": 0, "axis": "z", "origin": [-0.1, 0, 0]},
			"faces": {
				"north": {"uv": [0, 0, 9, 9], "texture": "#4"},
				"east": {"uv": [0, 0, 9, 9], "texture": "#4"},
				"south": {"uv": [0, 0, 9, 9], "texture": "#4"},
				"west": {"uv": [0, 0, 9, 9], "texture": "#4"},
				"up": {"uv": [0, 0, 9, 9], "texture": "#4"},
				"down": {"uv": [0, 0, 9, 9], "texture": "#4"}
			}
		},
		{
			"from": [2.375, 8.5, 7.45],
			"to": [2.525, 8.9, 7.55],
			"rotation": {"angle": -22.5, "axis": "z", "origin": [-0.1, 0, 0]},
			"faces": {
				"north": {"uv": [0, 0, 9, 9], "texture": "#4"},
				"east": {"uv": [0, 0, 9, 9], "texture": "#4"},
				"south": {"uv": [0, 0, 9, 9], "texture": "#4"},
				"west": {"uv": [0, 0, 9, 9], "texture": "#4"},
				"up": {"uv": [0, 0, 9, 9], "texture": "#4"},
				"down": {"uv": [0, 0, 9, 9], "texture": "#4"}
			}
		},
		{
			"from": [5.25, 6.25, 7.4],
			"to": [6.25, 6.5, 7.6],
			"faces": {
				"north": {"uv": [0, 0, 1, 0.25], "texture": "#1"},
				"east": {"uv": [0, 0, 0.2, 0.25], "texture": "#1"},
				"south": {"uv": [0, 0, 1, 0.25], "texture": "#1"},
				"west": {"uv": [0, 0, 0.2, 0.25], "texture": "#1"},
				"up": {"uv": [0, 0, 1, 0.2], "texture": "#1"},
				"down": {"uv": [0, 0, 1, 0.2], "texture": "#1"}
			}
		},
		{
			"from": [6, 6.5, 7.35],
			"to": [6.75, 7, 7.65],
			"faces": {
				"north": {"uv": [0, 0, 0.75, 0.5], "texture": "#1"},
				"east": {"uv": [0, 0, 0.3, 0.5], "texture": "#1"},
				"south": {"uv": [0, 0, 0.75, 0.5], "texture": "#1"},
				"west": {"uv": [0, 0, 0.3, 0.5], "texture": "#1"},
				"up": {"uv": [0, 0, 0.75, 0.3], "texture": "#1"},
				"down": {"uv": [0, 0, 0.75, 0.3], "texture": "#1"}
			}
		},
		{
			"from": [12.25, 7.65, 7.35],
			"to": [15.75, 7.95, 7.65],
			"rotation": {"angle": 0, "axis": "y", "origin": [0, 0.2, 0]},
			"faces": {
				"north": {"uv": [0, 0, 4, 0.8], "texture": "#1"},
				"east": {"uv": [0, 0, 0.8, 0.8], "texture": "#1"},
				"south": {"uv": [0, 0, 4, 0.8], "texture": "#1"},
				"west": {"uv": [0, 0, 0.8, 0.8], "texture": "#1"},
				"up": {"uv": [0, 0, 4, 0.8], "texture": "#1"},
				"down": {"uv": [0, 0, 4, 0.8], "texture": "#1"}
			}
		},
		{
			"from": [12.25, 7.4, 7.45],
			"to": [15.5, 7.5, 7.55],
			"rotation": {"angle": 0, "axis": "y", "origin": [0, 0.2, 0]},
			"faces": {
				"north": {"uv": [0, 0, 3.75, 0.6], "texture": "#1"},
				"east": {"uv": [0, 0, 0.6, 0.6], "texture": "#1"},
				"south": {"uv": [0, 0, 3.75, 0.6], "texture": "#1"},
				"west": {"uv": [0, 0, 0.6, 0.6], "texture": "#1"},
				"up": {"uv": [0, 0, 3.75, 0.6], "texture": "#1"},
				"down": {"uv": [0, 0, 3.75, 0.6], "texture": "#1"}
			}
		},
		{
			"from": [15.05, 7.95, 7.45],
			"to": [15.35, 8.1, 7.55],
			"rotation": {"angle": 0, "axis": "y", "origin": [0, 0.2, 0]},
			"faces": {
				"north": {"uv": [0, 0, 0.3, 0.15], "texture": "#1"},
				"east": {"uv": [0, 0, 0.1, 0.15], "texture": "#1"},
				"south": {"uv": [0, 0, 0.3, 0.15], "texture": "#1"},
				"west": {"uv": [0, 0, 0.1, 0.15], "texture": "#1"},
				"up": {"uv": [0, 0, 0.3, 0.1], "texture": "#1"},
				"down": {"uv": [0, 0, 0.3, 0.1], "texture": "#1"}
			}
		},
		{
			"from": [15.25, 8.375, 7.45],
			"to": [15.35, 8.9, 7.55],
			"rotation": {"angle": 0, "axis": "y", "origin": [0, 0.2, 0]},
			"faces": {
				"north": {"uv": [0, 0, 0.1, 0.525], "texture": "#1"},
				"east": {"uv": [0, 0, 0.1, 0.525], "texture": "#1"},
				"south": {"uv": [0, 0, 0.1, 0.525], "texture": "#1"},
				"west": {"uv": [0, 0, 0.1, 0.525], "texture": "#1"},
				"up": {"uv": [0, 0, 0.1, 0.1], "texture": "#1"},
				"down": {"uv": [0, 0, 0.1, 0.1], "texture": "#1"}
			}
		},
		{
			"from": [15.2, 8.25, 7.45],
			"to": [15.35, 8.375, 7.55],
			"rotation": {"angle": 0, "axis": "y", "origin": [0, 0.2, 0]},
			"faces": {
				"north": {"uv": [0, 0, 0.15, 0.125], "texture": "#1"},
				"east": {"uv": [0, 0, 0.1, 0.125], "texture": "#1"},
				"south": {"uv": [0, 0, 0.15, 0.125], "texture": "#1"},
				"west": {"uv": [0, 0, 0.1, 0.125], "texture": "#1"},
				"up": {"uv": [0, 0, 0.15, 0.1], "texture": "#1"},
				"down": {"uv": [0, 0, 0.15, 0.1], "texture": "#1"}
			}
		},
		{
			"from": [15.275, 8.1, 7.45],
			"to": [15.35, 8.25, 7.55],
			"rotation": {"angle": 0, "axis": "y", "origin": [0, 0.2, 0]},
			"faces": {
				"north": {"uv": [0, 0, 0.075, 0.15], "texture": "#1"},
				"east": {"uv": [0, 0, 0.1, 0.15], "texture": "#1"},
				"south": {"uv": [0, 0, 0.075, 0.15], "texture": "#1"},
				"west": {"uv": [0, 0, 0.1, 0.15], "texture": "#1"},
				"up": {"uv": [0, 0, 0.075, 0.1], "texture": "#1"},
				"down": {"uv": [0, 0, 0.075, 0.1], "texture": "#1"}
			}
		},
		{
			"from": [15.125, 8.1, 7.45],
			"to": [15.2, 8.25, 7.55],
			"rotation": {"angle": 0, "axis": "y", "origin": [0, 0.2, 0]},
			"faces": {
				"north": {"uv": [0, 0, 0.075, 0.15], "texture": "#1"},
				"east": {"uv": [0, 0, 0.1, 0.15], "texture": "#1"},
				"south": {"uv": [0, 0, 0.075, 0.15], "texture": "#1"},
				"west": {"uv": [0, 0, 0.1, 0.15], "texture": "#1"},
				"up": {"uv": [0, 0, 0.075, 0.1], "texture": "#1"},
				"down": {"uv": [0, 0, 0.075, 0.1], "texture": "#1"}
			}
		},
		{
			"from": [3.5, 15.25, 7.35],
			"to": [4.5, 15.5, 7.65],
			"rotation": {"angle": -45, "axis": "z", "origin": [0, 0.2, 0]},
			"faces": {
				"north": {"uv": [0, 0, 1, 0.25], "texture": "#1"},
				"east": {"uv": [0, 0, 0.3, 0.25], "texture": "#1"},
				"south": {"uv": [0, 0, 1, 0.25], "texture": "#1"},
				"west": {"uv": [0, 0, 0.3, 0.25], "texture": "#1"},
				"up": {"uv": [0, 0, 1, 0.3], "texture": "#1"},
				"down": {"uv": [0, 0, 1, 0.3], "texture": "#1"}
			}
		},
		{
			"from": [10.25, 8.3, 7.35],
			"to": [13.3, 8.55, 7.65],
			"rotation": {"angle": 0, "axis": "y", "origin": [0, 0.2, 0]},
			"faces": {
				"north": {"uv": [0, 0, 3.55, 0.75], "texture": "#1"},
				"east": {"uv": [0, 0, 0.8, 0.75], "texture": "#1"},
				"south": {"uv": [0, 0, 3.55, 0.75], "texture": "#1"},
				"west": {"uv": [0, 0, 0.8, 0.75], "texture": "#1"},
				"up": {"uv": [0, 0, 3.55, 0.8], "texture": "#1"},
				"down": {"uv": [0, 0, 3.55, 0.8], "texture": "#1"}
			}
		},
		{
			"from": [6.75, 6.75, 7.35],
			"to": [7, 7, 7.65],
			"faces": {
				"north": {"uv": [0, 0, 9, 9], "texture": "#4"},
				"east": {"uv": [0, 0, 9, 9], "texture": "#4"},
				"south": {"uv": [0, 0, 9, 9], "texture": "#4"},
				"west": {"uv": [0, 0, 9, 9], "texture": "#4"},
				"up": {"uv": [0, 0, 9, 9], "texture": "#4"},
				"down": {"uv": [0, 0, 9, 9], "texture": "#4"}
			}
		},
		{
			"from": [9, 3.2, 7.25],
			"to": [10.5, 4.1, 7.75],
			"rotation": {"angle": 22.5, "axis": "z", "origin": [0, 0, 0]},
			"faces": {
				"north": {"uv": [0, 2, 16, 9], "texture": "#4"},
				"east": {"uv": [0, 2, 16, 9], "texture": "#4"},
				"south": {"uv": [0, 2, 16, 9], "texture": "#4"},
				"west": {"uv": [0, 2, 16, 9], "texture": "#4"},
				"up": {"uv": [0, 2, 16, 9], "texture": "#4"},
				"down": {"uv": [0, 2, 16, 9], "texture": "#4"}
			}
		},
		{
			"from": [9.2, 1.75, 7.35],
			"to": [10.2, 3.25, 7.65],
			"rotation": {"angle": 22.5, "axis": "z", "origin": [0, 0, 0]},
			"faces": {
				"north": {"uv": [0, 1, 16, 10], "texture": "#4"},
				"east": {"uv": [0, 1, 16, 10], "texture": "#4"},
				"south": {"uv": [0, 1, 16, 10], "texture": "#4"},
				"west": {"uv": [0, 1, 16, 10], "texture": "#4"},
				"up": {"uv": [0, 1, 16, 10], "texture": "#4"},
				"down": {"uv": [0, 1, 16, 10], "texture": "#4"}
			}
		},
		{
			"from": [9.175, -3.375, 7.35],
			"to": [10.175, -1.875, 7.65],
			"rotation": {"angle": 45, "axis": "z", "origin": [0, 0, 0]},
			"faces": {
				"north": {"uv": [0, 1, 16, 10], "texture": "#4"},
				"east": {"uv": [0, 1, 16, 10], "texture": "#4"},
				"south": {"uv": [0, 1, 16, 10], "texture": "#4"},
				"west": {"uv": [0, 1, 16, 10], "texture": "#4"},
				"up": {"uv": [0, 1, 16, 10], "texture": "#4"},
				"down": {"uv": [0, 1, 16, 10], "texture": "#4"}
			}
		},
		{
			"from": [5.3, 8, 7.25],
			"to": [10.75, 8.5, 7.75],
			"rotation": {"angle": 0, "axis": "y", "origin": [0, 0, 4]},
			"faces": {
				"north": {"uv": [0, 0, 10, 10], "texture": "#1"},
				"east": {"uv": [0, 0, 10, 10], "texture": "#1"},
				"south": {"uv": [0, 0, 10, 10], "texture": "#1"},
				"west": {"uv": [0, 0, 10, 10], "texture": "#1"},
				"up": {"uv": [0, 0, 10, 10], "texture": "#1"},
				"down": {"uv": [0, 0, 10, 10], "texture": "#1"}
			}
		},
		{
			"from": [5.3, 8.475, 7.35],
			"to": [5.95, 8.875, 7.45],
			"rotation": {"angle": 0, "axis": "y", "origin": [0, 0, 4]},
			"faces": {
				"north": {"uv": [0, 0, 10, 10], "texture": "#1"},
				"east": {"uv": [0, 0, 10, 10], "texture": "#1"},
				"south": {"uv": [0, 0, 10, 10], "texture": "#1"},
				"west": {"uv": [0, 0, 10, 10], "texture": "#1"},
				"up": {"uv": [0, 0, 10, 10], "texture": "#1"},
				"down": {"uv": [0, 0, 10, 10], "texture": "#1"}
			}
		},
		{
			"from": [5.3, 8.475, 7.55],
			"to": [5.95, 8.875, 7.65],
			"rotation": {"angle": 0, "axis": "y", "origin": [0, 0, 4]},
			"faces": {
				"north": {"uv": [0, 0, 10, 10], "texture": "#1"},
				"east": {"uv": [0, 0, 10, 10], "texture": "#1"},
				"south": {"uv": [0, 0, 10, 10], "texture": "#1"},
				"west": {"uv": [0, 0, 10, 10], "texture": "#1"},
				"up": {"uv": [0, 0, 10, 10], "texture": "#1"},
				"down": {"uv": [0, 0, 10, 10], "texture": "#1"}
			}
		},
		{
			"from": [5.3, 8.375, 7.45],
			"to": [5.95, 8.775, 7.55],
			"rotation": {"angle": 0, "axis": "y", "origin": [0, 0, 4]},
			"faces": {
				"north": {"uv": [0, 0, 10, 10], "texture": "#1"},
				"east": {"uv": [0, 0, 10, 10], "texture": "#1"},
				"south": {"uv": [0, 0, 10, 10], "texture": "#1"},
				"west": {"uv": [0, 0, 10, 10], "texture": "#1"},
				"up": {"uv": [0, 0, 10, 10], "texture": "#1"},
				"down": {"uv": [0, 0, 10, 10], "texture": "#1"}
			}
		},
		{
			"from": [10.8, 3.975, 7.25],
			"to": [11.85, 4.475, 7.75],
			"rotation": {"angle": 22.5, "axis": "z", "origin": [0, 0, 4]},
			"faces": {
				"north": {"uv": [0, 0, 10, 10], "texture": "#1"},
				"east": {"uv": [0, 0, 10, 10], "texture": "#1"},
				"south": {"uv": [0, 0, 10, 10], "texture": "#1"},
				"west": {"uv": [0, 0, 10, 10], "texture": "#1"},
				"up": {"uv": [0, 0, 10, 10], "texture": "#1"},
				"down": {"uv": [0, 0, 10, 10], "texture": "#1"}
			}
		},
		{
			"from": [4.6, 8, 7.275],
			"to": [5.35, 8.3, 7.725],
			"rotation": {"angle": 0, "axis": "y", "origin": [0, 0, 4]},
			"faces": {
				"north": {"uv": [0, 0, 10, 10], "texture": "#1"},
				"east": {"uv": [0, 0, 10, 10], "texture": "#1"},
				"south": {"uv": [0, 0, 10, 10], "texture": "#1"},
				"west": {"uv": [0, 0, 10, 10], "texture": "#1"},
				"up": {"uv": [0, 0, 10, 10], "texture": "#1"},
				"down": {"uv": [0, 0, 10, 10], "texture": "#1"}
			}
		},
		{
			"from": [6.8, 5.6, 7.325],
			"to": [7.45, 5.875, 7.675],
			"rotation": {"angle": 22.5, "axis": "z", "origin": [0, 0, 4]},
			"faces": {
				"north": {"uv": [0, 0, 10, 10], "texture": "#1"},
				"east": {"uv": [0, 0, 10, 10], "texture": "#1"},
				"south": {"uv": [0, 0, 10, 10], "texture": "#1"},
				"west": {"uv": [0, 0, 10, 10], "texture": "#1"},
				"up": {"uv": [0, 0, 10, 10], "texture": "#1"},
				"down": {"uv": [0, 0, 10, 10], "texture": "#1"}
			}
		},
		{
			"from": [7.7, 5.5, 7.275],
			"to": [8.15, 5.8, 7.725],
			"rotation": {"angle": 22.5, "axis": "z", "origin": [0, 0, 4]},
			"faces": {
				"north": {"uv": [0, 0, 10, 10], "texture": "#1"},
				"east": {"uv": [0, 0, 10, 10], "texture": "#1"},
				"south": {"uv": [0, 0, 10, 10], "texture": "#1"},
				"west": {"uv": [0, 0, 10, 10], "texture": "#1"},
				"up": {"uv": [0, 0, 10, 10], "texture": "#1"},
				"down": {"uv": [0, 0, 10, 10], "texture": "#1"}
			}
		},
		{
			"from": [9.25, 8, 7.1],
			"to": [10.75, 8.55, 7.9],
			"faces": {
				"north": {"uv": [0, 0, 2, 1.05], "texture": "#1"},
				"east": {"uv": [0, 0, 1.3, 1.05], "texture": "#1"},
				"south": {"uv": [0, 0, 2, 1.05], "texture": "#1"},
				"west": {"uv": [0, 0, 1.3, 1.05], "texture": "#1"},
				"up": {"uv": [0, 0, 2, 1.3], "texture": "#1"},
				"down": {"uv": [0, 0, 2, 1.3], "texture": "#1"}
			}
		},
		{
			"from": [9.25, 8.2, 7.175],
			"to": [10.75, 8.7, 7.8],
			"faces": {
				"north": {"uv": [0, 0, 2, 1], "texture": "#1"},
				"east": {"uv": [0, 0, 1.125, 1], "texture": "#1"},
				"south": {"uv": [0, 0, 2, 1], "texture": "#1"},
				"west": {"uv": [0, 0, 1.125, 1], "texture": "#1"},
				"up": {"uv": [0, 0, 2, 1.125], "texture": "#1"},
				"down": {"uv": [0, 0, 2, 1.125], "texture": "#1"}
			}
		},
		{
			"from": [9.5, 6.95, 7.1],
			"to": [10.25, 8, 7.9],
			"faces": {
				"north": {"uv": [0, 0, 8, 8], "texture": "#5"},
				"east": {"uv": [0, 0, 8, 8], "texture": "#5"},
				"south": {"uv": [0, 0, 8, 8], "texture": "#5"},
				"west": {"uv": [0, 0, 8, 8], "texture": "#5"},
				"up": {"uv": [0, 0, 8, 8], "texture": "#5"},
				"down": {"uv": [0, 0, 8, 8], "texture": "#5"}
			}
		},
		{
			"from": [9.5, 6.85, 7.2],
			"to": [10.25, 7, 7.8],
			"faces": {
				"north": {"uv": [0, 0, 8, 8], "texture": "#5"},
				"east": {"uv": [0, 0, 8, 8], "texture": "#5"},
				"south": {"uv": [0, 0, 8, 8], "texture": "#5"},
				"west": {"uv": [0, 0, 8, 8], "texture": "#5"},
				"up": {"uv": [0, 0, 8, 8], "texture": "#5"},
				"down": {"uv": [0, 0, 8, 8], "texture": "#5"}
			}
		},
		{
			"from": [10.25, 7.3, 7.1],
			"to": [12.25, 7.8, 7.9],
			"faces": {
				"north": {"uv": [0, 0, 8, 8], "texture": "#5"},
				"east": {"uv": [0, 0, 8, 8], "texture": "#5"},
				"south": {"uv": [0, 0, 8, 8], "texture": "#5"},
				"west": {"uv": [0, 0, 8, 8], "texture": "#5"},
				"up": {"uv": [0, 0, 8, 8], "texture": "#5"},
				"down": {"uv": [0, 0, 8, 8], "texture": "#5"}
			}
		},
		{
			"from": [10.25, 7.1, 7.2],
			"to": [12.25, 7.3, 7.8],
			"faces": {
				"north": {"uv": [0, 0, 8, 8], "texture": "#5"},
				"east": {"uv": [0, 0, 8, 8], "texture": "#5"},
				"south": {"uv": [0, 0, 8, 8], "texture": "#5"},
				"west": {"uv": [0, 0, 8, 8], "texture": "#5"},
				"up": {"uv": [0, 0, 8, 8], "texture": "#5"},
				"down": {"uv": [0, 0, 8, 8], "texture": "#5"}
			}
		},
		{
			"from": [10.25, 7, 7.3],
			"to": [12.25, 7.1, 7.7],
			"faces": {
				"north": {"uv": [0, 0, 8, 8], "texture": "#5"},
				"east": {"uv": [0, 0, 8, 8], "texture": "#5"},
				"south": {"uv": [0, 0, 8, 8], "texture": "#5"},
				"west": {"uv": [0, 0, 8, 8], "texture": "#5"},
				"up": {"uv": [0, 0, 8, 8], "texture": "#5"},
				"down": {"uv": [0, 0, 8, 8], "texture": "#5"}
			}
		},
		{
			"from": [10.85, 7.8, 7.1],
			"to": [11.25, 8, 7.9],
			"faces": {
				"north": {"uv": [0, 0, 8, 8], "texture": "#5"},
				"east": {"uv": [0, 0, 8, 8], "texture": "#5"},
				"south": {"uv": [0, 0, 8, 8], "texture": "#5"},
				"west": {"uv": [0, 0, 8, 8], "texture": "#5"},
				"up": {"uv": [0, 0, 8, 8], "texture": "#5"},
				"down": {"uv": [0, 0, 8, 8], "texture": "#5"}
			}
		},
		{
			"from": [11.85, 7.8, 7.1],
			"to": [12.25, 8, 7.9],
			"faces": {
				"north": {"uv": [0, 0, 8, 8], "texture": "#5"},
				"east": {"uv": [0, 0, 8, 8], "texture": "#5"},
				"south": {"uv": [0, 0, 8, 8], "texture": "#5"},
				"west": {"uv": [0, 0, 8, 8], "texture": "#5"},
				"up": {"uv": [0, 0, 8, 8], "texture": "#5"},
				"down": {"uv": [0, 0, 8, 8], "texture": "#5"}
			}
		},
		{
			"from": [4, 7, 7.1],
			"to": [9.5, 8, 7.9],
			"rotation": {"angle": 0, "axis": "y", "origin": [0, 0, 4]},
			"faces": {
				"north": {"uv": [0, 0, 5.5, 1], "texture": "#1"},
				"east": {"uv": [0, 0, 5.5, 1], "texture": "#1"},
				"south": {"uv": [0, 0, 5.5, 1], "texture": "#1"},
				"west": {"uv": [0, 0, 5.5, 1], "texture": "#1"},
				"up": {"uv": [0, 0, 5.5, 1], "texture": "#1"},
				"down": {"uv": [0, 0, 5.5, 1], "texture": "#1"}
			}
		},
		{
			"from": [10.75, 8, 7.1],
			"to": [12.25, 8.45, 7.9],
			"faces": {
				"north": {"uv": [0, 0, 8, 8], "texture": "#5"},
				"east": {"uv": [0, 0, 8, 8], "texture": "#5"},
				"south": {"uv": [0, 0, 8, 8], "texture": "#5"},
				"west": {"uv": [0, 0, 8, 8], "texture": "#5"},
				"up": {"uv": [0, 0, 8, 8], "texture": "#5"},
				"down": {"uv": [0, 0, 8, 8], "texture": "#5"}
			}
		},
		{
			"from": [10.75, 8.4, 7.2],
			"to": [12.25, 8.75, 7.8],
			"faces": {
				"north": {"uv": [0, 0, 8, 8], "texture": "#5"},
				"east": {"uv": [0, 0, 8, 8], "texture": "#5"},
				"south": {"uv": [0, 0, 8, 8], "texture": "#5"},
				"west": {"uv": [0, 0, 8, 8], "texture": "#5"},
				"up": {"uv": [0, 0, 8, 8], "texture": "#5"},
				"down": {"uv": [0, 0, 8, 8], "texture": "#5"}
			}
		}
	],
	"display": {
		"thirdperson_righthand": {
			"rotation": [5, 86.5, -5],
			"translation": [0, 2, -4],
			"scale": [1.67, 1.67, 1.67]
		},
		"thirdperson_lefthand": {
			"rotation": [-1, 268.5, -1],
			"translation": [-1.75, 1.75, -3.25],
			"scale": [1.5, 1.5, 1.5]
		},
		"firstperson_righthand": {
			"rotation": [-1.5, 80, -1],
			"translation": [1.05, 7.2, 4.5]
		},
		"firstperson_lefthand": {
			"rotation": [-1.5, -100, 1],
			"translation": [0, 5.7, 4.1]
		},
		"ground": {
			"rotation": [90, 0, -10.5],
			"translation": [0.75, -4.25, 0],
			"scale": [2, 2, 2]
		},
		"gui": {
			"rotation": [0, 0, 38],
			"translation": [-0.5, 0.75, 0],
			"scale": [1.25, 1.25, 1.25]
		},
		"head": {
			"rotation": [0, 90, 0],
			"translation": [1, -0.25, -4.75],
			"scale": [1, 1, 2]
		},
		"fixed": {
			"rotation": [0, -180, 39],
			"translation": [0.5, 1, -1.25],
			"scale": [1.6, 1.6, 1.6]
		}
	},
	"groups": [
		{
			"name": "crosse",
			"origin": [0, 0, 0],
			"color": 0,
			"children": [0, 1, 2, 3, 4, 5, 6, 7, 8]
		},
		{
			"name": "manche",
			"origin": [0, 0, 0],
			"color": 0,
			"children": [9, 10, 11, 12, 13, 14, 15, 16]
		},
		{
			"name": "canon",
			"origin": [0, 0, 0],
			"color": 0,
			"children": [17, 18, 19, 20, 21, 22, 23, 24, 25]
		},
		{
			"name": "chargeur",
			"origin": [0, 0, 0],
			"color": 0,
			"children": [26, 27, 28, 29]
		},
		{
			"name": "base",
			"origin": [0, 0, 0],
			"color": 0,
			"children": [30, 31, 32, 33, 34, 35, 36, 37, 38, 39, 40, 41, 42, 43, 44, 45, 46, 47, 48, 49]
		}
	]
}