{
    "type": "minecraft:crafting_shaped",
    "pattern": [
        "XXX",
        "XOX",
        "XXX"
    ],
    "key": {
        "X": [
            "minecraft:acacia_leaves",
            "minecraft:azalea_leaves",
            "minecraft:birch_leaves",
            "minecraft:cherry_leaves",
            "minecraft:dark_oak_leaves",
            "minecraft:flowering_azalea_leaves",
            "minecraft:jungle_leaves",
            "minecraft:mangrove_leaves",
            "minecraft:oak_leaves",
            "minecraft:pale_oak_leaves",
            "minecraft:spruce_leaves"
        ],
        "O": "minecraft:ender_pearl"
    },
    "result": {
        "id": "minecraft:egg",
        "components": {
        "minecraft:custom_model_data": {"floats":[100]},
        "minecraft:custom_data": "{beg_leaves_bridge_egg:1,beg_bridge_egg:1}",
        "minecraft:damage": 0,
        "!minecraft:max_damage": {},
        "minecraft:max_stack_size": 16,
        "minecraft:lore": [
            [{"text":"Material : ","italic":false,"color":"gray"},{"text":"Leaves","italic":false,"color":"green"}]
        ],
        "minecraft:item_name": {"text":"Leaf Bridge Egg","italic":false}
        },
        "count": 1
    }
}