{
	"credit": "Made with Blockbench",
	"textures": {
		"0": "item/ss_bomb/face",
		"1": "item/ss_bomb/black",
		"2": "item/ss_bomb/gray",
		"particle": "item/ss_bomb/face"
	},
	"elements": [
		{
			"from": [1, 1, 0],
			"to": [15, 15, 16],
			"rotation": {"angle": 0, "axis": "y", "origin": [0, 1, 0]},
			"faces": {
				"north": {"uv": [0, 0, 16, 16], "texture": "#0"},
				"east": {"uv": [0, 0, 16, 14], "texture": "#1"},
				"south": {"uv": [0, 0, 16, 16], "texture": "#0"},
				"west": {"uv": [0, 0, 16, 14], "texture": "#1"},
				"up": {"uv": [0, 0, 14, 16], "texture": "#2"},
				"down": {"uv": [0, 0, 14, 16], "texture": "#1"}
			}
		},
		{
			"from": [0, 1, 1],
			"to": [16, 15, 15],
			"rotation": {"angle": 0, "axis": "y", "origin": [0, 1, 0]},
			"faces": {
				"north": {"uv": [0, 0, 16, 16], "texture": "#1"},
				"east": {"uv": [0, 0, 16, 16], "texture": "#0"},
				"south": {"uv": [0, 0, 16, 14], "texture": "#1"},
				"west": {"uv": [0, 0, 16, 16], "texture": "#0"},
				"up": {"uv": [0, 0, 16, 14], "texture": "#2"},
				"down": {"uv": [0, 0, 16, 14], "texture": "#1"}
			}
		},
		{
			"from": [1, 0, 1],
			"to": [15, 16, 15],
			"rotation": {"angle": 0, "axis": "y", "origin": [0, 1, 0]},
			"faces": {
				"north": {"uv": [0, 0, 14, 16], "texture": "#1"},
				"east": {"uv": [0, 0, 14, 16], "texture": "#1"},
				"south": {"uv": [0, 0, 14, 16], "texture": "#1"},
				"west": {"uv": [0, 0, 14, 16], "texture": "#2"},
				"up": {"uv": [0, 0, 16, 16], "texture": "#0"},
				"down": {"uv": [0, 0, 16, 16], "texture": "#0"}
			}
		},
		{
			"from": [7.5, 16, 7.5],
			"to": [8.5, 19, 8.5],
			"rotation": {"angle": 0, "axis": "y", "origin": [7.5, 16, 7.5]},
			"faces": {
				"north": {"uv": [0, 0, 1, 3], "texture": "#1"},
				"east": {"uv": [0, 0, 1, 3], "texture": "#1"},
				"south": {"uv": [0, 0, 1, 3], "texture": "#1"},
				"west": {"uv": [0, 0, 1, 3], "texture": "#1"},
				"up": {"uv": [0, 0, 1, 1], "texture": "#1"},
				"down": {"uv": [0, 0, 1, 1], "texture": "#1"}
			}
		},
		{
			"from": [7, 18.5, 7],
			"to": [8, 20, 8],
			"rotation": {"angle": 0, "axis": "y", "origin": [7, 16, 7]},
			"faces": {
				"north": {"uv": [0, 0, 1, 1.5], "texture": "#1"},
				"east": {"uv": [0, 0, 1, 1.5], "texture": "#1"},
				"south": {"uv": [0, 0, 1, 1.5], "texture": "#1"},
				"west": {"uv": [0, 0, 1, 1.5], "texture": "#1"},
				"up": {"uv": [0, 0, 1, 1], "texture": "#1"},
				"down": {"uv": [0, 0, 1, 1], "texture": "#1"}
			}
		}
	],
	"display": {
		"thirdperson_righthand": {
			"scale": [0.4, 0.4, 0.4]
		},
		"thirdperson_lefthand": {
			"scale": [0.4, 0.4, 0.4]
		},
		"firstperson_righthand": {
			"scale": [0.4, 0.4, 0.4]
		},
		"firstperson_lefthand": {
			"scale": [0.4, 0.4, 0.4]
		},
		"ground": {
			"translation": [0, 1.75, 0],
			"scale": [0.6, 0.6, 0.6]
		},
		"gui": {
			"rotation": [28, 45, 0],
			"scale": [0.69, 0.69, 0.69]
		},
		"head": {
			"translation": [0, -18.5, 0],
			"scale": [1.21, 1.21, 1.21]
		},
		"fixed": {
			"translation": [0, -0.5, 0],
			"scale": [0.75, 0.75, 0.75]
		}
	}
}