{
	"credit": "Made with Blockbench",
	"textures": {
		"0": "item/tnt/tnt_bottom",
		"1": "item/tnt/tnt_side",
		"2": "item/tnt/tnt_top",
		"4": "item/tnt/screen",
		"5": "item/tnt/tools",
		"particle": "item/tnt/tnt_bottom"
	},
	"elements": [
		{
			"from": [-0.25, 0, -0.25],
			"to": [4, 14, 4],
			"faces": {
				"north": {"uv": [12, 0, 16, 16], "texture": "#1"},
				"east": {"uv": [0, 0, 4, 16], "texture": "#1"},
				"south": {"uv": [12, 0, 16, 16], "texture": "#1"},
				"west": {"uv": [0, 0, 4, 16], "texture": "#1"},
				"up": {"uv": [0, 0, 4, 4], "texture": "#2"},
				"down": {"uv": [0, 0, 4, 4], "texture": "#0"}
			}
		},
		{
			"from": [4, 0, -0.25],
			"to": [8, 14.25, 4],
			"faces": {
				"north": {"uv": [8, 0, 12, 16], "texture": "#1"},
				"east": {"uv": [0, 0, 4, 16], "texture": "#1"},
				"south": {"uv": [12, 0, 16, 16], "texture": "#1"},
				"west": {"uv": [8, 0, 12, 16], "texture": "#1"},
				"up": {"uv": [0, 0, 4, 4], "texture": "#2"},
				"down": {"uv": [0, 0, 4, 4], "texture": "#0"}
			}
		},
		{
			"from": [7, 16, 7],
			"to": [8, 17, 8],
			"faces": {
				"north": {"uv": [0, 5, 1, 7], "texture": "#1"},
				"east": {"uv": [0, 5, 1, 7], "texture": "#1"},
				"south": {"uv": [0, 5, 1, 7], "texture": "#1"},
				"west": {"uv": [0, 5, 1, 7], "texture": "#1"},
				"up": {"uv": [0, 5, 1, 6], "texture": "#1"},
				"down": {"uv": [0, 0, 1, 1], "texture": "#1"}
			}
		},
		{
			"from": [7.5, 14, 7.5],
			"to": [8.5, 16, 8.5],
			"faces": {
				"north": {"uv": [0, 5, 1, 7], "texture": "#1"},
				"east": {"uv": [0, 5, 1, 7], "texture": "#1"},
				"south": {"uv": [0, 5, 1, 7], "texture": "#1"},
				"west": {"uv": [0, 5, 1, 7], "texture": "#1"},
				"up": {"uv": [0, 5, 1, 6], "texture": "#1"},
				"down": {"uv": [0, 0, 1, 1], "texture": "#1"}
			}
		},
		{
			"from": [12.75, 14, 7.5],
			"to": [13.75, 16, 8.5],
			"faces": {
				"north": {"uv": [0, 0, 0.875, 1], "texture": "#5"},
				"east": {"uv": [0, 0, 0.875, 1], "texture": "#5"},
				"south": {"uv": [0, 0, 0.875, 1], "texture": "#5"},
				"west": {"uv": [0, 0, 0.875, 1], "texture": "#5"},
				"up": {"uv": [0, 0, 0.875, 0.75], "texture": "#5"},
				"down": {"uv": [0, 0, 1, 1], "texture": "#5"}
			}
		},
		{
			"from": [12.5, 16, 6.75],
			"to": [13.5, 17, 8],
			"faces": {
				"north": {"uv": [0, 0, 0.875, 1], "texture": "#5"},
				"east": {"uv": [0, 0, 0.875, 1], "texture": "#5"},
				"south": {"uv": [0, 0, 0.875, 1], "texture": "#5"},
				"west": {"uv": [0, 0, 0.875, 1], "texture": "#5"},
				"up": {"uv": [0, 0, 0.875, 0.75], "texture": "#5"},
				"down": {"uv": [0, 0, 1, 1], "texture": "#5"}
			}
		},
		{
			"from": [12.25, 16.5, 0.25],
			"to": [13.25, 17.5, 6.75],
			"faces": {
				"north": {"uv": [0, 0, 0.875, 1], "texture": "#5"},
				"east": {"uv": [0, 0, 0.875, 1], "texture": "#5"},
				"south": {"uv": [0, 0, 0.875, 1], "texture": "#5"},
				"west": {"uv": [0, 0, 0.875, 1], "texture": "#5"},
				"up": {"uv": [0, 0, 0.875, 0.75], "texture": "#5"},
				"down": {"uv": [0, 0, 1, 1], "texture": "#5"}
			}
		},
		{
			"from": [12, 16, -1],
			"to": [13, 17, 0.25],
			"faces": {
				"north": {"uv": [0, 0, 0.875, 1], "texture": "#5"},
				"east": {"uv": [0, 0, 0.875, 1], "texture": "#5"},
				"south": {"uv": [0, 0, 0.875, 1], "texture": "#5"},
				"west": {"uv": [0, 0, 0.875, 1], "texture": "#5"},
				"up": {"uv": [0, 0, 0.875, 0.75], "texture": "#5"},
				"down": {"uv": [0, 0, 1, 1], "texture": "#5"}
			}
		},
		{
			"from": [11.5, 14, -1.5],
			"to": [12.5, 16, -0.5],
			"faces": {
				"north": {"uv": [0, 0, 0.875, 1], "texture": "#5"},
				"east": {"uv": [0, 0, 0.875, 1], "texture": "#5"},
				"south": {"uv": [0, 0, 0.875, 1], "texture": "#5"},
				"west": {"uv": [0, 0, 0.875, 1], "texture": "#5"},
				"up": {"uv": [0, 0, 0.875, 0.75], "texture": "#5"},
				"down": {"uv": [0, 0, 1, 1], "texture": "#5"}
			}
		},
		{
			"from": [11.25, 13, -1.25],
			"to": [12.25, 14, -0.25],
			"faces": {
				"north": {"uv": [0, 0, 0.875, 1], "texture": "#5"},
				"east": {"uv": [0, 0, 0.875, 1], "texture": "#5"},
				"south": {"uv": [0, 0, 0.875, 1], "texture": "#5"},
				"west": {"uv": [0, 0, 0.875, 1], "texture": "#5"},
				"up": {"uv": [0, 0, 0.875, 0], "texture": "#5"},
				"down": {"uv": [0, 0, 1, 1], "texture": "#5"}
			}
		},
		{
			"from": [2.5, 14, 7.5],
			"to": [3.5, 16, 8.5],
			"faces": {
				"north": {"uv": [1.25, 0, 1.875, 0.875], "texture": "#5"},
				"east": {"uv": [1.25, 0, 1.875, 0.875], "texture": "#5"},
				"south": {"uv": [1.25, 0, 1.875, 0.875], "texture": "#5"},
				"west": {"uv": [1.25, 0, 1.875, 0.875], "texture": "#5"},
				"up": {"uv": [1.25, 0, 2, 0.75], "texture": "#5"},
				"down": {"uv": [1.25, 0, 2, 0.875], "texture": "#5"}
			}
		},
		{
			"from": [2.75, 16, 6.75],
			"to": [3.75, 17, 8],
			"faces": {
				"north": {"uv": [1.25, 0, 1.875, 0.875], "texture": "#5"},
				"east": {"uv": [1.25, 0, 1.875, 0.875], "texture": "#5"},
				"south": {"uv": [1.25, 0, 1.875, 0.875], "texture": "#5"},
				"west": {"uv": [1.25, 0, 1.875, 0.875], "texture": "#5"},
				"up": {"uv": [1.25, 0, 2, 0.75], "texture": "#5"},
				"down": {"uv": [1.25, 0, 2, 0.875], "texture": "#5"}
			}
		},
		{
			"from": [3, 16.5, 0.25],
			"to": [4, 17.5, 6.75],
			"faces": {
				"north": {"uv": [1.25, 0, 1.875, 0.875], "texture": "#5"},
				"east": {"uv": [1.25, 0, 1.875, 0.875], "texture": "#5"},
				"south": {"uv": [1.25, 0, 1.875, 0.875], "texture": "#5"},
				"west": {"uv": [1.25, 0, 1.875, 0.875], "texture": "#5"},
				"up": {"uv": [1.25, 0, 2, 0.75], "texture": "#5"},
				"down": {"uv": [1.25, 0, 2, 0.875], "texture": "#5"}
			}
		},
		{
			"from": [3.25, 16, -1],
			"to": [4.25, 17, 0.25],
			"faces": {
				"north": {"uv": [1.25, 0, 1.875, 0.875], "texture": "#5"},
				"east": {"uv": [1.25, 0, 1.875, 0.875], "texture": "#5"},
				"south": {"uv": [1.25, 0, 1.875, 0.875], "texture": "#5"},
				"west": {"uv": [1.25, 0, 1.875, 0.875], "texture": "#5"},
				"up": {"uv": [1.25, 0, 2, 0.75], "texture": "#5"},
				"down": {"uv": [1.25, 0, 2, 0.875], "texture": "#5"}
			}
		},
		{
			"from": [3.75, 14, -1.5],
			"to": [4.75, 16, -0.5],
			"faces": {
				"north": {"uv": [1.25, 0, 1.875, 0.875], "texture": "#5"},
				"east": {"uv": [1.25, 0, 1.875, 0.875], "texture": "#5"},
				"south": {"uv": [1.25, 0, 1.875, 0.875], "texture": "#5"},
				"west": {"uv": [1.25, 0, 1.875, 0.875], "texture": "#5"},
				"up": {"uv": [1.25, 0, 2, 0.75], "texture": "#5"},
				"down": {"uv": [1.25, 0, 2, 0.875], "texture": "#5"}
			}
		},
		{
			"from": [4, 13, -1.25],
			"to": [5, 14, -0.25],
			"faces": {
				"north": {"uv": [1.25, 0, 1.875, 0.875], "texture": "#5"},
				"east": {"uv": [1.25, 0, 1.875, 0.875], "texture": "#5"},
				"south": {"uv": [1.25, 0, 1.875, 0.875], "texture": "#5"},
				"west": {"uv": [1.25, 0, 1.875, 0.875], "texture": "#5"},
				"up": {"uv": [1.25, 0, 2, 0.75], "texture": "#5"},
				"down": {"uv": [1.25, 0, 2, 0.875], "texture": "#5"}
			}
		},
		{
			"from": [7.5, 14, 2.5],
			"to": [8.5, 16, 3.5],
			"faces": {
				"north": {"uv": [2.25, 0, 2.875, 0.875], "texture": "#5"},
				"east": {"uv": [2.25, 0, 2.875, 0.875], "texture": "#5"},
				"south": {"uv": [2.25, 0, 2.875, 0.875], "texture": "#5"},
				"west": {"uv": [2.25, 0, 2.875, 0.875], "texture": "#5"},
				"up": {"uv": [2.25, 0, 3, 0.75], "texture": "#5"},
				"down": {"uv": [2.25, 0, 3, 0.875], "texture": "#5"}
			}
		},
		{
			"from": [7.75, 16, 1.75],
			"to": [8.75, 17, 3],
			"faces": {
				"north": {"uv": [2.25, 0, 2.875, 0.875], "texture": "#5"},
				"east": {"uv": [2.25, 0, 2.875, 0.875], "texture": "#5"},
				"south": {"uv": [2.25, 0, 2.875, 0.875], "texture": "#5"},
				"west": {"uv": [2.25, 0, 2.875, 0.875], "texture": "#5"},
				"up": {"uv": [2.25, 0, 3, 0.75], "texture": "#5"},
				"down": {"uv": [2.25, 0, 3, 0.875], "texture": "#5"}
			}
		},
		{
			"from": [8, 16.5, 0],
			"to": [9, 17.5, 1.75],
			"faces": {
				"north": {"uv": [2.25, 0, 2.875, 0.875], "texture": "#5"},
				"east": {"uv": [2.25, 0, 2.875, 0.875], "texture": "#5"},
				"south": {"uv": [2.25, 0, 2.875, 0.875], "texture": "#5"},
				"west": {"uv": [2.25, 0, 2.875, 0.875], "texture": "#5"},
				"up": {"uv": [2.25, 0, 3, 0.75], "texture": "#5"},
				"down": {"uv": [2.25, 0, 3, 0.875], "texture": "#5"}
			}
		},
		{
			"from": [8.25, 16, -1],
			"to": [9.25, 17, 0],
			"faces": {
				"north": {"uv": [2.25, 0, 2.875, 0.875], "texture": "#5"},
				"east": {"uv": [2.25, 0, 2.875, 0.875], "texture": "#5"},
				"south": {"uv": [2.25, 0, 2.875, 0.875], "texture": "#5"},
				"west": {"uv": [2.25, 0, 2.875, 0.875], "texture": "#5"},
				"up": {"uv": [2.25, 0, 3, 0.75], "texture": "#5"},
				"down": {"uv": [2.25, 0, 3, 0.875], "texture": "#5"}
			}
		},
		{
			"from": [8.75, 14, -1.5],
			"to": [9.75, 16, -0.5],
			"faces": {
				"north": {"uv": [2.25, 0, 2.875, 0.875], "texture": "#5"},
				"east": {"uv": [2.25, 0, 2.875, 0.875], "texture": "#5"},
				"south": {"uv": [2.25, 0, 2.875, 0.875], "texture": "#5"},
				"west": {"uv": [2.25, 0, 2.875, 0.875], "texture": "#5"},
				"up": {"uv": [2.25, 0, 3, 0.75], "texture": "#5"},
				"down": {"uv": [2.25, 0, 3, 0.875], "texture": "#5"}
			}
		},
		{
			"from": [9, 13, -1.25],
			"to": [10, 14, -0.25],
			"faces": {
				"north": {"uv": [2.25, 0, 2.875, 0.875], "texture": "#5"},
				"east": {"uv": [2.25, 0, 2.875, 0.875], "texture": "#5"},
				"south": {"uv": [2.25, 0, 2.875, 0.875], "texture": "#5"},
				"west": {"uv": [2.25, 0, 2.875, 0.875], "texture": "#5"},
				"up": {"uv": [2.25, 0, 3, 0.75], "texture": "#5"},
				"down": {"uv": [2.25, 0, 3, 0.875], "texture": "#5"}
			}
		},
		{
			"from": [8, 0, 0],
			"to": [12, 14, 4],
			"faces": {
				"north": {"uv": [4, 0, 8, 16], "texture": "#1"},
				"east": {"uv": [0, 0, 4, 16], "texture": "#1"},
				"south": {"uv": [12, 0, 16, 16], "texture": "#1"},
				"west": {"uv": [8, 0, 12, 16], "texture": "#1"},
				"up": {"uv": [0, 0, 4, 4], "texture": "#2"},
				"down": {"uv": [0, 0, 4, 4], "texture": "#0"}
			}
		},
		{
			"from": [12, 0, -0.25],
			"to": [16, 14, 4],
			"faces": {
				"north": {"uv": [0, 0, 4, 16], "texture": "#1"},
				"east": {"uv": [12, 0, 16, 16], "texture": "#1"},
				"south": {"uv": [12, 0, 16, 16], "texture": "#1"},
				"west": {"uv": [8, 0, 12, 16], "texture": "#1"},
				"up": {"uv": [0, 0, 4, 4], "texture": "#2"},
				"down": {"uv": [0, 0, 4, 4], "texture": "#0"}
			}
		},
		{
			"from": [0, 0, 4],
			"to": [4, 14.25, 8],
			"faces": {
				"north": {"uv": [4, 0, 8, 16], "texture": "#1"},
				"east": {"uv": [0, 0, 4, 16], "texture": "#1"},
				"south": {"uv": [12, 0, 16, 16], "texture": "#1"},
				"west": {"uv": [4, 0, 8, 16], "texture": "#1"},
				"up": {"uv": [0, 0, 4, 4], "texture": "#2"},
				"down": {"uv": [0, 0, 4, 4], "texture": "#0"}
			}
		},
		{
			"from": [4, 0, 4],
			"to": [8, 14.5, 8],
			"faces": {
				"north": {"uv": [4, 0, 8, 16], "texture": "#1"},
				"east": {"uv": [0, 0, 4, 16], "texture": "#1"},
				"south": {"uv": [12, 0, 16, 16], "texture": "#1"},
				"west": {"uv": [8, 0, 12, 16], "texture": "#1"},
				"up": {"uv": [0, 0, 4, 4], "texture": "#2"},
				"down": {"uv": [0, 0, 4, 4], "texture": "#0"}
			}
		},
		{
			"from": [8, 0, 4],
			"to": [12, 14.25, 8],
			"faces": {
				"north": {"uv": [4, 0, 8, 16], "texture": "#1"},
				"east": {"uv": [0, 0, 4, 16], "texture": "#1"},
				"south": {"uv": [12, 0, 16, 16], "texture": "#1"},
				"west": {"uv": [8, 0, 12, 16], "texture": "#1"},
				"up": {"uv": [0, 0, 4, 4], "texture": "#2"},
				"down": {"uv": [0, 0, 4, 4], "texture": "#0"}
			}
		},
		{
			"from": [12, 0, 4],
			"to": [16.25, 14.25, 8],
			"faces": {
				"north": {"uv": [4, 0, 8, 16], "texture": "#1"},
				"east": {"uv": [8, 0, 12, 16], "texture": "#1"},
				"south": {"uv": [12, 0, 16, 16], "texture": "#1"},
				"west": {"uv": [8, 0, 12, 16], "texture": "#1"},
				"up": {"uv": [0, 0, 4, 4], "texture": "#2"},
				"down": {"uv": [0, 0, 4, 4], "texture": "#0"}
			}
		},
		{
			"from": [-0.25, 0, 12],
			"to": [4, 14, 16],
			"faces": {
				"north": {"uv": [4, 0, 8, 16], "texture": "#1"},
				"east": {"uv": [0, 0, 4, 16], "texture": "#1"},
				"south": {"uv": [0, 0, 4, 16], "texture": "#1"},
				"west": {"uv": [12, 0, 16, 16], "texture": "#1"},
				"up": {"uv": [0, 0, 4, 4], "texture": "#2"},
				"down": {"uv": [0, 0, 4, 4], "texture": "#0"}
			}
		},
		{
			"from": [4, 0, 12],
			"to": [8, 14.25, 16.5],
			"faces": {
				"north": {"uv": [4, 0, 8, 16], "texture": "#1"},
				"east": {"uv": [0, 0, 4, 16], "texture": "#1"},
				"south": {"uv": [4, 0, 8, 16], "texture": "#1"},
				"west": {"uv": [8, 0, 12, 16], "texture": "#1"},
				"up": {"uv": [0, 0, 4, 4], "texture": "#2"},
				"down": {"uv": [0, 0, 4, 4], "texture": "#0"}
			}
		},
		{
			"from": [8, 0, 12],
			"to": [12, 14.25, 16.25],
			"faces": {
				"north": {"uv": [4, 0, 8, 16], "texture": "#1"},
				"east": {"uv": [0, 0, 4, 16], "texture": "#1"},
				"south": {"uv": [8, 0, 12, 16], "texture": "#1"},
				"west": {"uv": [8, 0, 12, 16], "texture": "#1"},
				"up": {"uv": [0, 0, 4, 4], "texture": "#2"},
				"down": {"uv": [0, 0, 4, 4], "texture": "#0"}
			}
		},
		{
			"from": [12, 0, 12],
			"to": [16, 14, 16.25],
			"faces": {
				"north": {"uv": [4, 0, 8, 16], "texture": "#1"},
				"east": {"uv": [0, 0, 4, 16], "texture": "#1"},
				"south": {"uv": [12, 0, 16, 16], "texture": "#1"},
				"west": {"uv": [8, 0, 12, 16], "texture": "#1"},
				"up": {"uv": [0, 0, 4, 4], "texture": "#2"},
				"down": {"uv": [0, 0, 4, 4], "texture": "#0"}
			}
		},
		{
			"from": [12, 0, 8],
			"to": [16.25, 14, 12],
			"faces": {
				"north": {"uv": [4, 0, 8, 16], "texture": "#1"},
				"east": {"uv": [4, 0, 8, 16], "texture": "#1"},
				"south": {"uv": [12, 0, 16, 16], "texture": "#1"},
				"west": {"uv": [8, 0, 12, 16], "texture": "#1"},
				"up": {"uv": [0, 0, 4, 4], "texture": "#2"},
				"down": {"uv": [0, 0, 4, 4], "texture": "#0"}
			}
		},
		{
			"from": [8, 0, 8],
			"to": [12, 14.5, 12],
			"faces": {
				"north": {"uv": [4, 0, 8, 16], "texture": "#1"},
				"east": {"uv": [0, 0, 4, 16], "texture": "#1"},
				"south": {"uv": [12, 0, 16, 16], "texture": "#1"},
				"west": {"uv": [8, 0, 12, 16], "texture": "#1"},
				"up": {"uv": [0, 0, 4, 4], "texture": "#2"},
				"down": {"uv": [0, 0, 4, 4], "texture": "#0"}
			}
		},
		{
			"from": [4, 0, 8],
			"to": [8, 14.25, 12],
			"faces": {
				"north": {"uv": [4, 0, 8, 16], "texture": "#1"},
				"east": {"uv": [0, 0, 4, 16], "texture": "#1"},
				"south": {"uv": [12, 0, 16, 16], "texture": "#1"},
				"west": {"uv": [8, 0, 12, 16], "texture": "#1"},
				"up": {"uv": [0, 0, 4, 4], "texture": "#2"},
				"down": {"uv": [0, 0, 4, 4], "texture": "#0"}
			}
		},
		{
			"from": [-0.5, 0, 8],
			"to": [4, 14.25, 12],
			"faces": {
				"north": {"uv": [4, 0, 8, 16], "texture": "#1"},
				"east": {"uv": [0, 0, 4, 16], "texture": "#1"},
				"south": {"uv": [12, 0, 16, 16], "texture": "#1"},
				"west": {"uv": [8, 0, 12, 16], "texture": "#1"},
				"up": {"uv": [0, 0, 4, 4], "texture": "#2"},
				"down": {"uv": [0, 0, 4, 4], "texture": "#0"}
			}
		},
		{
			"from": [-0.75, 8.5, -0.5],
			"to": [16.5, 10.5, 16.75],
			"faces": {
				"north": {"uv": [1, 14.5, 16, 16], "texture": "#4"},
				"east": {"uv": [1, 14.5, 16, 16], "texture": "#4"},
				"south": {"uv": [1, 14.5, 16, 16], "texture": "#4"},
				"west": {"uv": [1, 14.5, 16, 16], "texture": "#4"},
				"up": {"uv": [1, 14.5, 16, 16], "texture": "#4"},
				"down": {"uv": [1, 14.5, 16, 16], "texture": "#4"}
			}
		},
		{
			"from": [3, 6.25, -1.25],
			"to": [13, 13, 0.75],
			"faces": {
				"north": {"uv": [0, 0, 16, 16], "texture": "#4"},
				"east": {"uv": [0, 0, 4.16667, 0.66667], "texture": "#4"},
				"south": {"uv": [0, 0, 10, 5], "texture": "#missing"},
				"west": {"uv": [0, 0, 4.16667, 0.66667], "texture": "#4"},
				"up": {"uv": [0, 0, 4.16667, 0.66667], "texture": "#4"},
				"down": {"uv": [0, 0, 4.16667, 0.66667], "texture": "#4"}
			}
		}
	],
	"display": {
		"thirdperson_righthand": {
			"rotation": [4, -180, 0],
			"translation": [0, 3, 0.5],
			"scale": [0.35, 0.35, 0.35]
		},
		"thirdperson_lefthand": {
			"rotation": [4, -180, 0],
			"translation": [0, 3, 0.5],
			"scale": [0.35, 0.35, 0.35]
		},
		"firstperson_righthand": {
			"rotation": [0, -180, 0],
			"translation": [0, 3, 0.5],
			"scale": [0.4, 0.4, 0.4]
		},
		"firstperson_lefthand": {
			"rotation": [0, -180, 0],
			"translation": [0, 3, 0.5],
			"scale": [0.4, 0.4, 0.4]
		},
		"ground": {
			"rotation": [0, -180, 0],
			"translation": [0, 2.25, 0.5],
			"scale": [0.4, 0.4, 0.4]
		},
		"gui": {
			"rotation": [37, -135, 0],
			"translation": [0, 0.5, 1.25],
			"scale": [0.63, 0.63, 0.63]
		},
		"head": {
			"rotation": [0, -180, 0],
			"translation": [0, -13, 0.5],
			"scale": [2.5, 2.5, 2.5]
		},
		"fixed": {
			"rotation": [0, -180, 0],
			"translation": [0, -0.5, 0.5],
			"scale": [0.4, 0.4, 0.4]
		}
	},
	"groups": [
		0,
		1,
		2,
		3,
		{
			"name": "group",
			"origin": [0, 0, 0],
			"color": 0,
			"children": [4, 5, 6, 7, 8, 9]
		},
		{
			"name": "group",
			"origin": [0, 0, 0],
			"color": 0,
			"children": [10, 11, 12, 13, 14, 15]
		},
		{
			"name": "group",
			"origin": [0, 0, 0],
			"color": 0,
			"children": [16, 17, 18, 19, 20, 21]
		},
		22,
		23,
		24,
		25,
		26,
		27,
		28,
		29,
		30,
		31,
		32,
		33,
		34,
		35,
		36,
		37
	]
}