{
	"credit": "Made with Blockbench",
	"texture_size": [32, 32],
	"textures": {
		"0": "item/special_items/turret",
		"particle": "item/special_items/turret"
	},
	"elements": [
		{
			"from": [5, -1, 7],
			"to": [11, 16, 13],
			"rotation": {"angle": 0, "axis": "y", "origin": [17, 0, 1]},
			"faces": {
				"north": {"uv": [13.625, 4.28125, 15.40625, 5.84375], "texture": "#0"},
				"east": {"uv": [13.625, 4.28125, 15.40625, 5.84375], "texture": "#0"},
				"south": {"uv": [13.625, 4.28125, 15.40625, 5.84375], "texture": "#0"},
				"west": {"uv": [13.625, 4.28125, 15.40625, 5.84375], "texture": "#0"},
				"up": {"uv": [13.625, 2.4375, 15.40625, 4], "texture": "#0"},
				"down": {"uv": [0, 0, 3, 3], "rotation": 270, "texture": "#0"}
			}
		},
		{
			"from": [6, 16, 8],
			"to": [10, 25, 12],
			"rotation": {"angle": 0, "axis": "y", "origin": [17, 0, 1]},
			"faces": {
				"north": {"uv": [13.625, 4.28125, 15.40625, 5.84375], "texture": "#0"},
				"east": {"uv": [13.625, 4.28125, 15.40625, 5.84375], "texture": "#0"},
				"south": {"uv": [13.625, 4.28125, 15.40625, 5.84375], "texture": "#0"},
				"west": {"uv": [13.625, 4.28125, 15.40625, 5.84375], "texture": "#0"},
				"up": {"uv": [0, 0, 2, 2], "rotation": 90, "texture": "#0"},
				"down": {"uv": [0, 0, 2, 2], "rotation": 270, "texture": "#0"}
			}
		},
		{
			"from": [18, 26.25, -9],
			"to": [19, 27.25, 10],
			"rotation": {"angle": -45, "axis": "y", "origin": [17, 0, 1]},
			"faces": {
				"north": {"uv": [11.59375, 6.25, 13.375, 7.8125], "texture": "#0"},
				"east": {"uv": [13.75, 2.25, 15.53125, 3.8125], "texture": "#0"},
				"south": {"uv": [11.59375, 6.25, 13.375, 7.8125], "texture": "#0"},
				"west": {"uv": [13.75, 2.25, 15.53125, 3.8125], "texture": "#0"},
				"up": {"uv": [13.75, 2.25, 15.53125, 3.8125], "texture": "#0"},
				"down": {"uv": [13.75, 6.1875, 15.53125, 7.75], "texture": "#0"}
			}
		},
		{
			"from": [16.5, 26.25, -9],
			"to": [17.5, 27.25, 10],
			"rotation": {"angle": -45, "axis": "y", "origin": [17, 0, 1]},
			"faces": {
				"north": {"uv": [11.59375, 6.25, 13.375, 7.8125], "texture": "#0"},
				"east": {"uv": [13.75, 2.25, 15.53125, 3.8125], "texture": "#0"},
				"south": {"uv": [11.59375, 6.25, 13.375, 7.8125], "texture": "#0"},
				"west": {"uv": [13.75, 2.25, 15.53125, 3.8125], "texture": "#0"},
				"up": {"uv": [13.75, 2.25, 15.53125, 3.8125], "texture": "#0"},
				"down": {"uv": [13.75, 6.1875, 15.53125, 7.75], "texture": "#0"}
			}
		},
		{
			"from": [15, 26.25, -9],
			"to": [16, 27.25, 10],
			"rotation": {"angle": -45, "axis": "y", "origin": [17, 0, 1]},
			"faces": {
				"north": {"uv": [11.59375, 6.25, 13.375, 7.8125], "texture": "#0"},
				"east": {"uv": [13.75, 2.25, 15.53125, 3.8125], "texture": "#0"},
				"south": {"uv": [11.59375, 6.25, 13.375, 7.8125], "texture": "#0"},
				"west": {"uv": [13.75, 2.25, 15.53125, 3.8125], "texture": "#0"},
				"up": {"uv": [13.75, 2.25, 15.53125, 3.8125], "texture": "#0"},
				"down": {"uv": [13.75, 6.1875, 15.53125, 7.75], "texture": "#0"}
			}
		},
		{
			"from": [14.5, 25.75, -5],
			"to": [19.5, 27.75, -4.5],
			"rotation": {"angle": -45, "axis": "y", "origin": [17, 0, 1]},
			"faces": {
				"north": {"uv": [11.78125, 4.34375, 13.5625, 5.90625], "texture": "#0"},
				"east": {"uv": [11.78125, 4.34375, 13.5625, 5.90625], "texture": "#0"},
				"south": {"uv": [11.78125, 4.34375, 13.5625, 5.90625], "texture": "#0"},
				"west": {"uv": [11.78125, 4.34375, 13.5625, 5.90625], "texture": "#0"},
				"up": {"uv": [11.78125, 4.34375, 13.5625, 5.90625], "texture": "#0"},
				"down": {"uv": [13.75, 6.1875, 15.53125, 7.75], "texture": "#0"}
			}
		},
		{
			"from": [15.25, 24.25, -5],
			"to": [18.75, 29.25, -4.5],
			"rotation": {"angle": -45, "axis": "y", "origin": [17, 0, 1]},
			"faces": {
				"north": {"uv": [11.78125, 4.34375, 13.5625, 5.90625], "texture": "#0"},
				"east": {"uv": [11.78125, 4.34375, 13.5625, 5.90625], "texture": "#0"},
				"south": {"uv": [11.78125, 4.34375, 13.5625, 5.90625], "texture": "#0"},
				"west": {"uv": [11.78125, 4.34375, 13.5625, 5.90625], "texture": "#0"},
				"up": {"uv": [11.78125, 4.34375, 13.5625, 5.90625], "texture": "#0"},
				"down": {"uv": [13.75, 6.1875, 15.53125, 7.75], "texture": "#0"}
			}
		},
		{
			"from": [15.25, 24.25, -6],
			"to": [18.75, 29.25, -5.5],
			"rotation": {"angle": -45, "axis": "y", "origin": [17, 0, 1]},
			"faces": {
				"north": {"uv": [11.78125, 4.34375, 13.5625, 5.90625], "texture": "#0"},
				"east": {"uv": [11.78125, 4.34375, 13.5625, 5.90625], "texture": "#0"},
				"south": {"uv": [11.78125, 4.34375, 13.5625, 5.90625], "texture": "#0"},
				"west": {"uv": [11.78125, 4.34375, 13.5625, 5.90625], "texture": "#0"},
				"up": {"uv": [11.78125, 4.34375, 13.5625, 5.90625], "texture": "#0"},
				"down": {"uv": [13.75, 6.1875, 15.53125, 7.75], "texture": "#0"}
			}
		},
		{
			"from": [14.5, 25.75, -6],
			"to": [19.5, 27.75, -5.5],
			"rotation": {"angle": -45, "axis": "y", "origin": [17, 0, 1]},
			"faces": {
				"north": {"uv": [11.78125, 4.34375, 13.5625, 5.90625], "texture": "#0"},
				"east": {"uv": [11.78125, 4.34375, 13.5625, 5.90625], "texture": "#0"},
				"south": {"uv": [11.78125, 4.34375, 13.5625, 5.90625], "texture": "#0"},
				"west": {"uv": [11.78125, 4.34375, 13.5625, 5.90625], "texture": "#0"},
				"up": {"uv": [11.78125, 4.34375, 13.5625, 5.90625], "texture": "#0"},
				"down": {"uv": [13.75, 6.1875, 15.53125, 7.75], "texture": "#0"}
			}
		},
		{
			"from": [14.5, 25.75, 5],
			"to": [19.5, 27.75, 6],
			"rotation": {"angle": -45, "axis": "y", "origin": [17, 0, 1]},
			"faces": {
				"north": {"uv": [11.78125, 4.34375, 13.5625, 5.90625], "texture": "#0"},
				"east": {"uv": [11.78125, 4.34375, 13.5625, 5.90625], "texture": "#0"},
				"south": {"uv": [11.78125, 4.34375, 13.5625, 5.90625], "texture": "#0"},
				"west": {"uv": [11.78125, 4.34375, 13.5625, 5.90625], "texture": "#0"},
				"up": {"uv": [11.78125, 4.34375, 13.5625, 5.90625], "texture": "#0"},
				"down": {"uv": [13.75, 6.1875, 15.53125, 7.75], "texture": "#0"}
			}
		},
		{
			"from": [15.25, 24.25, 5],
			"to": [18.75, 29.25, 6],
			"rotation": {"angle": -45, "axis": "y", "origin": [17, 0, 1]},
			"faces": {
				"north": {"uv": [11.78125, 4.34375, 13.5625, 5.90625], "texture": "#0"},
				"east": {"uv": [11.78125, 4.34375, 13.5625, 5.90625], "texture": "#0"},
				"south": {"uv": [11.78125, 4.34375, 13.5625, 5.90625], "texture": "#0"},
				"west": {"uv": [11.78125, 4.34375, 13.5625, 5.90625], "texture": "#0"},
				"up": {"uv": [11.78125, 4.34375, 13.5625, 5.90625], "texture": "#0"},
				"down": {"uv": [13.75, 6.1875, 15.53125, 7.75], "texture": "#0"}
			}
		},
		{
			"from": [15.75, 27.75, -9],
			"to": [16.75, 28.75, 10],
			"rotation": {"angle": -45, "axis": "y", "origin": [17, 0, 1]},
			"faces": {
				"north": {"uv": [11.59375, 6.25, 13.375, 7.8125], "texture": "#0"},
				"east": {"uv": [13.75, 2.25, 15.53125, 3.8125], "texture": "#0"},
				"south": {"uv": [11.59375, 6.25, 13.375, 7.8125], "texture": "#0"},
				"west": {"uv": [13.75, 2.25, 15.53125, 3.8125], "texture": "#0"},
				"up": {"uv": [13.75, 2.25, 15.53125, 3.8125], "texture": "#0"},
				"down": {"uv": [13.75, 6.1875, 15.53125, 7.75], "texture": "#0"}
			}
		},
		{
			"from": [17.25, 27.75, -9],
			"to": [18.25, 28.75, 10],
			"rotation": {"angle": -45, "axis": "y", "origin": [17, 0, 1]},
			"faces": {
				"north": {"uv": [11.59375, 6.25, 13.375, 7.8125], "texture": "#0"},
				"east": {"uv": [13.75, 2.25, 15.53125, 3.8125], "texture": "#0"},
				"south": {"uv": [11.59375, 6.25, 13.375, 7.8125], "texture": "#0"},
				"west": {"uv": [13.75, 2.25, 15.53125, 3.8125], "texture": "#0"},
				"up": {"uv": [13.75, 2.25, 15.53125, 3.8125], "texture": "#0"},
				"down": {"uv": [13.75, 6.1875, 15.53125, 7.75], "texture": "#0"}
			}
		},
		{
			"from": [14, 23.75, 10],
			"to": [20, 29.75, 17],
			"rotation": {"angle": -45, "axis": "y", "origin": [17, 0, 1]},
			"faces": {
				"north": {"uv": [11.59375, 2.1875, 13.375, 3.75], "texture": "#0"},
				"east": {"uv": [13.5625, 2.1875, 15.34375, 3.75], "texture": "#0"},
				"south": {"uv": [0, 0, 3, 3], "texture": "#0"},
				"west": {"uv": [13.5625, 2.1875, 15.34375, 3.75], "texture": "#0"},
				"up": {"uv": [11.59375, 0.21875, 13.375, 1.78125], "texture": "#0"},
				"down": {"uv": [13.75, 6.1875, 15.53125, 7.75], "texture": "#0"}
			}
		},
		{
			"from": [13, 23.75, 17],
			"to": [21, 30.75, 22],
			"rotation": {"angle": -45, "axis": "y", "origin": [17, 0, 1]},
			"faces": {
				"north": {"uv": [11.59375, 2.1875, 13.375, 3.75], "texture": "#0"},
				"east": {"uv": [13.5625, 2.1875, 15.34375, 3.75], "texture": "#0"},
				"south": {"uv": [11.59375, 2.1875, 13.375, 3.75], "texture": "#0"},
				"west": {"uv": [13.5625, 2.1875, 15.34375, 3.75], "texture": "#0"},
				"up": {"uv": [11.59375, 0.21875, 13.375, 1.78125], "texture": "#0"},
				"down": {"uv": [13.75, 6.1875, 15.53125, 7.75], "texture": "#0"}
			}
		},
		{
			"from": [15.5, 17.75, 18],
			"to": [18.5, 29.75, 21],
			"rotation": {"angle": -45, "axis": "y", "origin": [17, 0, 1]},
			"faces": {
				"north": {"uv": [11.59375, 2.1875, 13.375, 3.75], "texture": "#0"},
				"east": {"uv": [13.5625, 2.1875, 15.34375, 3.75], "texture": "#0"},
				"south": {"uv": [11.59375, 2.1875, 13.375, 3.75], "texture": "#0"},
				"west": {"uv": [13.5625, 2.1875, 15.34375, 3.75], "texture": "#0"},
				"up": {"uv": [0, 0, 1.5, 1.5], "rotation": 90, "texture": "#0"},
				"down": {"uv": [13.75, 6.1875, 15.53125, 7.75], "texture": "#0"}
			}
		},
		{
			"from": [15.5, 16.75, 14],
			"to": [18.5, 19.75, 20],
			"rotation": {"angle": -45, "axis": "y", "origin": [17, 0, 1]},
			"faces": {
				"north": {"uv": [0, 0, 1.5, 1.5], "texture": "#0"},
				"east": {"uv": [13.5625, 2.1875, 15.34375, 3.75], "texture": "#0"},
				"south": {"uv": [11.59375, 2.1875, 13.375, 3.75], "texture": "#0"},
				"west": {"uv": [13.5625, 2.1875, 15.34375, 3.75], "texture": "#0"},
				"up": {"uv": [0, 0, 3, 1.5], "rotation": 90, "texture": "#0"},
				"down": {"uv": [13.75, 6.1875, 15.53125, 7.75], "texture": "#0"}
			}
		},
		{
			"from": [15.75, 24.75, -9],
			"to": [16.75, 25.75, 10],
			"rotation": {"angle": -45, "axis": "y", "origin": [17, 0, 1]},
			"faces": {
				"north": {"uv": [11.59375, 6.25, 13.375, 7.8125], "texture": "#0"},
				"east": {"uv": [13.75, 2.25, 15.53125, 3.8125], "texture": "#0"},
				"south": {"uv": [11.59375, 6.25, 13.375, 7.8125], "texture": "#0"},
				"west": {"uv": [13.75, 2.25, 15.53125, 3.8125], "texture": "#0"},
				"up": {"uv": [13.75, 2.25, 15.53125, 3.8125], "texture": "#0"},
				"down": {"uv": [13.75, 6.1875, 15.53125, 7.75], "texture": "#0"}
			}
		},
		{
			"from": [17.25, 24.75, -9],
			"to": [18.25, 25.75, 10],
			"rotation": {"angle": -45, "axis": "y", "origin": [17, 0, 1]},
			"faces": {
				"north": {"uv": [11.59375, 6.25, 13.375, 7.8125], "texture": "#0"},
				"east": {"uv": [13.75, 2.25, 15.53125, 3.8125], "texture": "#0"},
				"south": {"uv": [11.59375, 6.25, 13.375, 7.8125], "texture": "#0"},
				"west": {"uv": [13.75, 2.25, 15.53125, 3.8125], "texture": "#0"},
				"up": {"uv": [13.75, 2.25, 15.53125, 3.8125], "texture": "#0"},
				"down": {"uv": [13.75, 6.1875, 15.53125, 7.75], "texture": "#0"}
			}
		}
	],
	"display": {
		"thirdperson_righthand": {
			"rotation": [4, -180, 0],
			"translation": [0, 3, 0.5],
			"scale": [0.35, 0.35, 0.35]
		},
		"thirdperson_lefthand": {
			"rotation": [4, -180, 0],
			"translation": [0, 3, 0.5],
			"scale": [0.35, 0.35, 0.35]
		},
		"firstperson_righthand": {
			"rotation": [0, -180, 0],
			"translation": [0, 3, 0.5],
			"scale": [0.4, 0.4, 0.4]
		},
		"firstperson_lefthand": {
			"rotation": [0, -180, 0],
			"translation": [0, 3, 0.5],
			"scale": [0.4, 0.4, 0.4]
		},
		"ground": {
			"rotation": [0, -180, 0],
			"translation": [0, 2.25, 0.5],
			"scale": [0.4, 0.4, 0.4]
		},
		"gui": {
			"rotation": [30, 45, 0],
			"translation": [0, 1, 1.25],
			"scale": [0.7, 0.7, 0.7]
		},
		"head": {
			"rotation": [0, -180, 0],
			"translation": [1.5, -33, 2.25],
			"scale": [1.6, 1.6, 1.6]
		},
		"fixed": {
			"rotation": [0, -180, 0],
			"translation": [0, -0.5, 0.5],
			"scale": [0.4, 0.4, 0.4]
		}
	},
	"groups": [
		0,
		1,
		{
			"name": "group",
			"origin": [0, 0, 0],
			"color": 0,
			"children": []
		},
		{
			"name": "group",
			"origin": [0, 0, 0],
			"color": 0,
			"children": []
		},
		{
			"name": "group",
			"origin": [0, 0, 0],
			"color": 0,
			"children": [2, 3, 4, 5, 6, 7, 8, 9, 10, 11, 12, 13, 14, 15, 16, 17, 18]
		}
	]
}