{
	"credit": "Made with Blockbench",
	"textures": {
		"4": "juix_resources:item/tnt/quantum_screen",
		"5": "juix_resources:item/tnt/tools",
		"6": "juix_resources:item/tnt/quantum",
		"7": "juix_resources:item/tnt/quantum_keys",
		"particle": "juix_resources:item/tnt/atomic_bottom"
	},
	"elements": [
		{
			"from": [2.75, 0.5, -0.75],
			"to": [4.25, 0.75, -0.5],
			"faces": {
				"north": {"uv": [4, 0, 4.75, 1], "texture": "#5"},
				"east": {"uv": [4, 0, 4.75, 1], "texture": "#5"},
				"south": {"uv": [4, 0, 4.75, 1], "texture": "#5"},
				"west": {"uv": [4, 0, 4.75, 1], "texture": "#5"},
				"up": {"uv": [4, 0, 4.75, 0.875], "texture": "#5"},
				"down": {"uv": [4, 0, 4.875, 1], "texture": "#5"}
			}
		},
		{
			"from": [2.5, 0.5, -0.5],
			"to": [2.75, 0.75, -0.25],
			"faces": {
				"north": {"uv": [4, 0, 4.75, 1], "texture": "#5"},
				"east": {"uv": [4, 0, 4.75, 1], "texture": "#5"},
				"south": {"uv": [4, 0, 4.75, 1], "texture": "#5"},
				"west": {"uv": [4, 0, 4.75, 1], "texture": "#5"},
				"up": {"uv": [4, 0, 4.75, 0.875], "texture": "#5"},
				"down": {"uv": [4, 0, 4.875, 1], "texture": "#5"}
			}
		},
		{
			"from": [2.25, 0.5, -0.25],
			"to": [2.5, 0.75, 1],
			"faces": {
				"north": {"uv": [4, 0, 4.75, 1], "texture": "#5"},
				"east": {"uv": [4, 0, 4.75, 1], "texture": "#5"},
				"south": {"uv": [4, 0, 4.75, 1], "texture": "#5"},
				"west": {"uv": [4, 0, 4.75, 1], "texture": "#5"},
				"up": {"uv": [4, 0, 4.75, 0.875], "texture": "#5"},
				"down": {"uv": [4, 0, 4.875, 1], "texture": "#5"}
			}
		},
		{
			"from": [2.25, 0.75, 1],
			"to": [2.5, 1, 1.5],
			"faces": {
				"north": {"uv": [4, 0, 4.75, 1], "texture": "#5"},
				"east": {"uv": [4, 0, 4.75, 1], "texture": "#5"},
				"south": {"uv": [4, 0, 4.75, 1], "texture": "#5"},
				"west": {"uv": [4, 0, 4.75, 1], "texture": "#5"},
				"up": {"uv": [4, 0, 4.75, 0.875], "texture": "#5"},
				"down": {"uv": [4, 0, 4.875, 1], "texture": "#5"}
			}
		},
		{
			"from": [2.25, 0.75, 1.5],
			"to": [2.5, 1.75, 1.75],
			"faces": {
				"north": {"uv": [4, 0, 4.75, 1], "texture": "#5"},
				"east": {"uv": [4, 0, 4.75, 1], "texture": "#5"},
				"south": {"uv": [4, 0, 4.75, 1], "texture": "#5"},
				"west": {"uv": [4, 0, 4.75, 1], "texture": "#5"},
				"up": {"uv": [4, 0, 4.75, 0.875], "texture": "#5"},
				"down": {"uv": [4, 0, 4.875, 1], "texture": "#5"}
			}
		},
		{
			"from": [2.25, 1.75, 1.75],
			"to": [2.5, 4.25, 2],
			"faces": {
				"north": {"uv": [4, 0, 4.75, 1], "texture": "#5"},
				"east": {"uv": [4, 0, 4.75, 1], "texture": "#5"},
				"south": {"uv": [4, 0, 4.75, 1], "texture": "#5"},
				"west": {"uv": [4, 0, 4.75, 1], "texture": "#5"},
				"up": {"uv": [4, 0, 4.75, 0.875], "texture": "#5"},
				"down": {"uv": [4, 0, 4.875, 1], "texture": "#5"}
			}
		},
		{
			"from": [1.75, 4.25, 1.75],
			"to": [2.75, 5.25, 2.75],
			"faces": {
				"north": {"uv": [5, 1, 5.75, 1.66667], "texture": "#4"},
				"east": {"uv": [5, 1, 5.75, 1.66667], "texture": "#4"},
				"south": {"uv": [5, 1, 5.75, 1.66667], "texture": "#4"},
				"west": {"uv": [5, 1, 5.75, 1.66667], "texture": "#4"},
				"up": {"uv": [5, 1, 5.75, 1.54167], "texture": "#4"},
				"down": {"uv": [5, 1, 5.875, 1.66667], "texture": "#4"}
			}
		},
		{
			"from": [1, 5.5, 3.75],
			"to": [2, 7.5, 5.75],
			"faces": {
				"north": {"uv": [4, 0, 4.75, 0.66667], "texture": "#5"},
				"east": {"uv": [4, 0, 4.75, 0.66667], "texture": "#5"},
				"south": {"uv": [4, 0, 4.75, 0.66667], "texture": "#5"},
				"west": {"uv": [4, 0, 4.75, 0.66667], "texture": "#5"},
				"up": {"uv": [4, 0, 4.75, 0.54167], "texture": "#5"},
				"down": {"uv": [4, 0, 4.875, 0.66667], "texture": "#5"}
			}
		},
		{
			"from": [1, 5.5, 10.25],
			"to": [2, 7.5, 12.25],
			"faces": {
				"north": {"uv": [4, 0, 4.75, 0.66667], "texture": "#5"},
				"east": {"uv": [4, 0, 4.75, 0.66667], "texture": "#5"},
				"south": {"uv": [4, 0, 4.75, 0.66667], "texture": "#5"},
				"west": {"uv": [4, 0, 4.75, 0.66667], "texture": "#5"},
				"up": {"uv": [4, 0, 4.75, 0.54167], "texture": "#5"},
				"down": {"uv": [4, 0, 4.875, 0.66667], "texture": "#5"}
			}
		},
		{
			"from": [1, 5.5, 7],
			"to": [2, 7.5, 9],
			"faces": {
				"north": {"uv": [4, 0, 4.75, 0.66667], "texture": "#5"},
				"east": {"uv": [4, 0, 4.75, 0.66667], "texture": "#5"},
				"south": {"uv": [4, 0, 4.75, 0.66667], "texture": "#5"},
				"west": {"uv": [4, 0, 4.75, 0.66667], "texture": "#5"},
				"up": {"uv": [4, 0, 4.75, 0.54167], "texture": "#5"},
				"down": {"uv": [4, 0, 4.875, 0.66667], "texture": "#5"}
			}
		},
		{
			"from": [-1.75, 0, 3.75],
			"to": [0.25, 4.5, 5.75],
			"faces": {
				"north": {"uv": [0, 1, 2.875, 7.54167], "texture": "#5"},
				"east": {"uv": [0, 1, 2.875, 7.54167], "texture": "#5"},
				"south": {"uv": [0, 1, 2.875, 7.54167], "texture": "#5"},
				"west": {"uv": [0, 1, 2.875, 7.54167], "texture": "#5"},
				"up": {"uv": [0, 1, 2.875, 7.41667], "texture": "#5"},
				"down": {"uv": [0, 1, 3, 7.54167], "texture": "#5"}
			}
		},
		{
			"from": [-1.75, 0, 7],
			"to": [0.25, 4.5, 9],
			"faces": {
				"north": {"uv": [0, 1, 2.875, 7.54167], "texture": "#5"},
				"east": {"uv": [0, 1, 2.875, 7.54167], "texture": "#5"},
				"south": {"uv": [0, 1, 2.875, 7.54167], "texture": "#5"},
				"west": {"uv": [0, 1, 2.875, 7.54167], "texture": "#5"},
				"up": {"uv": [0, 1, 2.875, 7.41667], "texture": "#5"},
				"down": {"uv": [0, 1, 3, 7.54167], "texture": "#5"}
			}
		},
		{
			"from": [-1.75, 0, 10.25],
			"to": [0.25, 4.5, 12.25],
			"faces": {
				"north": {"uv": [0, 1, 2.875, 7.54167], "texture": "#5"},
				"east": {"uv": [0, 1, 2.875, 7.54167], "texture": "#5"},
				"south": {"uv": [0, 1, 2.875, 7.54167], "texture": "#5"},
				"west": {"uv": [0, 1, 2.875, 7.54167], "texture": "#5"},
				"up": {"uv": [0, 1, 2.875, 7.41667], "texture": "#5"},
				"down": {"uv": [0, 1, 3, 7.54167], "texture": "#5"}
			}
		},
		{
			"from": [0.75, 6, 4.25],
			"to": [1.75, 7, 5.25],
			"faces": {
				"north": {"uv": [6.125, 0, 6.875, 0.66667], "texture": "#5"},
				"east": {"uv": [6.125, 0, 6.875, 0.66667], "texture": "#5"},
				"south": {"uv": [6.125, 0, 6.875, 0.66667], "texture": "#5"},
				"west": {"uv": [6.125, 0, 6.875, 0.66667], "texture": "#5"},
				"up": {"uv": [6.125, 0, 6.875, 0.54167], "texture": "#5"},
				"down": {"uv": [6.125, 0, 7, 0.66667], "texture": "#5"}
			}
		},
		{
			"from": [0.75, 6, 7.5],
			"to": [1.75, 7, 8.5],
			"faces": {
				"north": {"uv": [6.125, 0, 6.875, 0.66667], "texture": "#5"},
				"east": {"uv": [6.125, 0, 6.875, 0.66667], "texture": "#5"},
				"south": {"uv": [6.125, 0, 6.875, 0.66667], "texture": "#5"},
				"west": {"uv": [6.125, 0, 6.875, 0.66667], "texture": "#5"},
				"up": {"uv": [6.125, 0, 6.875, 0.54167], "texture": "#5"},
				"down": {"uv": [6.125, 0, 7, 0.66667], "texture": "#5"}
			}
		},
		{
			"from": [0.75, 6, 10.75],
			"to": [1.75, 7, 11.75],
			"faces": {
				"north": {"uv": [6.125, 0, 6.875, 0.66667], "texture": "#5"},
				"east": {"uv": [6.125, 0, 6.875, 0.66667], "texture": "#5"},
				"south": {"uv": [6.125, 0, 6.875, 0.66667], "texture": "#5"},
				"west": {"uv": [6.125, 0, 6.875, 0.66667], "texture": "#5"},
				"up": {"uv": [6.125, 0, 6.875, 0.54167], "texture": "#5"},
				"down": {"uv": [6.125, 0, 7, 0.66667], "texture": "#5"}
			}
		},
		{
			"from": [-1.25, 4.25, 4.25],
			"to": [-0.25, 4.75, 5.25],
			"faces": {
				"north": {"uv": [6.125, 0, 6.875, 0.66667], "texture": "#5"},
				"east": {"uv": [6.125, 0, 6.875, 0.66667], "texture": "#5"},
				"south": {"uv": [6.125, 0, 6.875, 0.66667], "texture": "#5"},
				"west": {"uv": [6.125, 0, 6.875, 0.66667], "texture": "#5"},
				"up": {"uv": [6.125, 0, 6.875, 0.54167], "texture": "#5"},
				"down": {"uv": [6.125, 0, 7, 0.66667], "texture": "#5"}
			}
		},
		{
			"from": [-1, 4.75, 4.5],
			"to": [-0.5, 6.5, 5],
			"faces": {
				"north": {"uv": [8.125, 0, 8.875, 0.66667], "texture": "#5"},
				"east": {"uv": [8.125, 0, 8.875, 0.66667], "texture": "#5"},
				"south": {"uv": [8.125, 0, 8.875, 0.66667], "texture": "#5"},
				"west": {"uv": [8.125, 0, 8.875, 0.66667], "texture": "#5"},
				"up": {"uv": [8.125, 0, 8.875, 0.54167], "texture": "#5"},
				"down": {"uv": [8.125, 0, 9, 0.66667], "texture": "#5"}
			}
		},
		{
			"from": [-1, 6.25, 4.5],
			"to": [0.75, 6.75, 5],
			"faces": {
				"north": {"uv": [8.125, 0, 8.875, 0.66667], "texture": "#5"},
				"east": {"uv": [8.125, 0, 8.875, 0.66667], "texture": "#5"},
				"south": {"uv": [8.125, 0, 8.875, 0.66667], "texture": "#5"},
				"west": {"uv": [8.125, 0, 8.875, 0.66667], "texture": "#5"},
				"up": {"uv": [8.125, 0, 8.875, 0.54167], "texture": "#5"},
				"down": {"uv": [8.125, 0, 9, 0.66667], "texture": "#5"}
			}
		},
		{
			"from": [-1, 6.25, 7.75],
			"to": [0.75, 6.75, 8.25],
			"faces": {
				"north": {"uv": [8.125, 0, 8.875, 0.66667], "texture": "#5"},
				"east": {"uv": [8.125, 0, 8.875, 0.66667], "texture": "#5"},
				"south": {"uv": [8.125, 0, 8.875, 0.66667], "texture": "#5"},
				"west": {"uv": [8.125, 0, 8.875, 0.66667], "texture": "#5"},
				"up": {"uv": [8.125, 0, 8.875, 0.54167], "texture": "#5"},
				"down": {"uv": [8.125, 0, 9, 0.66667], "texture": "#5"}
			}
		},
		{
			"from": [-1, 4.75, 7.75],
			"to": [-0.5, 6.5, 8.25],
			"faces": {
				"north": {"uv": [8.125, 0, 8.875, 0.66667], "texture": "#5"},
				"east": {"uv": [8.125, 0, 8.875, 0.66667], "texture": "#5"},
				"south": {"uv": [8.125, 0, 8.875, 0.66667], "texture": "#5"},
				"west": {"uv": [8.125, 0, 8.875, 0.66667], "texture": "#5"},
				"up": {"uv": [8.125, 0, 8.875, 0.54167], "texture": "#5"},
				"down": {"uv": [8.125, 0, 9, 0.66667], "texture": "#5"}
			}
		},
		{
			"from": [-1, 6.25, 11],
			"to": [0.75, 6.75, 11.5],
			"faces": {
				"north": {"uv": [8.125, 0, 8.875, 0.66667], "texture": "#5"},
				"east": {"uv": [8.125, 0, 8.875, 0.66667], "texture": "#5"},
				"south": {"uv": [8.125, 0, 8.875, 0.66667], "texture": "#5"},
				"west": {"uv": [8.125, 0, 8.875, 0.66667], "texture": "#5"},
				"up": {"uv": [8.125, 0, 8.875, 0.54167], "texture": "#5"},
				"down": {"uv": [8.125, 0, 9, 0.66667], "texture": "#5"}
			}
		},
		{
			"from": [-1, 4.75, 11],
			"to": [-0.5, 6.5, 11.5],
			"faces": {
				"north": {"uv": [8.125, 0, 8.875, 0.66667], "texture": "#5"},
				"east": {"uv": [8.125, 0, 8.875, 0.66667], "texture": "#5"},
				"south": {"uv": [8.125, 0, 8.875, 0.66667], "texture": "#5"},
				"west": {"uv": [8.125, 0, 8.875, 0.66667], "texture": "#5"},
				"up": {"uv": [8.125, 0, 8.875, 0.54167], "texture": "#5"},
				"down": {"uv": [8.125, 0, 9, 0.66667], "texture": "#5"}
			}
		},
		{
			"from": [-1.25, 0, 4.25],
			"to": [-0.25, 3.5, 5.25],
			"faces": {
				"north": {"uv": [6.125, 3.625, 8.25, 7.41667], "texture": "#5"},
				"east": {"uv": [6.125, 3.625, 8.25, 7.41667], "texture": "#5"},
				"south": {"uv": [6.125, 3.625, 8.25, 7.41667], "texture": "#5"},
				"west": {"uv": [6.125, 3.625, 8.25, 7.41667], "texture": "#5"},
				"up": {"uv": [6.125, 3.625, 8.25, 7.29167], "texture": "#5"},
				"down": {"uv": [6.125, 3.625, 8.375, 7.41667], "texture": "#5"}
			}
		},
		{
			"from": [-1.25, 0, 7.5],
			"to": [-0.25, 2.5, 8.5],
			"faces": {
				"north": {"uv": [8.75, 3.625, 10.875, 7.41667], "texture": "#5"},
				"east": {"uv": [8.75, 3.625, 10.875, 7.41667], "texture": "#5"},
				"south": {"uv": [8.75, 3.625, 10.875, 7.41667], "texture": "#5"},
				"west": {"uv": [8.75, 3.625, 10.875, 7.41667], "texture": "#5"},
				"up": {"uv": [8.75, 3.625, 10.875, 7.29167], "texture": "#5"},
				"down": {"uv": [8.75, 3.625, 11, 7.41667], "texture": "#5"}
			}
		},
		{
			"from": [-1.25, 0, 10.75],
			"to": [-0.25, 3.25, 11.75],
			"faces": {
				"north": {"uv": [11.125, 3.625, 13.25, 7.41667], "texture": "#5"},
				"east": {"uv": [11.125, 3.625, 13.25, 7.41667], "texture": "#5"},
				"south": {"uv": [11.125, 3.625, 13.25, 7.41667], "texture": "#5"},
				"west": {"uv": [11.125, 3.625, 13.25, 7.41667], "texture": "#5"},
				"up": {"uv": [11.125, 3.625, 13.25, 7.29167], "texture": "#5"},
				"down": {"uv": [11.125, 3.625, 13.375, 7.41667], "texture": "#5"}
			}
		},
		{
			"from": [-1.25, 4.25, 7.5],
			"to": [-0.25, 4.75, 8.5],
			"faces": {
				"north": {"uv": [6.125, 0, 6.875, 0.66667], "texture": "#5"},
				"east": {"uv": [6.125, 0, 6.875, 0.66667], "texture": "#5"},
				"south": {"uv": [6.125, 0, 6.875, 0.66667], "texture": "#5"},
				"west": {"uv": [6.125, 0, 6.875, 0.66667], "texture": "#5"},
				"up": {"uv": [6.125, 0, 6.875, 0.54167], "texture": "#5"},
				"down": {"uv": [6.125, 0, 7, 0.66667], "texture": "#5"}
			}
		},
		{
			"from": [-1.25, 4.25, 10.75],
			"to": [-0.25, 4.75, 11.75],
			"faces": {
				"north": {"uv": [6.125, 0, 6.875, 0.66667], "texture": "#5"},
				"east": {"uv": [6.125, 0, 6.875, 0.66667], "texture": "#5"},
				"south": {"uv": [6.125, 0, 6.875, 0.66667], "texture": "#5"},
				"west": {"uv": [6.125, 0, 6.875, 0.66667], "texture": "#5"},
				"up": {"uv": [6.125, 0, 6.875, 0.54167], "texture": "#5"},
				"down": {"uv": [6.125, 0, 7, 0.66667], "texture": "#5"}
			}
		},
		{
			"from": [16.25, 0, 4.25],
			"to": [17.25, 3.25, 5.25],
			"faces": {
				"north": {"uv": [11.125, 3.625, 13.25, 7.41667], "texture": "#5"},
				"east": {"uv": [11.125, 3.625, 13.25, 7.41667], "texture": "#5"},
				"south": {"uv": [11.125, 3.625, 13.25, 7.41667], "texture": "#5"},
				"west": {"uv": [11.125, 3.625, 13.25, 7.41667], "texture": "#5"},
				"up": {"uv": [11.125, 3.625, 13.25, 7.29167], "rotation": 180, "texture": "#5"},
				"down": {"uv": [11.125, 3.625, 13.375, 7.41667], "rotation": 180, "texture": "#5"}
			}
		},
		{
			"from": [16.25, 0, 7.5],
			"to": [17.25, 2.5, 8.5],
			"faces": {
				"north": {"uv": [8.75, 3.625, 10.875, 7.41667], "texture": "#5"},
				"east": {"uv": [8.75, 3.625, 10.875, 7.41667], "texture": "#5"},
				"south": {"uv": [8.75, 3.625, 10.875, 7.41667], "texture": "#5"},
				"west": {"uv": [8.75, 3.625, 10.875, 7.41667], "texture": "#5"},
				"up": {"uv": [8.75, 3.625, 10.875, 7.29167], "rotation": 180, "texture": "#5"},
				"down": {"uv": [8.75, 3.625, 11, 7.41667], "rotation": 180, "texture": "#5"}
			}
		},
		{
			"from": [16.25, 0, 10.75],
			"to": [17.25, 3.5, 11.75],
			"faces": {
				"north": {"uv": [6.125, 3.625, 8.25, 7.41667], "texture": "#5"},
				"east": {"uv": [6.125, 3.625, 8.25, 7.41667], "texture": "#5"},
				"south": {"uv": [6.125, 3.625, 8.25, 7.41667], "texture": "#5"},
				"west": {"uv": [6.125, 3.625, 8.25, 7.41667], "texture": "#5"},
				"up": {"uv": [6.125, 3.625, 8.25, 7.29167], "rotation": 180, "texture": "#5"},
				"down": {"uv": [6.125, 3.625, 8.375, 7.41667], "rotation": 180, "texture": "#5"}
			}
		},
		{
			"from": [15.75, 0, 10.25],
			"to": [17.75, 4.5, 12.25],
			"faces": {
				"north": {"uv": [0, 1, 2.875, 7.54167], "texture": "#5"},
				"east": {"uv": [0, 1, 2.875, 7.54167], "texture": "#5"},
				"south": {"uv": [0, 1, 2.875, 7.54167], "texture": "#5"},
				"west": {"uv": [0, 1, 2.875, 7.54167], "texture": "#5"},
				"up": {"uv": [0, 1, 2.875, 7.41667], "rotation": 180, "texture": "#5"},
				"down": {"uv": [0, 1, 3, 7.54167], "rotation": 180, "texture": "#5"}
			}
		},
		{
			"from": [15.75, 0, 7],
			"to": [17.75, 4.5, 9],
			"faces": {
				"north": {"uv": [0, 1, 2.875, 7.54167], "texture": "#5"},
				"east": {"uv": [0, 1, 2.875, 7.54167], "texture": "#5"},
				"south": {"uv": [0, 1, 2.875, 7.54167], "texture": "#5"},
				"west": {"uv": [0, 1, 2.875, 7.54167], "texture": "#5"},
				"up": {"uv": [0, 1, 2.875, 7.41667], "rotation": 180, "texture": "#5"},
				"down": {"uv": [0, 1, 3, 7.54167], "rotation": 180, "texture": "#5"}
			}
		},
		{
			"from": [15.75, 0, 3.75],
			"to": [17.75, 4.5, 5.75],
			"faces": {
				"north": {"uv": [0, 1, 2.875, 7.54167], "texture": "#5"},
				"east": {"uv": [0, 1, 2.875, 7.54167], "texture": "#5"},
				"south": {"uv": [0, 1, 2.875, 7.54167], "texture": "#5"},
				"west": {"uv": [0, 1, 2.875, 7.54167], "texture": "#5"},
				"up": {"uv": [0, 1, 2.875, 7.41667], "rotation": 180, "texture": "#5"},
				"down": {"uv": [0, 1, 3, 7.54167], "rotation": 180, "texture": "#5"}
			}
		},
		{
			"from": [16.5, 4.75, 11],
			"to": [17, 6.5, 11.5],
			"faces": {
				"north": {"uv": [8.125, 0, 8.875, 0.66667], "texture": "#5"},
				"east": {"uv": [8.125, 0, 8.875, 0.66667], "texture": "#5"},
				"south": {"uv": [8.125, 0, 8.875, 0.66667], "texture": "#5"},
				"west": {"uv": [8.125, 0, 8.875, 0.66667], "texture": "#5"},
				"up": {"uv": [8.125, 0, 8.875, 0.54167], "rotation": 180, "texture": "#5"},
				"down": {"uv": [8.125, 0, 9, 0.66667], "rotation": 180, "texture": "#5"}
			}
		},
		{
			"from": [15.25, 6.25, 11],
			"to": [17, 6.75, 11.5],
			"faces": {
				"north": {"uv": [8.125, 0, 8.875, 0.66667], "texture": "#5"},
				"east": {"uv": [8.125, 0, 8.875, 0.66667], "texture": "#5"},
				"south": {"uv": [8.125, 0, 8.875, 0.66667], "texture": "#5"},
				"west": {"uv": [8.125, 0, 8.875, 0.66667], "texture": "#5"},
				"up": {"uv": [8.125, 0, 8.875, 0.54167], "rotation": 180, "texture": "#5"},
				"down": {"uv": [8.125, 0, 9, 0.66667], "rotation": 180, "texture": "#5"}
			}
		},
		{
			"from": [15.25, 6.25, 7.75],
			"to": [17, 6.75, 8.25],
			"faces": {
				"north": {"uv": [8.125, 0, 8.875, 0.66667], "texture": "#5"},
				"east": {"uv": [8.125, 0, 8.875, 0.66667], "texture": "#5"},
				"south": {"uv": [8.125, 0, 8.875, 0.66667], "texture": "#5"},
				"west": {"uv": [8.125, 0, 8.875, 0.66667], "texture": "#5"},
				"up": {"uv": [8.125, 0, 8.875, 0.54167], "rotation": 180, "texture": "#5"},
				"down": {"uv": [8.125, 0, 9, 0.66667], "rotation": 180, "texture": "#5"}
			}
		},
		{
			"from": [15.25, 6.25, 4.5],
			"to": [17, 6.75, 5],
			"faces": {
				"north": {"uv": [8.125, 0, 8.875, 0.66667], "texture": "#5"},
				"east": {"uv": [8.125, 0, 8.875, 0.66667], "texture": "#5"},
				"south": {"uv": [8.125, 0, 8.875, 0.66667], "texture": "#5"},
				"west": {"uv": [8.125, 0, 8.875, 0.66667], "texture": "#5"},
				"up": {"uv": [8.125, 0, 8.875, 0.54167], "rotation": 180, "texture": "#5"},
				"down": {"uv": [8.125, 0, 9, 0.66667], "rotation": 180, "texture": "#5"}
			}
		},
		{
			"from": [16.5, 4.75, 4.5],
			"to": [17, 6.5, 5],
			"faces": {
				"north": {"uv": [8.125, 0, 8.875, 0.66667], "texture": "#5"},
				"east": {"uv": [8.125, 0, 8.875, 0.66667], "texture": "#5"},
				"south": {"uv": [8.125, 0, 8.875, 0.66667], "texture": "#5"},
				"west": {"uv": [8.125, 0, 8.875, 0.66667], "texture": "#5"},
				"up": {"uv": [8.125, 0, 8.875, 0.54167], "rotation": 180, "texture": "#5"},
				"down": {"uv": [8.125, 0, 9, 0.66667], "rotation": 180, "texture": "#5"}
			}
		},
		{
			"from": [16.5, 4.75, 7.75],
			"to": [17, 6.5, 8.25],
			"faces": {
				"north": {"uv": [8.125, 0, 8.875, 0.66667], "texture": "#5"},
				"east": {"uv": [8.125, 0, 8.875, 0.66667], "texture": "#5"},
				"south": {"uv": [8.125, 0, 8.875, 0.66667], "texture": "#5"},
				"west": {"uv": [8.125, 0, 8.875, 0.66667], "texture": "#5"},
				"up": {"uv": [8.125, 0, 8.875, 0.54167], "rotation": 180, "texture": "#5"},
				"down": {"uv": [8.125, 0, 9, 0.66667], "rotation": 180, "texture": "#5"}
			}
		},
		{
			"from": [16.25, 4.25, 7.5],
			"to": [17.25, 4.75, 8.5],
			"faces": {
				"north": {"uv": [6.125, 0, 6.875, 0.66667], "texture": "#5"},
				"east": {"uv": [6.125, 0, 6.875, 0.66667], "texture": "#5"},
				"south": {"uv": [6.125, 0, 6.875, 0.66667], "texture": "#5"},
				"west": {"uv": [6.125, 0, 6.875, 0.66667], "texture": "#5"},
				"up": {"uv": [6.125, 0, 6.875, 0.54167], "rotation": 180, "texture": "#5"},
				"down": {"uv": [6.125, 0, 7, 0.66667], "rotation": 180, "texture": "#5"}
			}
		},
		{
			"from": [16.25, 4.25, 10.75],
			"to": [17.25, 4.75, 11.75],
			"faces": {
				"north": {"uv": [6.125, 0, 6.875, 0.66667], "texture": "#5"},
				"east": {"uv": [6.125, 0, 6.875, 0.66667], "texture": "#5"},
				"south": {"uv": [6.125, 0, 6.875, 0.66667], "texture": "#5"},
				"west": {"uv": [6.125, 0, 6.875, 0.66667], "texture": "#5"},
				"up": {"uv": [6.125, 0, 6.875, 0.54167], "rotation": 180, "texture": "#5"},
				"down": {"uv": [6.125, 0, 7, 0.66667], "rotation": 180, "texture": "#5"}
			}
		},
		{
			"from": [16.25, 4.25, 4.25],
			"to": [17.25, 4.75, 5.25],
			"faces": {
				"north": {"uv": [6.125, 0, 6.875, 0.66667], "texture": "#5"},
				"east": {"uv": [6.125, 0, 6.875, 0.66667], "texture": "#5"},
				"south": {"uv": [6.125, 0, 6.875, 0.66667], "texture": "#5"},
				"west": {"uv": [6.125, 0, 6.875, 0.66667], "texture": "#5"},
				"up": {"uv": [6.125, 0, 6.875, 0.54167], "rotation": 180, "texture": "#5"},
				"down": {"uv": [6.125, 0, 7, 0.66667], "rotation": 180, "texture": "#5"}
			}
		},
		{
			"from": [14.25, 6, 4.25],
			"to": [15.25, 7, 5.25],
			"faces": {
				"north": {"uv": [6.125, 0, 6.875, 0.66667], "texture": "#5"},
				"east": {"uv": [6.125, 0, 6.875, 0.66667], "texture": "#5"},
				"south": {"uv": [6.125, 0, 6.875, 0.66667], "texture": "#5"},
				"west": {"uv": [6.125, 0, 6.875, 0.66667], "texture": "#5"},
				"up": {"uv": [6.125, 0, 6.875, 0.54167], "rotation": 180, "texture": "#5"},
				"down": {"uv": [6.125, 0, 7, 0.66667], "rotation": 180, "texture": "#5"}
			}
		},
		{
			"from": [14, 5.5, 3.75],
			"to": [15, 7.5, 5.75],
			"faces": {
				"north": {"uv": [4, 0, 4.75, 0.66667], "texture": "#5"},
				"east": {"uv": [4, 0, 4.75, 0.66667], "texture": "#5"},
				"south": {"uv": [4, 0, 4.75, 0.66667], "texture": "#5"},
				"west": {"uv": [4, 0, 4.75, 0.66667], "texture": "#5"},
				"up": {"uv": [4, 0, 4.75, 0.54167], "rotation": 180, "texture": "#5"},
				"down": {"uv": [4, 0, 4.875, 0.66667], "rotation": 180, "texture": "#5"}
			}
		},
		{
			"from": [14.25, 6, 7.5],
			"to": [15.25, 7, 8.5],
			"faces": {
				"north": {"uv": [6.125, 0, 6.875, 0.66667], "texture": "#5"},
				"east": {"uv": [6.125, 0, 6.875, 0.66667], "texture": "#5"},
				"south": {"uv": [6.125, 0, 6.875, 0.66667], "texture": "#5"},
				"west": {"uv": [6.125, 0, 6.875, 0.66667], "texture": "#5"},
				"up": {"uv": [6.125, 0, 6.875, 0.54167], "rotation": 180, "texture": "#5"},
				"down": {"uv": [6.125, 0, 7, 0.66667], "rotation": 180, "texture": "#5"}
			}
		},
		{
			"from": [14, 5.5, 7],
			"to": [15, 7.5, 9],
			"faces": {
				"north": {"uv": [4, 0, 4.75, 0.66667], "texture": "#5"},
				"east": {"uv": [4, 0, 4.75, 0.66667], "texture": "#5"},
				"south": {"uv": [4, 0, 4.75, 0.66667], "texture": "#5"},
				"west": {"uv": [4, 0, 4.75, 0.66667], "texture": "#5"},
				"up": {"uv": [4, 0, 4.75, 0.54167], "rotation": 180, "texture": "#5"},
				"down": {"uv": [4, 0, 4.875, 0.66667], "rotation": 180, "texture": "#5"}
			}
		},
		{
			"from": [14.25, 6, 10.75],
			"to": [15.25, 7, 11.75],
			"faces": {
				"north": {"uv": [6.125, 0, 6.875, 0.66667], "texture": "#5"},
				"east": {"uv": [6.125, 0, 6.875, 0.66667], "texture": "#5"},
				"south": {"uv": [6.125, 0, 6.875, 0.66667], "texture": "#5"},
				"west": {"uv": [6.125, 0, 6.875, 0.66667], "texture": "#5"},
				"up": {"uv": [6.125, 0, 6.875, 0.54167], "rotation": 180, "texture": "#5"},
				"down": {"uv": [6.125, 0, 7, 0.66667], "rotation": 180, "texture": "#5"}
			}
		},
		{
			"from": [14, 5.5, 10.25],
			"to": [15, 7.5, 12.25],
			"faces": {
				"north": {"uv": [4, 0, 4.75, 0.66667], "texture": "#5"},
				"east": {"uv": [4, 0, 4.75, 0.66667], "texture": "#5"},
				"south": {"uv": [4, 0, 4.75, 0.66667], "texture": "#5"},
				"west": {"uv": [4, 0, 4.75, 0.66667], "texture": "#5"},
				"up": {"uv": [4, 0, 4.75, 0.54167], "rotation": 180, "texture": "#5"},
				"down": {"uv": [4, 0, 4.875, 0.66667], "rotation": 180, "texture": "#5"}
			}
		},
		{
			"from": [4, 0.5, 0],
			"to": [16.25, 8.75, 1],
			"faces": {
				"north": {"uv": [0, 0, 16, 16], "texture": "#4"},
				"east": {"uv": [0, 0, 4.16667, 0.66667], "texture": "#4"},
				"south": {"uv": [2.33333, 1, 10.5, 1.83333], "texture": "#4"},
				"west": {"uv": [0, 0, 4.16667, 0.66667], "texture": "#4"},
				"up": {"uv": [0, 0, 4.16667, 0.66667], "texture": "#4"},
				"down": {"uv": [0, 0, 4.16667, 0.66667], "texture": "#4"}
			}
		},
		{
			"from": [4, 0, -7.75],
			"to": [16.25, 1, 0.5],
			"faces": {
				"north": {"uv": [0, 0, 4.16667, 0.66667], "rotation": 180, "texture": "#7"},
				"east": {"uv": [0, 0, 4.16667, 0.66667], "rotation": 270, "texture": "#7"},
				"south": {"uv": [0, 0, 4.16667, 0.66667], "texture": "#7"},
				"west": {"uv": [0, 0, 4.16667, 0.66667], "rotation": 90, "texture": "#7"},
				"up": {"uv": [0, 0, 16, 16], "rotation": 180, "texture": "#7"},
				"down": {"uv": [2.33333, 1, 10.5, 1.83333], "texture": "#7"}
			}
		},
		{
			"from": [1.5, 1, 2.5],
			"to": [14.5, 12, 13.5],
			"faces": {
				"north": {"uv": [0, 0, 16, 16], "texture": "#6"},
				"east": {"uv": [0, 0, 16, 16], "texture": "#6"},
				"south": {"uv": [0, 0, 16, 16], "texture": "#6"},
				"west": {"uv": [0, 0, 16, 16], "texture": "#6"},
				"up": {"uv": [0, 0, 16, 16], "texture": "#6"},
				"down": {"uv": [0, 0, 16, 16], "texture": "#6"}
			}
		},
		{
			"from": [2.5, 1, 1.5],
			"to": [13.5, 12, 14.5],
			"faces": {
				"north": {"uv": [0, 0, 16, 16], "texture": "#6"},
				"east": {"uv": [0, 0, 16, 16], "texture": "#6"},
				"south": {"uv": [0, 0, 16, 16], "texture": "#6"},
				"west": {"uv": [0, 0, 16, 16], "texture": "#6"},
				"up": {"uv": [0, 0, 16, 16], "texture": "#6"},
				"down": {"uv": [0, 0, 16, 16], "texture": "#6"}
			}
		},
		{
			"from": [2.5, 0, 2.5],
			"to": [13.5, 13, 13.5],
			"faces": {
				"north": {"uv": [0, 0, 16, 16], "texture": "#6"},
				"east": {"uv": [0, 0, 16, 16], "texture": "#6"},
				"south": {"uv": [0, 0, 16, 16], "texture": "#6"},
				"west": {"uv": [0, 0, 16, 16], "texture": "#6"},
				"up": {"uv": [0, 0, 16, 16], "texture": "#6"},
				"down": {"uv": [0, 0, 16, 16], "texture": "#6"}
			}
		}
	],
	"display": {
		"thirdperson_righthand": {
			"rotation": [4, -180, 0],
			"translation": [0, 3, 0.5],
			"scale": [0.35, 0.35, 0.35]
		},
		"thirdperson_lefthand": {
			"rotation": [4, -180, 0],
			"translation": [0, 3, 0.5],
			"scale": [0.35, 0.35, 0.35]
		},
		"firstperson_righthand": {
			"rotation": [0, -180, 0],
			"translation": [0, 3, 0.5],
			"scale": [0.4, 0.4, 0.4]
		},
		"firstperson_lefthand": {
			"rotation": [0, -180, 0],
			"translation": [0, 3, 0.5],
			"scale": [0.4, 0.4, 0.4]
		},
		"ground": {
			"rotation": [0, -180, 0],
			"translation": [0, 2.25, 0.5],
			"scale": [0.45, 0.45, 0.45]
		},
		"gui": {
			"rotation": [37, -135, 0],
			"translation": [-1, 2.25, 1.25],
			"scale": [0.63, 0.63, 0.63]
		},
		"head": {
			"rotation": [0, -180, 0],
			"translation": [0, -13, 0.5],
			"scale": [2.5, 2.5, 2.5]
		},
		"fixed": {
			"rotation": [0, -180, 0],
			"translation": [0, -0.5, 0.5],
			"scale": [0.4, 0.4, 0.4]
		}
	},
	"groups": [
		{
			"name": "group",
			"origin": [0, 0, 0],
			"color": 0,
			"children": [
				0,
				1,
				2,
				3,
				4,
				5,
				6,
				7,
				8,
				9,
				10,
				11,
				12,
				13,
				14,
				15,
				16,
				17,
				18,
				19,
				20,
				21,
				22,
				23,
				24,
				25,
				26,
				27,
				28,
				29,
				30,
				31,
				32,
				33,
				34,
				35,
				36,
				37,
				38,
				39,
				40,
				41,
				42,
				43,
				44,
				45,
				46,
				47,
				48
			]
		},
		{
			"name": "group",
			"origin": [0, 0, 0],
			"color": 0,
			"children": []
		},
		{
			"name": "group",
			"origin": [0, 0, 0],
			"color": 0,
			"children": []
		},
		49,
		50,
		51,
		52,
		53
	]
}