{
    "type": "minecraft:crafting_shapeless",
    "ingredients": [
        "minecraft:tnt",
        "minecraft:end_crystal"
    ],
    "result": {
        "id": "minecraft:strider_spawn_egg",
        "components": {
        "minecraft:custom_model_data": {"floats":[103]},
        "entity_data": "{id:armor_stand,Invisible:1b,NoBasePlate:1b,Small:1b,CustomName:'[{\"text\":\"00:00\",\"color\":\"red\"}]',CustomNameVisible:1b,Invulnerable:1b,NoGravity:1b,PersistenceRequired:1b,Tags:[bbs_bomb3,bbs_bomb],DisabledSlots:4144959}",
        "minecraft:damage": 0,
        "!minecraft:max_damage": {},
        "minecraft:max_stack_size": 64,
        "minecraft:lore": [
            "[\"\",{\"text\":\"Power : \",\"italic\":false,\"color\":\"gray\"},{\"text\":\"20\",\"italic\":false,\"color\":\"red\"}]",
            "[\"\",{\"text\":\"Delay : \",\"italic\":false,\"color\":\"gray\"},{\"text\":\"10s\",\"italic\":false,\"color\":\"green\"}]"
        ],
        "minecraft:item_name": "{\"text\":\"Atomic Bomb\",\"italic\":false}"
        },
        "count": 1
    }
}