{
    "type": "minecraft:crafting_shapeless",
    "ingredients": [
        "minecraft:tnt",
        "minecraft:redstone"
    ],
    "result": {
        "id": "minecraft:strider_spawn_egg",
        "components": {
        "minecraft:custom_model_data": 100,
        "entity_data": "{id:armor_stand,Invisible:1b,NoBasePlate:1b,Small:1b,Invulnerable:1b,NoGravity:1b,PersistenceRequired:1b,Tags:[bbs_lit_tnt],DisabledSlots:4144959}",
        "minecraft:damage": 0,
        "!minecraft:max_damage": {},
        "minecraft:max_stack_size": 64,
        "minecraft:item_name": "{\"text\":\"Lit TNT\",\"italic\":false}"
        },
        "count": 1
    }
}